model,init,seed,n,eps,coarse_grid,k_fine,steps,energy_rel_drift,virial_0,virial_f,coarse_g4_0,coarse_g8_0,coarse_g16_0,fine_knn_all_0,fine_pk_0,fine_close_0,fine_vel_disp_0,fine_fof_0,d_coarse_g8_early,d_coarse_g8_mid,d_coarse_g8_late,d_coarse_g4_early,d_coarse_g4_late,d_coarse_g16_early,d_coarse_g16_late,d_hmr_early,d_hmr_late,status,message
direct_isolated,bimodal3d,2000,256,0.02,8,16,600,0.00151422797167458,2.629081979277472,6.820200484059724,48.4990234375,6.6132659912109375,0.4605100154876709,6267.1292952991,535297720.5890887,0.04375836419657029,2.12631600876034,124,-5.890522003173828,-6.1838226318359375,-6.3400726318359375,-29.040283203125,-44.6083984375,-0.40481406450271606,-0.4403111934661865,0.20606921274025236,1.3566668867219152,ok,
direct_isolated,bimodal3d,2001,256,0.02,8,16,600,0.000588951497718691,2.8813779912064246,10.448759810240478,47.009521484375,6.445217132568359,0.3895553946495056,4329.568985176603,360358690.0630001,0.03266932270916335,2.0342538698355304,139,-5.826625823974609,-6.149261474609375,-6.209438323974609,-33.294677734375,-43.825927734375,-0.33441871404647827,-0.37311500310897827,0.2688805954105028,2.2344660984437477,ok,
direct_isolated,bimodal3d,2002,256,0.02,8,16,600,0.001180060252517989,3.1600971977922905,14.401778308065934,47.65234375,6.01165771484375,0.3687734603881836,5030.195393555298,425285177.172945,0.03658382343641308,2.2077756098942984,147,-5.465457916259766,-5.65966796875,-5.927433013916016,-36.086181640625,-46.433837890625,-0.31620222330093384,-0.36077409982681274,0.2755793754138953,2.753075689585142,ok,
direct_isolated,bimodal3d,2003,256,0.02,8,16,600,0.0006879572288335411,3.2363796274392067,16.477072567428767,43.515625,5.300537109375,0.3391075134277344,3743.683912079588,345685273.05333626,0.02961342562361238,2.1128735512716608,134,-4.665378570556641,-5.1140289306640625,-5.279514312744141,-32.162353515625,-43.342041015625,-0.2860007882118225,-0.3364291787147522,0.3198083575431918,2.823097736884827,ok,
direct_isolated,bimodal3d,2004,256,0.02,8,16,600,0.0012956234394537753,2.6964565906687787,7.956055006918088,47.71484375,6.39056396484375,0.4722890853881836,7573.891573810708,718334739.7772815,0.05030670966925947,2.158190716685068,132,-5.612216949462891,-5.752628326416016,-5.99310302734375,-32.228759765625,-41.74609375,-0.41200119256973267,-0.4463033676147461,0.22451006217484448,2.2051406573820085,ok,
direct_isolated,bimodal3d,2005,256,0.02,8,16,600,0.0005284868296257156,3.1093334410552744,13.854440206863957,50.452880859375,6.164058685302734,0.3635558485984802,4680.013588433919,428046662.9488158,0.033132623127991354,2.176276942565377,138,-5.458003997802734,-5.938472747802734,-6.004058837890625,-35.202880859375,-48.791015625,-0.3085173964500427,-0.349794864654541,0.28285173165023214,2.6494587573099864,ok,
direct_isolated,bimodal3d,2006,256,0.02,8,16,600,0.000598930743043853,3.11204169610003,15.265800821305385,48.4677734375,5.6796722412109375,0.3364865779876709,4222.901825147674,408242937.29824114,0.03046901745977405,2.149291865682702,168,-5.098316192626953,-5.503864288330078,-5.587635040283203,-37.776611328125,-47.749267578125,-0.28245049715042114,-0.32848721742630005,0.30790622869263395,2.5075975413779705,ok,
direct_isolated,bimodal3d,2007,256,0.02,8,16,600,0.0022675058054950595,2.525286178990863,5.4594489190728055,48.734130859375,6.496089935302734,0.3762511610984802,7931.927226155547,702305844.1892469,0.046472132159950594,2.0641459339076054,139,-5.7786865234375,-5.9881591796875,-5.722652435302734,-34.1171875,-30.952880859375,-0.32143211364746094,-0.3396911025047302,0.24489245131769033,1.8319980424112314,ok,
direct_isolated,bimodal3d,2008,256,0.02,8,16,600,0.0008961542805439324,3.4919415102664915,19.3564340732314,46.0849609375,5.4295501708984375,0.3532083034515381,5349.273766014853,533849807.8548697,0.03193574297188755,2.2801721770504577,131,-4.865070343017578,-5.215290069580078,-5.287738800048828,-34.505126953125,-43.118408203125,-0.30267077684402466,-0.34278327226638794,0.3512036345803887,3.148293778006147,ok,
direct_isolated,bimodal3d,2009,256,0.02,8,16,600,0.001366184613676877,2.8451855959010826,9.130290338907633,47.6162109375,6.2811126708984375,0.4664895534515381,5852.58174263034,448547875.5025021,0.04279518072289157,2.1699396326750855,105,-5.5292205810546875,-5.909809112548828,-5.915283203125,-34.4326171875,-40.734375,-0.4057910442352295,-0.4424018859863281,0.22499846457046702,2.362890466299058,ok,
direct_isolated,bimodal3d,2010,256,0.02,8,16,600,0.0014124350308352728,2.603825853269346,7.027273645434473,47.294677734375,6.601528167724609,0.465667188167572,5498.705352215485,422541095.718225,0.04009034443817053,2.0774398055446763,129,-5.860317230224609,-6.072475433349609,-6.19586181640625,-29.763427734375,-42.25390625,-0.4037927985191345,-0.43494510650634766,0.19959227831566084,2.104256496406581,ok,
direct_isolated,bimodal3d,2011,256,0.02,8,16,600,0.0014570934007836532,2.6871667284105394,7.664143987356545,47.450927734375,6.179653167724609,0.428557813167572,5968.488373852053,534320158.7740754,0.04216073781291173,2.088137708391837,136,-5.45989990234375,-5.891632080078125,-5.87103271484375,-32.68359375,-42.87109375,-0.3721761703491211,-0.4071645736694336,0.24744244980261243,1.8652735781089924,ok,
direct_isolated,bimodal3d,2012,256,0.02,8,16,600,0.0008368532103746314,3.2123215829131366,15.535480713624708,49.27734375,5.83587646484375,0.3702383041381836,4701.563496876128,462691518.2282865,0.033832922279137416,2.190498817861189,179,-5.181186676025391,-5.607578277587891,-5.771671295166016,-34.767822265625,-48.340087890625,-0.31761986017227173,-0.362246572971344,0.2634296803556718,2.8512745881870565,ok,
direct_isolated,bimodal3d,2013,256,0.02,8,16,600,0.0002999714356532008,3.0508404240025424,13.537183328337555,44.478271484375,5.523342132568359,0.3519577383995056,3869.778712768703,330560193.39719975,0.028334661354581674,2.0924722354784553,127,-4.971599578857422,-5.33306884765625,-5.410564422607422,-33.822998046875,-43.322998046875,-0.2995135188102722,-0.34177273511886597,0.3328880843091948,2.5453260045166823,ok,
direct_isolated,bimodal3d,2014,256,0.02,8,16,600,0.0003961694363258544,3.0903285164949503,13.640829473018103,50.58984375,6.10540771484375,0.4083242416381836,4087.1312104101034,364962460.75518286,0.03187250996015936,2.1573915095783343,178,-5.416904449462891,-5.756595611572266,-5.766117095947266,-35.978759765625,-47.078369140625,-0.35194259881973267,-0.389625608921051,0.3201115616454018,2.919253404642128,ok,
direct_isolated,bimodal3d,2015,256,0.02,8,16,600,0.0005921919697308113,3.2481058114054515,15.99755820867191,43.978271484375,5.796779632568359,0.3910202383995056,4332.886640704301,427864408.14175844,0.032,2.217098455694524,135,-5.328029632568359,-5.623748779296875,-5.693508148193359,-35.478271484375,-42.712646484375,-0.3434128165245056,-0.38086169958114624,0.29648225646391135,2.578142782131975,ok,
direct_isolated,bimodal3d,2016,256,0.02,8,16,600,0.0007153707173667593,3.2349855527438858,16.869813835334362,45.578125,5.816162109375,0.3996543884277344,4384.103412204116,378391843.19892,0.03405380697401071,2.156818494504737,103,-5.2143707275390625,-5.500339508056641,-5.6750640869140625,-33.3447265625,-43.7978515625,-0.34880852699279785,-0.3889658451080322,0.3261585732135238,3.1909750732705713,ok,
direct_isolated,bimodal3d,2017,256,0.02,8,16,600,0.0004661896646229362,3.2068872793348135,17.798455000700244,46.575927734375,5.984340667724609,0.389983594417572,4405.489466067694,382329471.67317414,0.03303218520609825,2.222324739687913,130,-5.52978515625,-5.82769775390625,-5.930084228515625,-38.65625,-46.119140625,-0.33780670166015625,-0.38294076919555664,0.3558992149842721,2.942422463334066,ok,
direct_isolated,bimodal3d,2018,256,0.02,8,16,600,0.0011154419080777619,2.8139719059462593,9.2649410510149,48.9677734375,5.7187347412109375,0.4395139217376709,6442.153449678135,543001825.7808107,0.04335377050200741,2.082491915566254,127,-5.059192657470703,-5.304462432861328,-5.266132354736328,-35.616455078125,-39.298095703125,-0.38279134035110474,-0.4136126637458801,0.23379395196453678,2.3704093857384567,ok,
direct_isolated,bimodal3d,2019,256,0.02,8,16,600,0.0009964154901159156,2.783714512106266,9.663863276748343,46.950927734375,5.589809417724609,0.394866406917572,5172.338281713732,452154509.02528816,0.03801995106342933,2.088313530668238,137,-4.975124359130859,-5.317409515380859,-5.465053558349609,-32.486083984375,-44.497802734375,-0.3368000388145447,-0.37991660833358765,0.27674577560436875,2.0999878842639523,ok,
direct_isolated,bimodal3d,2020,256,0.02,8,16,600,0.0004635020855077314,3.3482845213099597,16.841541611926875,44.0224609375,5.4139251708984375,0.3292825222015381,3575.5916903891703,347234924.32005036,0.02702008032128514,2.1042468869694364,122,-4.896869659423828,-5.2010955810546875,-5.301471710205078,-35.071533203125,-42.341064453125,-0.2771056294441223,-0.32175761461257935,0.3453308121117755,2.6776814699644937,ok,
direct_isolated,bimodal3d,2021,256,0.02,8,16,600,0.0009249029563418987,2.685108550211927,7.47895256028311,47.103271484375,6.304592132568359,0.4393600821495056,6408.694973069673,549483400.0098311,0.0447808764940239,2.103549722166094,126,-5.527069091796875,-5.264324188232422,-5.806243896484375,-29.919921875,-36.755859375,-0.38244199752807617,-0.41060781478881836,0.16723606626222975,1.8690674451092923,ok,
direct_isolated,bimodal3d,2022,256,0.02,8,16,600,0.0008896759335158746,2.9143681993906427,9.982845482409912,46.359375,6.152099609375,0.4269981384277344,7376.7857390606,640681544.1784672,0.049856340603369464,2.207126014799356,128,-5.2469635009765625,-5.435546875,-5.765903472900391,-29.1806640625,-37.689697265625,-0.3687880039215088,-0.4050031304359436,0.20985881710114962,2.1360634832108825,ok,
direct_isolated,bimodal3d,2023,256,0.02,8,16,600,0.0005749932999855811,3.4025741839143158,17.577332185884405,47.290771484375,5.773342132568359,0.3876022696495056,4933.817773665362,413934634.2017573,0.03668525896414342,2.248680128248116,113,-5.151409149169922,-5.552883148193359,-5.661663055419922,-33.862060546875,-45.393310546875,-0.33400028944015503,-0.3769461512565613,0.3046559165606215,2.7093044255711876,ok,
direct_isolated,bimodal3d,2024,256,0.02,8,16,600,0.00043348090969306575,3.0236145612404783,11.129199666288692,49.7802734375,6.1210784912109375,0.4863889217376709,5860.067156668522,454197685.3881858,0.0421088668264293,2.2087616391163225,124,-5.3848114013671875,-5.636157989501953,-5.9520263671875,-33.5966796875,-47.7734375,-0.4276435375213623,-0.4742870330810547,0.264848350929453,2.2169539664100593,ok,
direct_isolated,bimodal3d,2025,256,0.02,8,16,600,0.000609649523350471,3.048171153503641,10.704999376316682,43.609375,5.531005859375,0.3532676696777344,3555.6042939889617,354105364.1187092,0.028535980148883373,2.033136471897488,127,-4.6967926025390625,-5.0191802978515625,-5.420993804931641,-27.2197265625,-42.615478515625,-0.29329705238342285,-0.3443160653114319,0.21985038401568957,2.1056257919768813,ok,
direct_isolated,bimodal3d,2026,256,0.02,8,16,600,0.0006693139474698768,2.7961729893594724,8.335641811360155,55.1240234375,7.0038909912109375,0.4800412654876709,5326.293092716278,444469646.57398164,0.0377828265537954,2.0620690630940515,165,-6.261962890625,-6.2717132568359375,-6.419605255126953,-37.078125,-39.932861328125,-0.4138221740722656,-0.45666009187698364,0.1963548907053272,1.9731085237257004,ok,
direct_isolated,bimodal3d,2027,256,0.02,8,16,600,0.0013266033852006936,2.7455435351896664,8.382581955152117,48.7490234375,6.4765472412109375,0.4483029842376709,7302.28480036573,605582873.1679739,0.04904920481777723,2.1124414687173805,137,-5.800006866455078,-6.093189239501953,-6.2197265625,-32.716064453125,-44.28125,-0.3911927342414856,-0.4241485595703125,0.23920934967915664,2.0549993734813805,ok,
direct_isolated,bimodal3d,2028,256,0.02,8,16,600,0.001362060523816053,2.799886253929883,7.572511515583425,47.4990234375,6.2031097412109375,0.4155881404876709,6639.243922917683,545294330.5708768,0.042357847561544926,2.0744769217757417,131,-5.464649200439453,-5.4741668701171875,-5.1650238037109375,-34.409423828125,-31.3740234375,-0.35769349336624146,-0.3783719539642334,0.28006460036228853,2.322070988070662,ok,
direct_isolated,bimodal3d,2029,256,0.02,8,16,600,0.0008856654060978034,3.0789541850232682,15.38396789003333,46.8662109375,5.7537689208984375,0.4279153347015381,5106.791095316897,431652924.84670556,0.038779116465863454,2.1812036985544676,118,-5.237842559814453,-5.605915069580078,-5.68212890625,-36.112548828125,-46.125,-0.37941819429397583,-0.42014312744140625,0.3121553918433786,2.8226700659324764,ok,
direct_isolated,cold_clumpy3d,2000,256,0.02,8,16,600,0.0005879552780819941,0.005283522030750174,0.883786507979986,132.53125,13.9609375,0.6474609375,7310.7754416015705,770233341.0759249,0.0524203431372549,0.08911793142172385,101,0.06640625,3.69921875,-0.2513771057128906,34.375,86.677490234375,0.77099609375,0.5696501135826111,-0.2251333156915481,-0.5080268059331516,ok,
direct_isolated,cold_clumpy3d,2001,256,0.02,8,16,600,0.0017079696570992573,0.005316999658242566,0.9186628157222023,125.9375,14.3515625,0.65380859375,7174.514946170245,774878089.7805716,0.05477941176470588,0.08851093213500258,96,-0.078125,-0.3437652587890625,13.392513275146484,42.625,292.542724609375,0.482421875,0.4345082640647888,-0.10378189575646812,-0.48834115508254694,ok,
direct_isolated,cold_clumpy3d,2002,256,0.02,8,16,600,0.002044828187324811,0.005674764555673158,1.0154272241593103,104.875,9.4140625,0.56396484375,6943.405544929168,701707998.790415,0.05183823529411765,0.08863190203419594,68,3.53515625,3.5038719177246094,16.212459564208984,31.8125,239.238037109375,0.451171875,0.4726495146751404,-0.09131733933665775,-0.6710292003952123,ok,
direct_isolated,cold_clumpy3d,2003,256,0.02,8,16,600,0.002368906958508926,0.005321882271746599,0.86369407496585,128.3125,9.69140625,0.6630859375,7309.38089076309,741792753.0675995,0.05180759803921569,0.08493385781157964,87,3.40234375,23.328125,6.98675537109375,58.25,105.93359375,0.2939453125,0.40781307220458984,-0.06105548052412235,-0.5391257640091701,ok,
direct_isolated,cold_clumpy3d,2004,256,0.02,8,16,600,0.004432519662392809,0.00496643778277061,0.8488456492731642,152.59375,14.58984375,0.759765625,7603.623748374284,789651065.1724845,0.05582107843137255,0.089875953851935,158,1.31640625,3.058349609375,7.452877044677734,13.90625,167.562255859375,0.5361328125,1.1608542799949646,-0.07678849544630739,-0.3260643511038005,ok,
direct_isolated,cold_clumpy3d,2005,256,0.02,8,16,600,0.0007389934894119674,0.005174742079013125,0.877688673896729,127.21875,10.99609375,0.74658203125,6978.174167391084,672819753.2473702,0.05196078431372549,0.0871326931056169,105,6.1953125,6.203121185302734,17.82904052734375,60.96875,194.71484375,0.51416015625,0.4763936996459961,-0.13091757363915607,-0.38184545993746355,ok,
direct_isolated,cold_clumpy3d,2006,256,0.02,8,16,600,0.0006326886800494399,0.0052251766730670056,0.9100438817953139,121.90625,11.09765625,0.587890625,7534.406623522045,728834985.1848793,0.055912990196078434,0.08947549922756792,88,14.875,11.542781829833984,8.291732788085938,198.8125,69.0458984375,0.6923828125,0.5083425045013428,-0.14231727814478767,-0.5533069272089527,ok,
direct_isolated,cold_clumpy3d,2007,256,0.02,8,16,600,0.004063951205678474,0.004485406568696849,0.9356830721137412,151.53125,12.4296875,0.63134765625,7730.519758574443,795778044.9566609,0.056372549019607844,0.08264099424760077,112,5.8203125,11.72652816772461,21.00628662109375,69.21875,234.93359375,0.5244140625,0.9854497909545898,-0.16709480393277376,-0.4137664789608473,ok,
direct_isolated,cold_clumpy3d,2008,256,0.02,8,16,600,0.0005795432553156126,0.0056831097925573336,0.7907817032305028,169.34375,18.734375,0.6943359375,8684.27950598433,749314412.7524996,0.06066176470588235,0.09398099455847074,74,-0.78125,14.4140625,-3.0750770568847656,4.1875,99.460693359375,0.69140625,0.15742677450180054,-0.04981237402485006,-0.4974135867042667,ok,
direct_isolated,cold_clumpy3d,2009,256,0.02,8,16,600,0.002751484706117204,0.005787341039617224,0.8835911580974878,155.6875,12.20703125,0.73193359375,8452.302789647743,891408378.1024613,0.05897671568627451,0.08942620706992466,102,5.6953125,2.0703125,6.219448089599609,78.6875,30.529052734375,0.47607421875,-0.025288164615631104,-0.10581099352813328,-0.4738053603927818,ok,
direct_isolated,cold_clumpy3d,2010,256,0.02,8,16,600,0.0017819083399197321,0.00455692643656875,0.8104896096294992,132.875,11.73046875,0.62451171875,7215.61172006987,729341768.7168005,0.05137867647058823,0.08152179894858902,173,13.04296875,17.831893920898438,13.702022552490234,417.4375,338.851318359375,1.06201171875,1.188245713710785,-0.24911985334853828,-0.30495387166979665,ok,
direct_isolated,cold_clumpy3d,2011,256,0.02,8,16,600,0.001107307932460467,0.005097318641060041,0.8765486543801888,173.25,15.59765625,0.63134765625,6590.503922984619,670355889.7241511,0.05064338235294118,0.08869741699434514,118,7.78125,10.15625,15.4560546875,41.25,177.21875,0.498046875,0.7333831787109375,-0.11424442840721832,-0.4332969601842245,ok,
direct_isolated,cold_clumpy3d,2012,256,0.02,8,16,600,0.003484862622397815,0.0054724817334865184,0.8463821510054959,173.625,13.515625,0.56494140625,7469.269626645189,728695468.8336761,0.05193014705882353,0.0911553845971768,132,35.609375,20.433406829833984,15.19769287109375,260.09375,286.46484375,1.48876953125,0.8365240097045898,-0.19140091535733106,-0.3075195810706358,ok,
direct_isolated,cold_clumpy3d,2013,256,0.02,8,16,600,0.0026319366280078598,0.00515088013472016,0.8731419792839419,216.375,16.33203125,0.6396484375,6029.82777019196,633946090.461823,0.04742647058823529,0.08630483368188493,104,3.5234375,5.871059417724609,3.6314353942871094,-24.34375,-18.853759765625,1.3896484375,0.3020719885826111,-0.18478654875251316,-0.5311565947547718,ok,
direct_isolated,cold_clumpy3d,2014,256,0.02,8,16,600,0.00019735159940099218,0.0054979940610818045,0.8338580615669248,125.8125,12.26171875,0.67236328125,7121.438599126474,683838474.1173143,0.0517156862745098,0.08511484675430245,83,0.80078125,1.53515625,3.7053489685058594,1.28125,57.845458984375,0.40283203125,0.38464778661727905,-0.10238103291378176,-0.5204346816235835,ok,
direct_isolated,cold_clumpy3d,2015,256,0.02,8,16,600,0.005880266964246816,0.006012827126173543,0.7951117237446779,84.96875,10.3671875,0.57080078125,7733.279626337118,768590141.78501,0.053952205882352944,0.08924968429635668,87,2.64453125,4.14453125,3.4129600524902344,26.90625,176.945068359375,0.4150390625,0.2404918074607849,-0.04706132833099175,-0.5279766188776318,ok,
direct_isolated,cold_clumpy3d,2016,256,0.02,8,16,600,0.0008522382255541212,0.005474234833084044,0.8281384274874103,196.28125,12.6796875,0.68994140625,7384.208219584891,731515177.0081108,0.05481004901960784,0.08836549605982538,123,3.5117149353027344,4.374996185302734,3.7792320251464844,-4.859619140625,62.792724609375,0.7170714735984802,0.4594106078147888,-0.10121745609857569,-0.4521773882103931,ok,
direct_isolated,cold_clumpy3d,2017,256,0.02,8,16,600,0.0014758251282542365,0.005990769326931258,0.9029077889510009,140.125,13.07421875,0.533203125,6585.184192596721,657562687.3932524,0.04932598039215686,0.0883311658876342,112,-2.40234375,6.5390625,5.720973968505859,7.40625,125.095458984375,0.68310546875,0.29089778661727905,-0.10324251636054038,-0.49138558826048107,ok,
direct_isolated,cold_clumpy3d,2018,256,0.02,8,16,600,0.002879912286809696,0.005417572708529307,0.8820709472682168,115.75,10.453125,0.57470703125,7583.181220654902,734063487.1774755,0.05585171568627451,0.0851790125272335,107,0.39453125,7.5390625,2.6815757751464844,0.5,96.605224609375,0.46435546875,0.2977895140647888,-0.05659141333084261,-0.5644169067452762,ok,
direct_isolated,cold_clumpy3d,2019,256,0.02,8,16,600,0.003024128036513141,0.004653135063920806,0.8940944032804733,191.84375,13.66796875,0.70703125,8528.744290256838,849857473.7348568,0.058333333333333334,0.08580680898487708,126,7.93359375,14.94140625,17.29232406616211,88.28125,101.880615234375,0.841796875,1.489400327205658,-0.19124762037347326,-0.4020681461615031,ok,
direct_isolated,cold_clumpy3d,2020,256,0.02,8,16,600,0.0003822280399149097,0.0042338910511401096,0.904983227893709,134.09375,8.73828125,0.55615234375,7877.5369135958335,824006757.3350823,0.055330882352941174,0.08883990627625661,205,35.1796875,26.765438079833984,23.398056030273438,590.28125,373.8505859375,0.79345703125,0.6248109340667725,-0.22305621950000065,-0.27623027523063265,ok,
direct_isolated,cold_clumpy3d,2021,256,0.02,8,16,600,0.00276160842187076,0.005014898079286688,0.9010386806206667,173.78125,16.4765625,0.630859375,7978.511778082068,821374924.1326758,0.05422794117647059,0.08107894791472815,92,6.5,3.2265625,5.1419525146484375,99.0,139.0537109375,1.255859375,0.8562219142913818,-0.11077670817092156,-0.5541182856150958,ok,
direct_isolated,cold_clumpy3d,2022,256,0.02,8,16,600,0.0019406744702521195,0.00557576486807183,0.8516282870463674,167.6875,17.703125,0.65380859375,8665.580965912706,887633590.4445081,0.060386029411764706,0.09033758976908543,66,-1.0390663146972656,-2.3047027587890625,5.314723968505859,-24.578369140625,64.845458984375,0.6067199110984802,0.633671224117279,-0.12179994861952592,-0.46171859148249583,ok,
direct_isolated,cold_clumpy3d,2023,256,0.02,8,16,600,0.0012986271522731692,0.005639076000384468,0.8929522352980909,144.1875,14.31640625,0.60498046875,6945.366260393494,708866924.667343,0.05,0.08999171152536631,143,0.6875,11.550765991210938,1.3154296875,35.0,107.03125,0.56689453125,0.3212738037109375,-0.10578556603100331,-0.37561229579984046,ok,
direct_isolated,cold_clumpy3d,2024,256,0.02,8,16,600,0.0008167969145355241,0.005826733229831485,0.9176540346920258,132.125,11.68359375,0.6513671875,7106.501119661632,663340105.291546,0.05330882352941176,0.088920527197238,89,0.91796875,9.113094329833984,18.333553314208984,-6.40625,205.581787109375,0.45556640625,0.6459893584251404,-0.0875890813404494,-0.4856507572509752,ok,
direct_isolated,cold_clumpy3d,2025,256,0.02,8,16,600,0.002754589284938722,0.00578836909288682,0.9978027412752928,133.1875,11.9375,0.68212890625,8236.14237520334,814579327.4755594,0.05903799019607843,0.08750589285903568,65,3.8828125,5.117183685302734,9.588741302490234,9.9375,74.632568359375,0.490234375,0.3230113387107849,-0.06954263291711849,-0.6866332777551446,ok,
direct_isolated,cold_clumpy3d,2026,256,0.02,8,16,600,0.001233661004122261,0.005231897050608875,0.9351713030211315,133.09375,11.578125,0.7353515625,7129.30449122067,742074070.7644961,0.0524203431372549,0.08320573596884465,139,0.98046875,0.265625,3.3624229431152344,-12.625,164.773193359375,0.1708984375,0.18525880575180054,-0.11714419688781541,-0.4350171011329109,ok,
direct_isolated,cold_clumpy3d,2027,256,0.02,8,16,600,0.0007652129052108685,0.005500295822192619,0.8851645300119676,148.09375,14.8984375,0.70947265625,7029.459404869411,698270318.2443675,0.050582107843137256,0.08861910387252786,97,2.6171875,4.8671875,-2.7699928283691406,5.59375,124.861083984375,0.4228515625,0.11238902807235718,-0.06457860492138157,-0.42547136546669617,ok,
direct_isolated,cold_clumpy3d,2028,256,0.02,8,16,600,0.00015845138279559678,0.005278074255935428,0.8236147809061664,142.03125,14.9765625,0.6572265625,6825.835078490217,719454736.9932201,0.05088848039215686,0.08817035493545192,100,0.26171875,1.2499961853027344,-4.677158355712891,2.96875,22.927490234375,0.5107421875,0.17902511358261108,-0.10520814737245243,-0.3373058222330163,ok,
direct_isolated,cold_clumpy3d,2029,256,0.02,8,16,600,0.00010135761659649656,0.004796973855570756,0.9002702115961456,151.0625,17.17578125,0.60107421875,7799.015422604046,825399491.6206928,0.05352328431372549,0.08579798453573333,148,-3.3359375,17.062496185302734,7.811855316162109,6.0,188.130615234375,0.4931640625,1.139790952205658,-0.1481888944595472,-0.3664107894298095,ok,
direct_isolated,hernquist3d,2000,256,0.02,8,16,600,0.0005899015983113476,1.7406371572528296,1.5923273386797294,34.732177734375,2.6654930114746094,0.13518470525741577,2180.5968089879575,326097544.4489261,0.01718213058419244,1.2240244830250626,141,0.10931396484375,-0.7099418640136719,0.414703369140625,2.52734375,-1.177734375,0.018736839294433594,-0.030690670013427734,0.08613058254610978,0.4834171793832179,ok,
direct_isolated,hernquist3d,2001,256,0.02,8,16,600,0.00041552679284732636,2.1530566453391367,2.267878842886913,31.3193359375,1.7486419677734375,0.09568190574645996,1064.5207356767444,237108467.91643247,0.012081840811122579,1.150076948970016,133,-0.5210151672363281,-0.14809036254882812,-0.23463821411132812,-8.641845703125,-0.719970703125,-0.019096672534942627,-0.0327494740486145,0.1400954978787634,0.9336221188142952,ok,
direct_isolated,hernquist3d,2002,256,0.02,8,16,600,0.0017570675785762062,2.091411413490109,2.156323238816459,36.915771484375,2.5560569763183594,0.11925357580184937,1389.8168362214985,230182807.9651174,0.013857742510493933,1.2388749239810835,126,-0.12496566772460938,-0.1668701171875,-0.09354782104492188,-7.732177734375,6.278564453125,-0.012786328792572021,-0.032192885875701904,0.19015825718212764,1.2362377386117749,ok,
direct_isolated,hernquist3d,2003,256,0.02,8,16,600,0.006002901830629983,2.0418830050992223,2.069485193970532,35.804443359375,2.3590049743652344,0.10970491170883179,1298.4389638086564,287424070.6391113,0.013739085772984078,1.2091732521139409,122,-0.714691162109375,-0.9420127868652344,-0.5601921081542969,-7.208984375,-2.492919921875,-0.026242733001708984,-0.04033869504928589,0.13403182634802702,0.7226098756682405,ok,
direct_isolated,hernquist3d,2004,256,0.02,8,16,600,0.0005904153797741637,1.7949003994208583,1.6978967053690381,38.6474609375,2.5418548583984375,0.13047575950622559,1845.0101355489176,375706348.0136349,0.016100087166077012,1.2223247176219485,132,-0.4438972473144531,-0.233154296875,0.2540435791015625,-7.987548828125,7.5087890625,0.00102919340133667,-0.009641408920288086,0.13124282912147184,0.3540008600821953,ok,
direct_isolated,hernquist3d,2005,256,0.02,8,16,600,9.13891470480866e-05,2.3694283928827935,2.8030709649005447,27.849365234375,1.9031639099121094,0.08720153570175171,917.9177967734282,229098781.44214237,0.010733789467076768,1.2407952450011146,123,-0.6059379577636719,-1.1729393005371094,-0.8065452575683594,-5.076904296875,-4.259521484375,-0.020972907543182373,-0.042784154415130615,0.12739567244839833,1.17223761291062,ok,
direct_isolated,hernquist3d,2006,256,0.02,8,16,600,0.000779691615461221,2.154737278197028,2.2864205984245682,30.390380859375,2.2260704040527344,0.10109704732894897,1425.9745178548753,313222262.309685,0.013337007440066134,1.2241190852503643,141,-0.048885345458984375,0.5900917053222656,-0.4570884704589844,-0.675537109375,4.386962890625,0.005858480930328369,-0.01547330617904663,0.1078816710489996,1.0002116986111496,ok,
direct_isolated,hernquist3d,2007,256,0.02,8,16,600,9.885514420590874e-05,1.672631013445369,1.5781706322992435,39.390380859375,2.9614219665527344,0.13376611471176147,1393.7546153599806,234678314.0542366,0.013331174438687391,1.1370085186099177,130,0.06847000122070312,0.584716796875,0.8707160949707031,-1.477294921875,23.710205078125,0.010743916034698486,0.008447468280792236,-0.009883664594488084,0.14803872680852292,ok,
direct_isolated,hernquist3d,2008,256,0.02,8,16,600,0.0008754545550889675,2.213795917468453,2.3956305555030615,33.335693359375,2.2886924743652344,0.11751741170883179,2509.3815807069705,366113538.6078792,0.018810991268618387,1.3001766904057317,128,-0.85406494140625,-0.455780029296875,-0.7654991149902344,-8.44140625,-5.945068359375,-0.037880897521972656,-0.06222337484359741,0.21614587023898724,1.0297907530924229,ok,
direct_isolated,hernquist3d,2009,256,0.02,8,16,600,0.0004969546964502387,1.8020573867917873,1.6985882750465315,39.8427734375,2.5829925537109375,0.1383817195892334,1720.6412796962463,278376030.1838189,0.016398696650819933,1.2379299608987802,127,-0.5855293273925781,0.1670074462890625,0.566650390625,-8.739501953125,9.765625,-0.024499237537384033,-0.014095306396484375,0.09562540242876949,0.31448008748962675,ok,
direct_isolated,hernquist3d,2010,256,0.02,8,16,600,7.189833201994478e-05,1.7277221726083205,1.6054528393722969,34.9287109375,2.5477142333984375,0.13514494895935059,1983.248615705289,282537908.50199914,0.01865736704446382,1.1901230845656006,115,-0.4497566223144531,2.163555145263672,0.4239311218261719,-2.893798828125,65.709716796875,-0.00803452730178833,0.044252097606658936,0.12149525684885182,0.7113600970779792,ok,
direct_isolated,hernquist3d,2011,256,0.02,8,16,600,0.0006828955419030459,1.7703126670538085,1.680073582163326,34.325927734375,2.7055320739746094,0.13434547185897827,1858.3301902353387,334901883.5377767,0.016717325227963525,1.1578060013908884,128,-0.49609375,0.75115966796875,0.82501220703125,-0.40625,21.73828125,-0.00341796875,-0.04655742645263672,0.03951869760247062,0.19360555504187305,ok,
direct_isolated,hernquist3d,2012,256,0.02,8,16,600,0.0007457027125216934,2.111441950486072,2.2033690481852575,33.46484375,2.53314208984375,0.1072683334350586,1273.8829234191928,251936790.66421902,0.0132552053703493,1.2355119381099564,130,-0.92083740234375,-1.29931640625,-1.166015625,-6.02734375,-15.03125,-0.030013084411621094,-0.034942626953125,0.11436807024370277,0.8300915265935596,ok,
direct_isolated,hernquist3d,2013,256,0.02,8,16,600,0.0001183857112848765,2.1139875226165485,2.2335983143536318,35.232177734375,2.0610008239746094,0.10114234685897827,1016.0234660502338,254266395.14727485,0.01052572329168074,1.2167675564423384,142,-0.6205711364746094,-1.0180931091308594,-0.9643211364746094,-11.107177734375,-7.575927734375,-0.03023475408554077,-0.04671424627304077,0.13543022897787027,0.9860036989224986,ok,
direct_isolated,hernquist3d,2014,256,0.02,8,16,600,0.00033289263466212943,2.329225577457814,2.6539031252808734,24.0458984375,1.8337249755859375,0.08999228477478027,1322.9137501528555,248693232.6255558,0.01508205434854827,1.233218030958821,124,-0.9036102294921875,-0.9978485107421875,-0.5034980773925781,-0.0185546875,-2.927001953125,-0.03023219108581543,-0.03762179613113403,0.0648402868359218,1.1684433181949871,ok,
direct_isolated,hernquist3d,2015,256,0.02,8,16,600,0.0014643021663884304,2.130168828213011,2.2449078636851105,30.995849609375,2.2531089782714844,0.12520116567611694,1496.427880664867,261119225.92021525,0.015372605536539963,1.2566861372686535,126,-0.8482170104980469,0.02490234375,-0.6986656188964844,-3.801513671875,-6.198974609375,-0.04319113492965698,-0.06648916006088257,0.10976485737185693,0.9463377436003961,ok,
direct_isolated,hernquist3d,2016,256,0.02,8,16,600,0.000515489375573095,1.822495721928179,1.6995182754413118,40.472412109375,2.7376060485839844,0.12776654958724976,1751.5679168362078,285764574.2139547,0.01507537688442211,1.2440578644738336,141,-0.7552452087402344,-0.678863525390625,-0.1900634765625,-5.570068359375,-1.3828125,-0.03661149740219116,-0.03391456604003906,0.14402778630415008,0.5167290735306633,ok,
direct_isolated,hernquist3d,2017,256,0.02,8,16,600,0.0003848383342441902,2.2165870772918788,2.4391507787279547,34.77734375,2.26751708984375,0.0999441146850586,1154.0210954912252,262993062.85193938,0.0132552053703493,1.2766153444859327,135,-0.99114990234375,-0.9210243225097656,-1.1194801330566406,-3.33984375,0.681396484375,-0.032454490661621094,-0.03937298059463501,0.16291867604289445,1.3170673609077226,ok,
direct_isolated,hernquist3d,2018,256,0.02,8,16,600,0.0006263414504962052,2.073261107851316,2.1146084220475907,30.458740234375,2.4034080505371094,0.12590163946151733,1686.8907282899781,281526404.9535995,0.018080387148810325,1.1854234467084361,108,-0.51312255859375,-0.14175033569335938,-0.80133056640625,-7.05859375,-1.22265625,-0.024252891540527344,-0.042000770568847656,0.18107615439566427,0.8947962487571335,ok,
direct_isolated,hernquist3d,2019,256,0.02,8,16,600,0.00021375335077894177,1.8734843518641313,1.8092999441971551,36.577880859375,2.3159141540527344,0.11623376607894897,1546.8428218555118,295271391.52691483,0.01350234224304216,1.199493829449735,139,0.017486572265625,-0.09315109252929688,1.65380859375,1.119140625,28.4375,-0.00869894027709961,-0.00565338134765625,0.0468969727841545,0.8315051804966811,ok,
direct_isolated,hernquist3d,2020,256,0.02,8,16,600,3.6019634855539045e-05,2.181384221415978,2.3272240664964357,33.9208984375,2.0510101318359375,0.10455679893493652,1297.867247346153,289773858.70007,0.01466387354789564,1.2316571482833876,121,-0.5129241943359375,-0.6002197265625,-0.6263008117675781,-4.8271484375,-12.755126953125,-0.027301549911499023,-0.04027301073074341,0.16067691705131493,0.7537858250406783,ok,
direct_isolated,hernquist3d,2021,256,0.02,8,16,600,0.00012922759682041632,1.7411350665882914,1.6268031776580136,40.732177734375,2.6186180114746094,0.13225501775741577,1395.0576246694934,221685067.4243775,0.014062913031985197,1.1896160526896635,139,-0.8857421875,-0.3217430114746094,0.3759498596191406,-4.875,28.982666015625,-0.0306243896484375,-0.04078716039657593,0.08208951894488464,0.29528030333924066,ok,
direct_isolated,hernquist3d,2022,256,0.02,8,16,600,0.0160990933065622,2.002836283933228,2.004548841723656,31.169677734375,2.3422508239746094,0.12262672185897827,1549.496622232827,286586716.1203681,0.016098165034335248,1.2358787514762195,134,-0.4463157653808594,-0.768157958984375,0.7651557922363281,0.201416015625,18.954345703125,-0.03959697484970093,-0.010352790355682373,0.017561055743433918,0.561091761222499,ok,
direct_isolated,hernquist3d,2023,256,0.02,8,16,600,0.0011272501812718849,2.129017436090793,2.231268282640008,36.46484375,2.61907958984375,0.1238698959350586,1510.6001413482213,270440280.7958977,0.014392991239048811,1.2610882402422625,131,-0.5284156799316406,-0.82763671875,-0.5360755920410156,0.134521484375,26.238037109375,-0.022508203983306885,-0.04649263620376587,0.1892897881776191,0.8211281789842537,ok,
direct_isolated,hernquist3d,2024,256,0.02,8,16,600,0.0003309900247604751,1.7898573958425323,1.7182806947931941,41.572021484375,3.4593772888183594,0.15173953771591187,1735.3435664722308,252134076.95041525,0.016523360613280844,1.2343521359604044,135,-0.11562728881835938,-0.08585739135742188,0.490753173828125,0.677978515625,19.126953125,0.013543665409088135,-0.006370067596435547,0.10619267957003042,0.2854712702509502,ok,
direct_isolated,hernquist3d,2025,256,0.02,8,16,600,0.0003840975692195209,1.8199558135168847,1.7466494757630184,35.859130859375,2.5864219665527344,0.12351220846176147,1143.1098061820546,230694888.06981456,0.012521588946459413,1.161483513235251,135,-0.15589523315429688,-0.125335693359375,0.3778724670410156,-4.836669921875,-2.144287109375,-0.0015508532524108887,-0.01774686574935913,0.07798852988783145,0.4311568379648696,ok,
direct_isolated,hernquist3d,2026,256,0.02,8,16,600,7.615513818030078e-06,1.9372889482480466,1.8944263088160975,38.8427734375,2.6689300537109375,0.1076200008392334,1017.1120606781827,227641796.9021306,0.009561455050478073,1.1915165006937385,145,-0.6030158996582031,-1.0884246826171875,-0.6817207336425781,-7.983642578125,11.447998046875,-0.009940922260284424,-0.03747683763504028,0.10600422999933995,0.9048870127930237,ok,
direct_isolated,hernquist3d,2027,256,0.02,8,16,600,0.0001089596256622811,1.8409638908226416,1.7788845483571984,33.296630859375,2.6674766540527344,0.15724939107894897,2000.8027149836455,266172889.72293824,0.018903279140259025,1.1636759839498594,121,-0.03546142578125,0.017032623291015625,1.2069740295410156,2.41796875,13.043212890625,-0.01837635040283203,-0.02072232961654663,0.0749974030502959,0.41509767957522126,ok,
direct_isolated,hernquist3d,2028,256,0.02,8,16,600,0.0008347225149466404,1.6887356534400795,1.5851118033426799,38.3427734375,3.2158050537109375,0.1540067195892334,2373.7969033564023,316037079.98883235,0.020137813151006892,1.1571256910028498,132,-0.3501167297363281,1.7530937194824219,0.3574371337890625,1.420654296875,32.5634765625,0.011100471019744873,0.0234682559967041,0.12473245187248128,0.44709674938941235,ok,
direct_isolated,hernquist3d,2029,256,0.02,8,16,600,0.002402444605381767,2.098130743874542,2.1963760063933964,35.191162109375,1.9602622985839844,0.10384076833724976,1459.76274442932,362971522.7161863,0.012791228871630882,1.236704842599111,150,-0.10869979858398438,-0.9508781433105469,-0.6795616149902344,-8.753662109375,-9.632568359375,-0.022541940212249756,-0.05532640218734741,0.1699315312539691,0.9699675263257403,ok,
direct_isolated,plummer3d,2000,256,0.02,8,16,600,0.00013143459051110948,1.5349029383835096,1.2417352108082536,94.628662109375,5.859188079833984,0.199673593044281,1511.4536630982034,253198941.21229577,0.011368052856587641,1.4973064848473183,193,-2.219207763671875,-2.235301971435547,-2.3416709899902344,-30.873046875,-22.320068359375,-0.07208967208862305,-0.06524461507797241,0.11107342305832185,0.11611336675604783,ok,
direct_isolated,plummer3d,2001,256,0.02,8,16,600,2.622312811041431e-07,1.7391277456341503,1.49936228531929,77.870849609375,5.245784759521484,0.1787366271018982,1030.6979904775496,274589216.5404061,0.00895296402356736,1.4604320551513283,173,-3.067943572998047,-2.74267578125,-2.446533203125,-28.895263671875,-8.609375,-0.09020346403121948,-0.08742141723632812,0.1785459901960691,0.2543001120654678,ok,
direct_isolated,plummer3d,2002,256,0.02,8,16,600,0.0001120092253715625,1.8228148885868476,1.5885343468207833,81.7958984375,6.0265960693359375,0.19328665733337402,1384.5048900901236,251258596.53716224,0.011453653852748534,1.5551167050889434,171,-3.4905242919921875,-3.8491058349609375,-3.709278106689453,-32.3623046875,-41.659423828125,-0.09238123893737793,-0.1104171872138977,0.19302659542335177,0.38430476653841555,ok,
direct_isolated,plummer3d,2003,256,0.02,8,16,600,0.0005026828175803602,1.763166360370929,1.5104151788643148,75.7958984375,5.7531585693359375,0.20158743858337402,1294.4385445863254,266018263.0805085,0.010322005418195536,1.5032308201205238,157,-3.476062774658203,-3.5994110107421875,-3.6759033203125,-20.264892578125,-35.8515625,-0.11641675233840942,-0.12030220031738281,0.1795324036830121,0.2187292150783111,ok,
direct_isolated,plummer3d,2004,256,0.02,8,16,600,0.00018364625571621088,1.6130134336634283,1.2918505248115197,94.453125,6.484130859375,0.20922470092773438,1494.8295373557771,273037953.32481194,0.012341648165077707,1.5280338464565164,166,-3.4230079650878906,-3.1477088928222656,-3.2645416259765625,-43.869384765625,-43.1181640625,-0.07414489984512329,-0.09068131446838379,0.16574216642945871,0.11642249925322307,ok,
direct_isolated,plummer3d,2005,256,0.02,8,16,600,0.0003726373067798143,1.894614191077569,1.7538084794765039,75.409912109375,5.105281829833984,0.167447030544281,983.1783003976346,271115652.3730879,0.007967353284104159,1.5164984773422814,183,-3.1660728454589844,-4.0169677734375,-3.300445556640625,-26.363037109375,-27.416015625,-0.08325284719467163,-0.08172082901000977,0.17762235191811265,0.357921301657806,ok,
direct_isolated,plummer3d,2006,256,0.02,8,16,600,0.0005997503725317234,1.8106570167545248,1.5588494806273923,79.43359375,5.57757568359375,0.17809200286865234,1180.2540104379052,263780893.12169543,0.009782095392295756,1.538708910038101,172,-3.4979286193847656,-3.4235382080078125,-3.7313995361328125,-35.476806640625,-32.7158203125,-0.08679014444351196,-0.0975487232208252,0.16894510640089655,0.3641652630531813,ok,
direct_isolated,plummer3d,2007,256,0.02,8,16,600,8.472911010670994e-05,1.497733824882268,1.2750158321786589,83.308349609375,6.515316009521484,0.2075452208518982,1484.3163285981614,264267299.49336487,0.011783680589842336,1.4395762514291681,176,-2.723094940185547,-1.83935546875,-1.9925537109375,-21.887451171875,-23.2109375,-0.04306715726852417,-0.03534507751464844,0.09826273302989785,0.058612311578893295,ok,
direct_isolated,plummer3d,2008,256,0.02,8,16,600,0.0013856036213154934,1.9481418458992699,1.8701915256271155,76.71484375,5.75335693359375,0.20201778411865234,1447.9206198199868,292801028.2246618,0.012446873102610808,1.6019735892217,168,-3.9210853576660156,-3.9972877502441406,-3.9220314025878906,-35.496337890625,-30.650634765625,-0.1188536286354065,-0.1293664574623108,0.21366136780501938,0.3319513940863886,ok,
direct_isolated,plummer3d,2009,256,0.02,8,16,600,0.0003525719184182301,1.6239820594349021,1.290243508125161,83.784912109375,6.284969329833984,0.230435311794281,1465.0853231812382,276620387.6461792,0.012598782225676902,1.5234260452375954,170,-3.449779510498047,-2.7654380798339844,-2.485546112060547,-31.270263671875,-8.684326171875,-0.12357443571090698,-0.11912840604782104,0.16484367527925847,0.17605928525767578,ok,
direct_isolated,plummer3d,2010,256,0.02,8,16,600,0.00015333665076148,1.5483565978211242,1.2531186835194958,85.597412109375,5.796688079833984,0.215298593044281,1491.4272813717484,274275653.0118158,0.012663557455628967,1.479277860756759,154,-2.836498260498047,-1.7185630798339844,-1.1445884704589844,-30.957763671875,-1.269287109375,-0.09232443571090698,-0.03421109914779663,0.15283656913678595,0.22604200459650103,ok,
direct_isolated,plummer3d,2011,256,0.02,8,16,600,6.407717134152287e-05,1.5793179487795737,1.3102235584756765,87.972412109375,5.663875579833984,0.207974374294281,1450.1742049573975,255463781.96319088,0.011918642311180205,1.4556760060155793,174,-2.08270263671875,-2.346874237060547,-2.309967041015625,-26.73046875,-29.119140625,-0.07496166229248047,-0.09334421157836914,0.0973029129673022,0.12445933872316789,ok,
direct_isolated,plummer3d,2012,256,0.02,8,16,600,0.000969695700288024,1.8052192910147375,1.612693326609639,83.714599609375,5.402034759521484,0.1982678771018982,1317.4974233477997,277580625.8732196,0.010993713175998157,1.5504297011714572,158,-3.056224822998047,-3.439117431640625,-1.385345458984375,-40.270263671875,-17.068359375,-0.09557455778121948,-0.08262014389038086,0.16520103082354493,0.20907817706600484,ok,
direct_isolated,plummer3d,2013,256,0.02,8,16,600,9.567489876458786e-05,1.7469849089162857,1.4814822815853363,81.943115234375,5.429042816162109,0.18031829595565796,1097.321816534665,245546023.45604813,0.009114716185423257,1.5195937706170788,170,-3.181060791015625,-3.956756591796875,-2.873321533203125,-39.806640625,-30.361328125,-0.08858346939086914,-0.09872865676879883,0.18266884959656887,0.21292036911672724,ok,
direct_isolated,plummer3d,2014,256,0.02,8,16,600,0.0004969979147707551,1.8700534560758697,1.6655186446414239,78.62109375,4.49212646484375,0.1505117416381836,990.2633865135153,250672763.66027075,0.008695377221273635,1.5321275623607753,204,-2.8832130432128906,-3.4409942626953125,-3.1834259033203125,-36.447509765625,-27.0517578125,-0.06448990106582642,-0.08495831489562988,0.20945154175530462,0.4527458972007918,ok,
direct_isolated,plummer3d,2015,256,0.02,8,16,600,0.0007429887455703461,1.8277596141882506,1.6199094884707355,82.1318359375,5.2886810302734375,0.19365859031677246,1292.871933696167,256536848.69511455,0.010685249709639954,1.5424342208826995,169,-3.285877227783203,-3.0526123046875,-3.091205596923828,-34.186767578125,-42.915283203125,-0.10209256410598755,-0.11394339799880981,0.1544963559371294,0.2996694838268524,ok,
direct_isolated,plummer3d,2016,256,0.02,8,16,600,5.3480406357685636e-05,1.6609597063701724,1.3652249973201285,84.954833984375,6.433132171630859,0.21395152807235718,1546.7429342040355,266835542.46415943,0.013014386082301772,1.5433811791413363,151,-3.837158203125,-3.03228759765625,-2.82568359375,-28.296875,21.90625,-0.11690139770507812,-0.10042572021484375,0.19273873143124584,0.2788889309064362,ok,
direct_isolated,plummer3d,2017,256,0.02,8,16,600,0.00039842429175724426,1.887067395938874,1.7062939481110047,75.933349609375,5.706722259521484,0.1719006896018982,1222.596152297656,303207300.9281505,0.01069747539580659,1.588415413592977,155,-4.001068115234375,-4.585628509521484,-3.8918418884277344,-34.849609375,-24.749755859375,-0.08857870101928711,-0.10728830099105835,0.2636120943065418,0.5003996666516741,ok,
direct_isolated,plummer3d,2018,256,0.02,8,16,600,0.0002490962784487956,1.7937527035441863,1.5652289963359847,72.1630859375,5.1753997802734375,0.19219374656677246,1356.6721095012058,274309218.240317,0.011382113821138212,1.4891907749750837,155,-2.540058135986328,-2.8429412841796875,-2.626361846923828,-28.423095703125,8.303466796875,-0.07762175798416138,-0.10808402299880981,0.1660605089088404,0.2990831951434391,ok,
direct_isolated,plummer3d,2019,256,0.02,8,16,600,2.704833620308265e-05,1.6002678357629228,1.266780609662397,83.714599609375,6.179378509521484,0.2036389708518982,1357.00718716344,287872160.80534935,0.01165201935420164,1.4878445834570702,169,-3.344085693359375,-3.2535972595214844,-3.696361541748047,-28.146484375,-33.864013671875,-0.07654333114624023,-0.08891409635543823,0.15363306689132122,0.159068195540493,ok,
direct_isolated,plummer3d,2020,256,0.02,8,16,600,0.0002747338911332543,1.8336165112551626,1.6294172538981686,76.03125,5.5888671875,0.1830902099609375,1189.4939381283998,273672232.6600727,0.010181311018131101,1.5196818713873133,161,-3.6026039123535156,-3.7739906311035156,-3.59771728515625,-30.894775390625,-22.84765625,-0.09819132089614868,-0.1085214614868164,0.17946491999969794,0.2831317264544892,ok,
direct_isolated,plummer3d,2021,256,0.02,8,16,600,2.434446977498284e-05,1.5523310985791,1.2602207425766971,86.691162109375,6.417781829833984,0.212368905544281,1438.646424519323,246317678.11337245,0.011724316621324006,1.4987723700569422,187,-3.24310302734375,-2.948070526123047,-2.8630943298339844,-28.93359375,-2.316162109375,-0.0973653793334961,-0.089077889919281,0.125292604026431,0.1652257959121436,ok,
direct_isolated,plummer3d,2022,256,0.02,8,16,600,0.00032157973042022377,1.7629539985462555,1.5392145819545262,81.1318359375,5.3707122802734375,0.19317030906677246,1381.2684454362518,268627211.55756325,0.011149825783972125,1.5355899118214107,179,-2.540699005126953,-1.8984260559082031,-1.8377685546875,-34.307861328125,5.7890625,-0.08825188875198364,-0.09243583679199219,0.13730302130872618,0.19177397244663308,ok,
direct_isolated,plummer3d,2023,256,0.02,8,16,600,0.001073852617020105,1.8720529834767854,1.7166048024016303,80.52734375,5.89447021484375,0.1949453353881836,1396.6939930079975,264332982.86380398,0.011383039271485486,1.5732787752713648,167,-3.5172462463378906,-3.3061561584472656,-3.7314453125,-28.525634765625,-19.53125,-0.08812958002090454,-0.1023101806640625,0.18067619028660284,0.3461624318207449,ok,
direct_isolated,plummer3d,2024,256,0.02,8,16,600,0.00026453758382567874,1.6797469633197488,1.4347957087284815,84.066162109375,6.628719329833984,0.253872811794281,1717.327861787887,250299638.5750491,0.014185775359502526,1.549823862651523,152,-1.9700889587402344,-2.865020751953125,-2.038646697998047,-23.070068359375,-16.551513671875,-0.08824723958969116,-0.08828085660934448,0.11007347525242064,0.16460045677769422,ok,
direct_isolated,plummer3d,2025,256,0.02,8,16,600,0.00012374165794000653,1.6069779734955043,1.360548395307701,82.96875,5.9951171875,0.1996917724609375,1350.69584932684,241676391.57684827,0.012412831241283125,1.449806952246894,150,-2.06451416015625,-2.4121246337890625,-2.46978759765625,-24.69140625,-18.41015625,-0.054841041564941406,-0.0808877944946289,0.10027013313258648,0.13465335611830448,ok,
direct_isolated,plummer3d,2026,256,0.02,8,16,600,9.214750551174317e-05,1.6468555922655386,1.3450566444516816,93.984375,6.550537109375,0.18529891967773438,1323.0363376658274,249868500.44371393,0.010578555570066605,1.4879950016955787,163,-3.9696083068847656,-3.4182167053222656,-3.117919921875,-37.508056640625,-44.734375,-0.07761961221694946,-0.08021163940429688,0.16852236826371086,0.1717163246311948,ok,
direct_isolated,plummer3d,2027,256,0.02,8,16,600,9.585518227857552e-05,1.668631354369939,1.408696904660508,84.423583984375,5.937038421630859,0.22859996557235718,1589.5268373574277,235550069.0468083,0.0132485781197725,1.478855166522971,157,-2.578899383544922,-1.5528564453125,-2.465179443359375,-32.283935546875,-20.896484375,-0.1055113673210144,-0.09216833114624023,0.09410914266211323,0.1718378235737018,ok,
direct_isolated,plummer3d,2028,256,0.02,8,16,600,5.339519373761021e-05,1.5717881278292654,1.310379131812522,87.37109375,6.32366943359375,0.22789669036865234,1823.883439678963,253711251.943649,0.014065978546852863,1.4674294646056407,155,-1.9031715393066406,-1.2528724670410156,-1.9383087158203125,-33.818603515625,49.5107421875,-0.07475048303604126,-0.06824994087219238,0.09692542222787198,0.26353107876414805,ok,
direct_isolated,plummer3d,2029,256,0.02,8,16,600,0.000530581394259063,1.7734012080252262,1.503800955527015,84.423583984375,5.976100921630859,0.19979137182235718,1215.5111192269212,316260038.24462867,0.010873201739712278,1.5195775459270418,161,-3.774211883544922,-4.00262451171875,-4.019287109375,-32.533935546875,-30.265625,-0.1108824610710144,-0.13195419311523438,0.19683144368771088,0.2688267877451446,ok,
pm_periodic,bimodal3d,2000,256,0.02,8,16,600,,nan,nan,49.34375,6.61328125,0.4609375,6218.902840633995,539305080.9391549,0.04307598039215686,2.1248621390269578,77,-5.875,-6.0234375,-5.98828125,-29.40625,-37.09375,-0.39306640625,-0.3916015625,nan,nan,ok,
pm_periodic,bimodal3d,2001,256,0.02,8,16,600,,nan,nan,46.53125,6.4453125,0.390625,4245.140840917715,366279285.14911413,0.0314031862745098,2.0317004405133985,80,-5.6953125,-5.84375,-5.84765625,-31.90625,-41.09375,-0.32421875,-0.3251953125,nan,nan,ok,
pm_periodic,bimodal3d,2002,256,0.02,8,16,600,,nan,nan,47.71875,6.0703125,0.36962890625,4961.4546198057815,428354109.5892216,0.03547794117647059,2.2035408920740713,93,-5.4375,-5.53125,-5.41015625,-37.21875,-38.0625,-0.3046875,-0.30224609375,nan,nan,ok,
pm_periodic,bimodal3d,2003,256,0.02,8,16,600,,nan,nan,44.03125,5.30078125,0.3408203125,3627.2734513123955,351818347.7283708,0.02778799019607843,2.115257377449576,104,-4.6875,-4.71875,-4.78125,-33.84375,-39.6875,-0.279296875,-0.27978515625,nan,nan,ok,
pm_periodic,bimodal3d,2004,256,0.02,8,16,600,,nan,nan,47.78125,6.390625,0.47314453125,7455.932916308102,723019770.7924749,0.04874387254901961,2.155012474289096,83,-5.59765625,-5.578125,-5.32421875,-33.15625,-32.90625,-0.40234375,-0.39404296875,nan,nan,ok,
pm_periodic,bimodal3d,2005,256,0.02,8,16,600,,nan,nan,50.78125,6.1640625,0.36376953125,4661.876547765874,429105865.6612865,0.03287377450980392,2.1778779120102554,94,-5.4375,-5.49609375,-5.51953125,-35.5625,-41.65625,-0.298828125,-0.2978515625,nan,nan,ok,
pm_periodic,bimodal3d,2006,256,0.02,8,16,600,,nan,nan,48.84375,5.6796875,0.3369140625,4190.080051556817,410594524.83927035,0.02999387254901961,2.1502995630246646,96,-5.05859375,-5.11328125,-5.08984375,-37.9375,-44.09375,-0.2724609375,-0.26904296875,nan,nan,ok,
pm_periodic,bimodal3d,2007,256,0.02,8,16,600,,nan,nan,49.09375,6.49609375,0.37646484375,7901.209021734048,703676288.6034253,0.04610906862745098,2.0651659481376217,88,-5.8125,-5.859375,-5.79296875,-34.75,-38.09375,-0.3076171875,-0.3076171875,nan,nan,ok,
pm_periodic,bimodal3d,2008,256,0.02,8,16,600,,nan,nan,46.0,5.4296875,0.3544921875,5224.528971162522,539269973.0277791,0.03045343137254902,2.277718082954184,106,-4.74609375,-4.8984375,-4.91796875,-33.625,-42.375,-0.28857421875,-0.2890625,nan,nan,ok,
pm_periodic,bimodal3d,2009,256,0.02,8,16,600,,nan,nan,48.84375,6.28515625,0.4677734375,5716.1721734500425,454622189.78680897,0.040808823529411765,2.1683011210634486,81,-5.359375,-5.62109375,-5.3515625,-35.40625,-33.375,-0.40234375,-0.3916015625,nan,nan,ok,
pm_periodic,bimodal3d,2010,256,0.02,8,16,600,,nan,nan,46.96875,6.6015625,0.46630859375,5434.3411257803555,425125030.2277487,0.03915441176470588,2.0753803141828104,76,-5.84765625,-5.96875,-5.89453125,-31.09375,-37.9375,-0.39697265625,-0.40087890625,nan,nan,ok,
pm_periodic,bimodal3d,2011,256,0.02,8,16,600,,nan,nan,47.625,6.1796875,0.42919921875,5898.758392892461,537467033.0312161,0.041176470588235294,2.0884789799107617,83,-5.48046875,-5.5703125,-5.66796875,-34.3125,-42.3125,-0.36279296875,-0.36572265625,nan,nan,ok,
pm_periodic,bimodal3d,2012,256,0.02,8,16,600,,nan,nan,49.6875,5.8359375,0.37109375,4628.675919264557,466144378.56632394,0.03278186274509804,2.192734878690709,101,-5.15625,-5.3125,-5.1953125,-36.15625,-44.25,-0.30810546875,-0.30615234375,nan,nan,ok,
pm_periodic,bimodal3d,2013,256,0.02,8,16,600,,nan,nan,44.96875,5.52734375,0.35302734375,3794.570445921204,335749700.1976166,0.027236519607843138,2.094325749116158,83,-4.8515625,-4.9609375,-4.9296875,-32.5,-40.28125,-0.28369140625,-0.2880859375,nan,nan,ok,
pm_periodic,bimodal3d,2014,256,0.02,8,16,600,,nan,nan,50.15625,6.10546875,0.4091796875,4023.399764708365,371280916.2797961,0.030882352941176472,2.1581871348085593,81,-5.34375,-5.46484375,-5.3984375,-36.59375,-37.09375,-0.3408203125,-0.34228515625,nan,nan,ok,
pm_periodic,bimodal3d,2015,256,0.02,8,16,600,,nan,nan,43.90625,5.83984375,0.39208984375,4250.936153564198,433051108.10540503,0.030759803921568626,2.2213925942868338,98,-5.20703125,-5.34765625,-5.2265625,-32.84375,-35.9375,-0.328125,-0.32861328125,nan,nan,ok,
pm_periodic,bimodal3d,2016,256,0.02,8,16,600,,nan,nan,47.75,5.828125,0.4013671875,4248.884970472958,388053419.99862736,0.031954656862745096,2.1584822904052103,100,-5.078125,-5.25,-5.2265625,-37.0,-42.90625,-0.3349609375,-0.33544921875,nan,nan,ok,
pm_periodic,bimodal3d,2017,256,0.02,8,16,600,,nan,nan,47.65625,5.984375,0.390625,4354.887503539316,384256439.7344741,0.03226102941176471,2.2211390260828763,79,-5.421875,-5.4375,-5.44140625,-39.03125,-43.21875,-0.32763671875,-0.32958984375,nan,nan,ok,
pm_periodic,bimodal3d,2018,256,0.02,8,16,600,,nan,nan,48.75,5.71875,0.43994140625,6391.854920540836,546293806.7732959,0.042677696078431374,2.0830359846042468,83,-5.0,-5.1875,-5.05078125,-36.84375,-41.28125,-0.373046875,-0.37109375,nan,nan,ok,
pm_periodic,bimodal3d,2019,256,0.02,8,16,600,,nan,nan,47.15625,5.58984375,0.3955078125,5112.311606964467,455328374.10120666,0.03713235294117647,2.089538413144009,93,-4.87109375,-5.06640625,-5.03515625,-34.9375,-42.28125,-0.3251953125,-0.33154296875,nan,nan,ok,
pm_periodic,bimodal3d,2020,256,0.02,8,16,600,,nan,nan,43.40625,5.4140625,0.33056640625,3492.0645140776296,352034143.94340575,0.02576593137254902,2.110418020995478,106,-4.71875,-4.8515625,-4.8359375,-33.0,-37.53125,-0.2626953125,-0.26708984375,nan,nan,ok,
pm_periodic,bimodal3d,2021,256,0.02,8,16,600,,nan,nan,47.15625,6.37890625,0.44140625,6288.084456809316,553140451.1518569,0.04307598039215686,2.1002320828884535,81,-5.55859375,-5.6640625,-5.5,-32.78125,-32.90625,-0.37255859375,-0.36767578125,nan,nan,ok,
pm_periodic,bimodal3d,2022,256,0.02,8,16,600,,nan,nan,47.28125,6.22265625,0.43505859375,7306.471064164671,658940476.5382688,0.0477328431372549,2.202608537753515,83,-5.48046875,-5.53515625,-5.421875,-30.9375,-32.875,-0.36767578125,-0.36083984375,nan,nan,ok,
pm_periodic,bimodal3d,2023,256,0.02,8,16,600,,nan,nan,47.6875,5.78125,0.388671875,4838.121413303032,419964411.9111996,0.03526348039215686,2.2507155749953185,94,-5.12890625,-5.2578125,-5.265625,-34.71875,-42.75,-0.32373046875,-0.322265625,nan,nan,ok,
pm_periodic,bimodal3d,2024,256,0.02,8,16,600,,nan,nan,50.0625,6.12109375,0.48681640625,5814.54084377351,455829684.3843896,0.04145220588235294,2.211209626873206,80,-5.3203125,-5.55078125,-5.38671875,-35.0625,-41.25,-0.41845703125,-0.41552734375,nan,nan,ok,
pm_periodic,bimodal3d,2025,256,0.02,8,16,600,,nan,nan,44.53125,5.53515625,0.35498046875,3445.26140648174,361518161.07211196,0.026776960784313724,2.037071356283718,98,-4.73046875,-4.83984375,-4.8125,-29.125,-35.28125,-0.2900390625,-0.28662109375,nan,nan,ok,
pm_periodic,bimodal3d,2026,256,0.02,8,16,600,,nan,nan,55.34375,7.0078125,0.48046875,5285.490775595135,447982147.006865,0.03719362745098039,2.0647882913477096,78,-6.125,-6.31640625,-6.21875,-36.90625,-42.9375,-0.41357421875,-0.41455078125,nan,nan,ok,
pm_periodic,bimodal3d,2027,256,0.02,8,16,600,,nan,nan,48.96875,6.4765625,0.44873046875,7245.63019904902,606364878.3591394,0.0482843137254902,2.112764325728062,82,-5.7265625,-5.80078125,-5.73046875,-35.09375,-38.0625,-0.38037109375,-0.37744140625,nan,nan,ok,
pm_periodic,bimodal3d,2028,256,0.02,8,16,600,,nan,nan,47.84375,6.203125,0.416015625,6587.526860345804,547114969.3922769,0.041697303921568625,2.074403652325504,84,-5.46484375,-5.453125,-5.37109375,-36.28125,-35.4375,-0.3447265625,-0.341796875,nan,nan,ok,
pm_periodic,bimodal3d,2029,256,0.02,8,16,600,,nan,nan,46.96875,5.8046875,0.42919921875,4988.907190556793,439970940.8825455,0.03697916666666667,2.1803763667301954,91,-5.11328125,-5.26171875,-5.22265625,-35.5625,-39.125,-0.36279296875,-0.3642578125,nan,nan,ok,
pm_periodic,cold_clumpy3d,2000,256,0.02,8,16,600,,nan,nan,132.53125,13.9609375,0.6474609375,7310.7754416015705,770233341.0759249,0.0524203431372549,0.08911793142172385,22,1.390625,2.94140625,7.46484375,30.6875,105.34375,0.38134765625,0.10009765625,nan,nan,ok,
pm_periodic,cold_clumpy3d,2001,256,0.02,8,16,600,,nan,nan,125.9375,14.3515625,0.65380859375,7174.514946170245,774878089.7805716,0.05477941176470588,0.08851093213500258,16,3.12109375,0.1171875,-1.0078125,51.875,149.09375,0.705078125,0.30615234375,nan,nan,ok,
pm_periodic,cold_clumpy3d,2002,256,0.02,8,16,600,,nan,nan,104.875,9.4140625,0.56396484375,6943.405544929168,701707998.790415,0.05183823529411765,0.08863190203419594,22,6.39453125,8.4453125,8.05078125,73.40625,469.84375,0.42529296875,0.43359375,nan,nan,ok,
pm_periodic,cold_clumpy3d,2003,256,0.02,8,16,600,,nan,nan,128.3125,9.69140625,0.6630859375,7309.38089076309,741792753.0675995,0.05180759803921569,0.08493385781157964,31,4.453125,6.99609375,6.19921875,70.09375,120.59375,0.7001953125,0.09033203125,nan,nan,ok,
pm_periodic,cold_clumpy3d,2004,256,0.02,8,16,600,,nan,nan,152.59375,14.58984375,0.759765625,7603.623748374284,789651065.1724845,0.05582107843137255,0.089875953851935,12,2.25390625,20.69140625,-0.3671875,-6.6875,23.09375,0.5302734375,0.21533203125,nan,nan,ok,
pm_periodic,cold_clumpy3d,2005,256,0.02,8,16,600,,nan,nan,127.21875,10.99609375,0.74658203125,6978.174167391084,672819753.2473702,0.05196078431372549,0.0871326931056169,24,1.36328125,9.19921875,28.70703125,11.40625,228.75,0.087890625,0.55078125,nan,nan,ok,
pm_periodic,cold_clumpy3d,2006,256,0.02,8,16,600,,nan,nan,121.90625,11.09765625,0.587890625,7534.406623522045,728834985.1848793,0.055912990196078434,0.08947549922756792,15,10.94921875,23.18359375,15.6015625,121.625,367.15625,0.48095703125,1.3154296875,nan,nan,ok,
pm_periodic,cold_clumpy3d,2007,256,0.02,8,16,600,,nan,nan,151.53125,12.4296875,0.63134765625,7730.519758574443,795778044.9566609,0.056372549019607844,0.08264099424760077,20,5.84765625,13.609375,5.91796875,74.625,113.1875,0.8193359375,-0.021484375,nan,nan,ok,
pm_periodic,cold_clumpy3d,2008,256,0.02,8,16,600,,nan,nan,169.34375,18.734375,0.6943359375,8684.27950598433,749314412.7524996,0.06066176470588235,0.09398099455847074,25,0.61328125,3.26953125,6.8828125,3.28125,86.15625,0.35986328125,0.84375,nan,nan,ok,
pm_periodic,cold_clumpy3d,2009,256,0.02,8,16,600,,nan,nan,155.6875,12.20703125,0.73193359375,8452.302789647743,891408378.1024613,0.05897671568627451,0.08942620706992466,22,5.75,5.5234375,5.86328125,92.59375,245.53125,0.783203125,0.0185546875,nan,nan,ok,
pm_periodic,cold_clumpy3d,2010,256,0.02,8,16,600,,nan,nan,132.875,11.73046875,0.62451171875,7215.61172006987,729341768.7168005,0.05137867647058823,0.08152179894858902,21,11.92578125,10.5,7.1015625,396.90625,439.1875,0.74755859375,0.41552734375,nan,nan,ok,
pm_periodic,cold_clumpy3d,2011,256,0.02,8,16,600,,nan,nan,173.25,15.59765625,0.63134765625,6590.503922984619,670355889.7241511,0.05064338235294118,0.08869741699434514,21,2.83203125,5.078125,16.12890625,5.84375,267.5,0.6953125,0.662109375,nan,nan,ok,
pm_periodic,cold_clumpy3d,2012,256,0.02,8,16,600,,nan,nan,173.625,13.515625,0.56494140625,7469.269626645189,728695468.8336761,0.05193014705882353,0.0911553845971768,25,50.359375,11.0859375,15.33984375,359.40625,251.625,2.04736328125,0.7587890625,nan,nan,ok,
pm_periodic,cold_clumpy3d,2013,256,0.02,8,16,600,,nan,nan,216.375,16.33203125,0.6396484375,6029.82777019196,633946090.461823,0.04742647058823529,0.08630483368188493,20,6.984375,7.7421875,1.78125,17.0625,-23.96875,1.36376953125,0.13818359375,nan,nan,ok,
pm_periodic,cold_clumpy3d,2014,256,0.02,8,16,600,,nan,nan,125.8125,12.26171875,0.67236328125,7121.438599126474,683838474.1173143,0.0517156862745098,0.08511484675430245,28,4.47265625,17.1796875,2.98046875,14.96875,105.90625,0.47802734375,0.224609375,nan,nan,ok,
pm_periodic,cold_clumpy3d,2015,256,0.02,8,16,600,,nan,nan,84.96875,10.3671875,0.57080078125,7733.279626337118,768590141.78501,0.053952205882352944,0.08924968429635668,25,1.96484375,9.87109375,9.3984375,18.875,126.1875,0.41650390625,0.36083984375,nan,nan,ok,
pm_periodic,cold_clumpy3d,2016,256,0.02,8,16,600,,nan,nan,196.28125,12.6796875,0.68994140625,7384.208219584891,731515177.0081108,0.05481004901960784,0.08836549605982538,21,3.98046875,16.01171875,3.7421875,7.90625,76.25,0.330078125,0.33544921875,nan,nan,ok,
pm_periodic,cold_clumpy3d,2017,256,0.02,8,16,600,,nan,nan,140.125,13.07421875,0.533203125,6585.184192596721,657562687.3932524,0.04932598039215686,0.0883311658876342,16,-1.42578125,26.7734375,6.8828125,-7.0625,181.0625,0.35302734375,0.88623046875,nan,nan,ok,
pm_periodic,cold_clumpy3d,2018,256,0.02,8,16,600,,nan,nan,115.75,10.453125,0.57470703125,7583.181220654902,734063487.1774755,0.05585171568627451,0.0851790125272335,22,2.94140625,4.03125,9.3046875,18.4375,269.875,0.48876953125,1.177734375,nan,nan,ok,
pm_periodic,cold_clumpy3d,2019,256,0.02,8,16,600,,nan,nan,191.84375,13.66796875,0.70703125,8528.744290256838,849857473.7348568,0.058333333333333334,0.08580680898487708,16,9.06640625,14.89453125,11.26171875,157.5625,56.78125,0.6669921875,0.48046875,nan,nan,ok,
pm_periodic,cold_clumpy3d,2020,256,0.02,8,16,600,,nan,nan,134.09375,8.73828125,0.55615234375,7877.5369135958335,824006757.3350823,0.055330882352941174,0.08883990627625661,28,35.9296875,24.39453125,41.9765625,514.34375,376.96875,1.681640625,1.056640625,nan,nan,ok,
pm_periodic,cold_clumpy3d,2021,256,0.02,8,16,600,,nan,nan,173.78125,16.4765625,0.630859375,7978.511778082068,821374924.1326758,0.05422794117647059,0.08107894791472815,23,1.71875,-1.75,9.4375,42.125,70.28125,0.91748046875,0.57421875,nan,nan,ok,
pm_periodic,cold_clumpy3d,2022,256,0.02,8,16,600,,nan,nan,167.6875,17.703125,0.65380859375,8665.580965912706,887633590.4445081,0.060386029411764706,0.09033758976908543,14,-1.8515625,-2.7421875,-0.4296875,-31.09375,12.90625,0.83544921875,0.4677734375,nan,nan,ok,
pm_periodic,cold_clumpy3d,2023,256,0.02,8,16,600,,nan,nan,144.1875,14.31640625,0.60498046875,6945.366260393494,708866924.667343,0.05,0.08999171152536631,16,-0.7265625,2.3125,4.3984375,28.3125,85.65625,0.37744140625,0.3623046875,nan,nan,ok,
pm_periodic,cold_clumpy3d,2024,256,0.02,8,16,600,,nan,nan,132.125,11.68359375,0.6513671875,7106.501119661632,663340105.291546,0.05330882352941176,0.088920527197238,16,3.12109375,12.62109375,6.3046875,-0.15625,163.03125,0.5185546875,0.61181640625,nan,nan,ok,
pm_periodic,cold_clumpy3d,2025,256,0.02,8,16,600,,nan,nan,133.1875,11.9375,0.68212890625,8236.14237520334,814579327.4755594,0.05903799019607843,0.08750589285903568,21,4.74609375,4.15625,-1.015625,28.375,58.71875,0.830078125,0.11767578125,nan,nan,ok,
pm_periodic,cold_clumpy3d,2026,256,0.02,8,16,600,,nan,nan,133.09375,11.578125,0.7353515625,7129.30449122067,742074070.7644961,0.0524203431372549,0.08320573596884465,26,3.9296875,4.77734375,1.1640625,9.09375,172.03125,0.3740234375,0.1484375,nan,nan,ok,
pm_periodic,cold_clumpy3d,2027,256,0.02,8,16,600,,nan,nan,148.09375,14.8984375,0.70947265625,7029.459404869411,698270318.2443675,0.050582107843137256,0.08861910387252786,27,4.2421875,2.12890625,-1.7109375,20.09375,156.09375,0.59619140625,0.19775390625,nan,nan,ok,
pm_periodic,cold_clumpy3d,2028,256,0.02,8,16,600,,nan,nan,142.03125,14.9765625,0.6572265625,6825.835078490217,719454736.9932201,0.05088848039215686,0.08817035493545192,19,4.00390625,-0.90625,7.08984375,40.03125,61.53125,0.75537109375,0.62353515625,nan,nan,ok,
pm_periodic,cold_clumpy3d,2029,256,0.02,8,16,600,,nan,nan,151.0625,17.17578125,0.60107421875,7799.015422604046,825399491.6206928,0.05352328431372549,0.08579798453573333,20,0.19921875,-3.65234375,8.26953125,19.9375,136.3125,0.7919921875,0.48681640625,nan,nan,ok,
pm_periodic,hernquist3d,2000,256,0.02,8,16,600,,nan,nan,33.875,2.74609375,0.14990234375,1668.6182533038818,399922624.7622312,0.010049019607843138,1.1957967671513154,201,-0.2890625,-0.87890625,-0.28515625,1.0625,10.90625,-0.02783203125,-0.0322265625,nan,nan,ok,
pm_periodic,hernquist3d,2001,256,0.02,8,16,600,,nan,nan,31.15625,1.85546875,0.1142578125,768.2065004685326,318645801.7573459,0.006188725490196078,1.1673905607491055,212,-0.546875,-0.09375,-0.5625,-12.34375,2.21875,-0.02587890625,-0.03515625,nan,nan,ok,
pm_periodic,hernquist3d,2002,256,0.02,8,16,600,,nan,nan,38.25,2.72265625,0.13671875,1032.8016401340685,310158068.51335186,0.007536764705882353,1.2283555242758863,199,-0.578125,-0.4921875,-0.17578125,-10.90625,14.875,-0.02197265625,-0.0185546875,nan,nan,ok,
pm_periodic,hernquist3d,2003,256,0.02,8,16,600,,nan,nan,35.6875,2.48828125,0.12841796875,924.7447216873501,378981515.3491062,0.006709558823529411,1.2053175377806193,200,-0.4921875,-1.1328125,-0.9375,-2.1875,-10.65625,-0.03173828125,-0.041015625,nan,nan,ok,
pm_periodic,hernquist3d,2004,256,0.02,8,16,600,,nan,nan,41.3125,2.65234375,0.146484375,1438.477228238793,438439534.0104627,0.00977328431372549,1.2237386275147102,187,-0.53515625,-0.2421875,0.3828125,-9.625,29.59375,0.0,-0.00439453125,nan,nan,ok,
pm_periodic,hernquist3d,2005,256,0.02,8,16,600,,nan,nan,28.5625,2.0703125,0.107421875,663.470022677493,309877509.4893862,0.005422794117647059,1.2228273278563822,203,-0.671875,-1.0859375,-0.90234375,-5.625,-14.90625,-0.01904296875,-0.02294921875,nan,nan,ok,
pm_periodic,hernquist3d,2006,256,0.02,8,16,600,,nan,nan,31.96875,2.37109375,0.11669921875,1078.988919615144,385290993.2147912,0.00744485294117647,1.2241174351670305,209,-0.40234375,0.02734375,-0.76953125,-0.3125,-1.53125,-0.00390625,-0.02392578125,nan,nan,ok,
pm_periodic,hernquist3d,2007,256,0.02,8,16,600,,nan,nan,38.71875,3.03125,0.1484375,1058.843087951404,299302669.6874538,0.007628676470588235,1.1611551378966567,192,0.00390625,-0.2109375,-0.59375,-1.90625,-10.59375,0.02587890625,-0.02197265625,nan,nan,ok,
pm_periodic,hernquist3d,2008,256,0.02,8,16,600,,nan,nan,35.4375,2.39453125,0.13623046875,1747.5961225530846,448334882.24971545,0.009037990196078432,1.2841879271230154,203,-0.6484375,-0.421875,-0.07421875,-5.96875,13.375,-0.037109375,-0.01953125,nan,nan,ok,
pm_periodic,hernquist3d,2009,256,0.02,8,16,600,,nan,nan,39.8125,2.71484375,0.15234375,1315.841401077062,342110431.55193007,0.00940563725490196,1.2167195689751773,189,-0.74609375,-0.4453125,-0.71875,-9.53125,-2.53125,-0.029296875,-0.0302734375,nan,nan,ok,
pm_periodic,hernquist3d,2010,256,0.02,8,16,600,,nan,nan,34.09375,2.68359375,0.15380859375,1473.5921941438055,353895160.2269412,0.009957107843137254,1.177305645585753,186,0.140625,1.92578125,1.51171875,2.96875,51.78125,0.01953125,-0.00048828125,nan,nan,ok,
pm_periodic,hernquist3d,2011,256,0.02,8,16,600,,nan,nan,36.3125,2.86328125,0.14990234375,1389.5841869380897,407743379.93306637,0.009221813725490196,1.1789788525572058,196,-0.60546875,0.70703125,-0.8125,-0.28125,6.40625,-0.015625,-0.01171875,nan,nan,ok,
pm_periodic,hernquist3d,2012,256,0.02,8,16,600,,nan,nan,35.1875,2.67578125,0.12255859375,949.646417168769,320063331.10125923,0.0071384803921568625,1.2480603942677209,201,-1.1015625,-1.1640625,-0.77734375,-6.40625,-5.46875,-0.03076171875,-0.03564453125,nan,nan,ok,
pm_periodic,hernquist3d,2013,256,0.02,8,16,600,,nan,nan,35.15625,2.1484375,0.1171875,762.0274733713201,320164491.23683745,0.005821078431372549,1.1951617788937408,210,-0.57421875,-0.97265625,-0.9296875,-7.84375,-4.375,-0.03173828125,-0.0419921875,nan,nan,ok,
pm_periodic,hernquist3d,2014,256,0.02,8,16,600,,nan,nan,25.15625,2.0078125,0.1103515625,917.9223656514948,333891013.04321057,0.0070465686274509805,1.2239720298491605,205,-0.78515625,-1.02734375,-0.48828125,0.1875,2.3125,-0.03125,-0.02294921875,nan,nan,ok,
pm_periodic,hernquist3d,2015,256,0.02,8,16,600,,nan,nan,31.0,2.4140625,0.142578125,1087.0375411210066,334689125.1391717,0.007965686274509803,1.2395443833205908,200,-0.74609375,-0.62890625,-0.6796875,-1.5,12.71875,-0.05322265625,-0.03271484375,nan,nan,ok,
pm_periodic,hernquist3d,2016,256,0.02,8,16,600,,nan,nan,39.0625,2.8046875,0.140625,1369.5519518652231,345140113.0067235,0.009160539215686275,1.2435805741922066,192,-0.6328125,-0.7421875,-0.2578125,-0.75,2.9375,-0.03515625,-0.03662109375,nan,nan,ok,
pm_periodic,hernquist3d,2017,256,0.02,8,16,600,,nan,nan,36.75,2.3359375,0.11572265625,860.3810122164233,338039554.0219265,0.007230392156862745,1.258421969532539,203,-0.68359375,-1.02734375,-1.34765625,-0.9375,-13.96875,-0.02490234375,-0.0380859375,nan,nan,ok,
pm_periodic,hernquist3d,2018,256,0.02,8,16,600,,nan,nan,29.46875,2.609375,0.14697265625,1153.7002927231285,372384383.89824116,0.008302696078431373,1.1938667899994846,194,-0.6015625,-0.12890625,-0.3671875,-1.125,12.71875,-0.02783203125,-0.0146484375,nan,nan,ok,
pm_periodic,hernquist3d,2019,256,0.02,8,16,600,,nan,nan,38.875,2.50390625,0.13330078125,1175.007466289846,363686397.8352503,0.007598039215686274,1.187072409337258,204,-0.3515625,-0.37109375,-0.33984375,1.90625,21.9375,-0.02685546875,-0.0205078125,nan,nan,ok,
pm_periodic,hernquist3d,2020,256,0.02,8,16,600,,nan,nan,32.75,2.23046875,0.12353515625,917.2931040558165,375395866.8748125,0.007261029411764706,1.2203029523628521,202,-0.55859375,-0.94140625,-0.90234375,-1.65625,-1.0625,-0.0283203125,-0.0390625,nan,nan,ok,
pm_periodic,hernquist3d,2021,256,0.02,8,16,600,,nan,nan,42.8125,2.765625,0.14599609375,1081.8887206524385,286193519.9205529,0.008302696078431373,1.1888467296165262,194,-0.78125,-0.73828125,0.26171875,0.53125,13.625,-0.02783203125,-0.03125,nan,nan,ok,
pm_periodic,hernquist3d,2022,256,0.02,8,16,600,,nan,nan,31.03125,2.46875,0.13916015625,1153.4313225838378,355346514.6430805,0.008915441176470588,1.2249212012417527,198,-0.52734375,-0.48828125,-0.39453125,3.8125,-3.625,-0.0439453125,-0.02099609375,nan,nan,ok,
pm_periodic,hernquist3d,2023,256,0.02,8,16,600,,nan,nan,37.28125,2.7734375,0.13916015625,1123.1714980474353,351638847.6381128,0.007781862745098039,1.2730609693148884,194,-0.73828125,-1.21875,0.33984375,-3.53125,27.21875,-0.03955078125,-0.025390625,nan,nan,ok,
pm_periodic,hernquist3d,2024,256,0.02,8,16,600,,nan,nan,42.15625,3.5625,0.16845703125,1354.5261703451654,315784569.71381605,0.009957107843137254,1.2625302836964307,188,-0.59375,0.01171875,-0.21875,-0.5625,-1.15625,-0.025390625,0.0009765625,nan,nan,ok,
pm_periodic,hernquist3d,2025,256,0.02,8,16,600,,nan,nan,37.0,2.72265625,0.138671875,871.6927103564475,300174558.3582145,0.007169117647058823,1.1560631904801182,197,-0.078125,-0.140625,-0.08203125,-1.75,1.125,-0.00732421875,-0.017578125,nan,nan,ok,
pm_periodic,hernquist3d,2026,256,0.02,8,16,600,,nan,nan,40.4375,2.84375,0.125,786.1754749465024,291720592.23453814,0.005667892156862745,1.1925766942042353,201,-0.8046875,-1.28125,-1.38671875,-8.75,-15.46875,-0.03466796875,-0.02587890625,nan,nan,ok,
pm_periodic,hernquist3d,2027,256,0.02,8,16,600,,nan,nan,34.8125,2.7578125,0.17431640625,1502.7903570375497,341977114.02504104,0.010600490196078432,1.1950391095206854,185,0.03515625,0.48828125,1.50390625,6.3125,16.59375,-0.01025390625,-0.02734375,nan,nan,ok,
pm_periodic,hernquist3d,2028,256,0.02,8,16,600,,nan,nan,38.46875,3.35546875,0.17138671875,1815.3891898565246,379406700.3307216,0.01170343137254902,1.1773229882636898,192,-0.5390625,0.4296875,2.52734375,-1.75,70.875,-0.00927734375,0.03076171875,nan,nan,ok,
pm_periodic,hernquist3d,2029,256,0.02,8,16,600,,nan,nan,35.21875,2.06640625,0.11865234375,1148.6483656916153,424883854.2249022,0.007904411764705882,1.2331879527579521,206,-0.515625,-0.9140625,-0.9375,-11.125,-13.25,-0.03662109375,-0.03173828125,nan,nan,ok,
pm_periodic,plummer3d,2000,256,0.02,8,16,600,,nan,nan,95.09375,5.875,0.20166015625,1471.4698969431033,261127861.0821224,0.010784313725490196,1.4956831293886035,155,-2.890625,-2.16015625,-2.3203125,-38.125,-18.59375,-0.0751953125,-0.08740234375,nan,nan,ok,
pm_periodic,plummer3d,2001,256,0.02,8,16,600,,nan,nan,78.0,5.25390625,0.1806640625,995.5663800847611,282345919.31508434,0.008333333333333333,1.4541984552026181,165,-3.16796875,-3.4453125,-2.9609375,-30.65625,-10.875,-0.08203125,-0.07275390625,nan,nan,ok,
pm_periodic,plummer3d,2002,256,0.02,8,16,600,,nan,nan,81.4375,6.02734375,0.1962890625,1312.9284818959077,266608336.49833056,0.010263480392156863,1.547752119258787,148,-3.5546875,-3.60546875,-3.85546875,-37.0,-24.34375,-0.083984375,-0.0986328125,nan,nan,ok,
pm_periodic,plummer3d,2003,256,0.02,8,16,600,,nan,nan,74.5625,5.75390625,0.20458984375,1224.4817546399522,283057069.58793485,0.009221813725490196,1.502428421250873,158,-3.71875,-4.2578125,-3.55078125,-21.4375,-14.375,-0.11328125,-0.1044921875,nan,nan,ok,
pm_periodic,plummer3d,2004,256,0.02,8,16,600,,nan,nan,93.65625,6.484375,0.2109375,1448.7914244634458,280136342.0343147,0.011580882352941177,1.5218071376862738,142,-3.51171875,-3.9296875,-4.21875,-47.8125,-32.28125,-0.09521484375,-0.1083984375,nan,nan,ok,
pm_periodic,plummer3d,2005,256,0.02,8,16,600,,nan,nan,74.71875,5.109375,0.1689453125,956.8489716744646,277095100.2692354,0.007536764705882353,1.511937408475812,170,-3.17578125,-4.109375,-3.12890625,-27.28125,-30.96875,-0.07763671875,-0.080078125,nan,nan,ok,
pm_periodic,plummer3d,2006,256,0.02,8,16,600,,nan,nan,78.28125,5.58203125,0.1806640625,1125.643605763064,276320058.6409099,0.008884803921568627,1.5427581340878473,164,-3.56640625,-4.046875,-3.0703125,-34.71875,1.625,-0.087890625,-0.07958984375,nan,nan,ok,
pm_periodic,plummer3d,2007,256,0.02,8,16,600,,nan,nan,83.96875,6.52734375,0.20947265625,1433.3226764356464,273737285.90756017,0.010998774509803922,1.4455845748929588,147,-2.671875,-2.05078125,-2.81640625,-21.25,-32.28125,-0.05224609375,-0.0654296875,nan,nan,ok,
pm_periodic,plummer3d,2008,256,0.02,8,16,600,,nan,nan,78.21875,5.83984375,0.205078125,1394.19964891199,306554828.7339066,0.011397058823529411,1.6009254252452525,153,-4.09765625,-3.875,-4.140625,-36.59375,-33.96875,-0.1162109375,-0.12158203125,nan,nan,ok,
pm_periodic,plummer3d,2009,256,0.02,8,16,600,,nan,nan,83.0625,6.28515625,0.23193359375,1425.3393936792577,282058959.51880264,0.011917892156862744,1.522215567817896,138,-3.58984375,-3.77734375,-2.91796875,-33.875,22.8125,-0.10888671875,-0.11572265625,nan,nan,ok,
pm_periodic,plummer3d,2010,256,0.02,8,16,600,,nan,nan,85.78125,5.80859375,0.21728515625,1451.325424369878,277167604.71340007,0.011979166666666667,1.4748975930698718,149,-3.0,-2.0078125,-3.375,-32.8125,-9.65625,-0.09765625,-0.1005859375,nan,nan,ok,
pm_periodic,plummer3d,2011,256,0.02,8,16,600,,nan,nan,87.90625,5.671875,0.20947265625,1411.2485083962138,261252263.50327662,0.011274509803921568,1.4609441522512103,144,-2.30078125,-2.6171875,-1.5546875,-27.96875,-22.0625,-0.08251953125,-0.0634765625,nan,nan,ok,
pm_periodic,plummer3d,2012,256,0.02,8,16,600,,nan,nan,82.8125,5.40234375,0.2001953125,1271.6569476951522,286593969.7340536,0.010232843137254902,1.5564235820475598,149,-3.421875,-3.265625,-2.19140625,-44.71875,-26.6875,-0.10791015625,-0.08642578125,nan,nan,ok,
pm_periodic,plummer3d,2013,256,0.02,8,16,600,,nan,nan,80.71875,5.4296875,0.18310546875,1042.4871350194899,260398228.72471178,0.00821078431372549,1.513505762466412,159,-3.546875,-4.18359375,-3.28515625,-39.90625,-24.65625,-0.08935546875,-0.07177734375,nan,nan,ok,
pm_periodic,plummer3d,2014,256,0.02,8,16,600,,nan,nan,78.28125,4.4921875,0.1513671875,975.2060828710153,254452336.21404707,0.008425245098039215,1.530179813860407,156,-3.02734375,-3.5703125,-3.18359375,-39.625,-45.3125,-0.06201171875,-0.0751953125,nan,nan,ok,
pm_periodic,plummer3d,2015,256,0.02,8,16,600,,nan,nan,81.96875,5.3046875,0.19580078125,1243.8186435277632,267217598.67813998,0.009895833333333333,1.5415327797958978,150,-3.296875,-3.57421875,-3.04296875,-38.4375,-33.28125,-0.103515625,-0.10400390625,nan,nan,ok,
pm_periodic,plummer3d,2016,256,0.02,8,16,600,,nan,nan,83.875,6.43359375,0.21630859375,1480.8736119783894,280451458.2493534,0.011917892156862744,1.5429258360787903,144,-4.1875,-4.46484375,-4.39453125,-35.53125,-13.25,-0.12548828125,-0.1201171875,nan,nan,ok,
pm_periodic,plummer3d,2017,256,0.02,8,16,600,,nan,nan,75.90625,5.72265625,0.173828125,1180.91288893623,313185746.00402546,0.009987745098039215,1.5868054780276013,153,-4.2109375,-4.83203125,-4.04296875,-39.25,-36.125,-0.0888671875,-0.08349609375,nan,nan,ok,
pm_periodic,plummer3d,2018,256,0.02,8,16,600,,nan,nan,71.21875,5.17578125,0.1943359375,1304.3704115714465,282040669.85101223,0.01050857843137255,1.495992287977231,157,-2.87890625,-3.26171875,-2.703125,-34.75,-11.6875,-0.091796875,-0.08203125,nan,nan,ok,
pm_periodic,plummer3d,2019,256,0.02,8,16,600,,nan,nan,82.8125,6.1796875,0.20556640625,1309.798559447409,300830181.00067663,0.010845588235294117,1.4881586670647773,147,-3.26171875,-3.73828125,-3.30078125,-28.3125,-28.84375,-0.08642578125,-0.0947265625,nan,nan,ok,
pm_periodic,plummer3d,2020,256,0.02,8,16,600,,nan,nan,75.15625,5.59765625,0.1865234375,1116.309597532925,287611849.8732332,0.008946078431372548,1.5230334407835828,157,-3.55078125,-4.03125,-3.58203125,-31.25,-26.4375,-0.0966796875,-0.0966796875,nan,nan,ok,
pm_periodic,plummer3d,2021,256,0.02,8,16,600,,nan,nan,86.03125,6.41796875,0.2138671875,1399.778911604093,251795028.62926546,0.011090686274509804,1.497872152502,147,-3.5625,-2.60546875,-2.57421875,-32.84375,-7.8125,-0.10400390625,-0.09228515625,nan,nan,ok,
pm_periodic,plummer3d,2022,256,0.02,8,16,600,,nan,nan,80.28125,5.37109375,0.1953125,1327.9155050666202,278878249.96801615,0.010294117647058823,1.5298899057793154,158,-2.734375,-3.2734375,-2.84375,-37.25,12.0625,-0.07373046875,-0.08984375,nan,nan,ok,
pm_periodic,plummer3d,2023,256,0.02,8,16,600,,nan,nan,80.1875,5.89453125,0.19580078125,1375.3483232138412,268038832.3003952,0.011029411764705883,1.5743783210157785,148,-3.56640625,-3.48828125,-2.5625,-29.96875,13.6875,-0.0888671875,-0.06884765625,nan,nan,ok,
pm_periodic,plummer3d,2024,256,0.02,8,16,600,,nan,nan,83.46875,6.63671875,0.255859375,1670.7284424809873,259391325.55673072,0.013419117647058823,1.5620705309126768,129,-2.3671875,-2.234375,-1.69140625,-27.78125,17.625,-0.119140625,-0.10498046875,nan,nan,ok,
pm_periodic,plummer3d,2025,256,0.02,8,16,600,,nan,nan,81.59375,6.0,0.203125,1266.9148049022683,261244204.46331716,0.010906862745098039,1.4491744352364133,147,-2.4453125,-2.34375,-2.5234375,-24.71875,-28.90625,-0.06884765625,-0.07373046875,nan,nan,ok,
pm_periodic,plummer3d,2026,256,0.02,8,16,600,,nan,nan,94.125,6.55078125,0.18701171875,1282.5952014313002,255255138.06645185,0.009926470588235294,1.4816691604867622,144,-4.02734375,-4.171875,-3.90234375,-41.65625,-35.125,-0.072265625,-0.07958984375,nan,nan,ok,
pm_periodic,plummer3d,2027,256,0.02,8,16,600,,nan,nan,84.5,5.9609375,0.2314453125,1522.4346426188222,246685631.04655796,0.012162990196078432,1.4872619425124212,151,-3.1796875,-2.73828125,-2.421875,-35.21875,-9.125,-0.1220703125,-0.10400390625,nan,nan,ok,
pm_periodic,plummer3d,2028,256,0.02,8,16,600,,nan,nan,86.1875,6.32421875,0.23046875,1738.929835293296,263025212.164159,0.012775735294117647,1.4769312318101644,141,-2.29296875,0.29296875,-2.0625,-35.28125,64.34375,-0.06689453125,-0.09228515625,nan,nan,ok,
pm_periodic,plummer3d,2029,256,0.02,8,16,600,,nan,nan,84.375,5.984375,0.2021484375,1164.260515320996,325799760.27746373,0.009957107843137254,1.521850936626533,152,-4.04296875,-4.4609375,-3.9453125,-37.90625,-31.28125,-0.1162109375,-0.1123046875,nan,nan,ok,
direct_isolated,bimodal3d,2000,256,0.05,8,16,600,0.0009156973018907329,2.856286980342296,10.207215146504616,48.4990234375,6.6132659912109375,0.4605100154876709,6267.1292952991,535297720.5890887,0.2458373533347857,2.12631600876034,124,-5.950550079345703,-6.3467254638671875,-6.4595184326171875,-34.444580078125,-47.1279296875,-0.4056909680366516,-0.44699931144714355,0.26915074486022106,2.0110295240746616,ok,
direct_isolated,bimodal3d,2001,256,0.05,8,16,600,0.0004900913867583069,3.096042776348411,13.70680355092683,47.009521484375,6.445217132568359,0.3895553946495056,4329.568985176603,360358690.0630001,0.22890836653386454,2.0342538698355304,139,-5.860393524169922,-6.22369384765625,-6.336345672607422,-35.112060546875,-45.635498046875,-0.33818119764328003,-0.37937039136886597,0.2887621741954959,2.6626960381651212,ok,
direct_isolated,bimodal3d,2002,256,0.05,8,16,600,0.0005258397100039639,3.4217548863133103,18.700280773778367,47.65234375,6.01165771484375,0.3687734603881836,5030.195393555298,425285177.172945,0.22459368873711502,2.2077756098942984,147,-5.521484375,-5.834720611572266,-5.942600250244141,-38.125,-46.685791015625,-0.319793701171875,-0.3607669472694397,0.3308812173422776,3.1377507612077515,ok,
direct_isolated,bimodal3d,2003,256,0.05,8,16,600,0.0004323161711395706,3.459994909677886,19.68501351576893,43.515625,5.300537109375,0.3391075134277344,3743.683912079588,345685273.05333626,0.20517173827869922,2.1128735512716608,134,-4.7800445556640625,-5.1788482666015625,-5.287052154541016,-35.3291015625,-43.418212890625,-0.290081262588501,-0.33740144968032837,0.3512515405839435,2.9968191986193995,ok,
direct_isolated,bimodal3d,2004,256,0.05,8,16,600,0.0009358054842766402,2.9584608466709326,11.893154837023268,47.71484375,6.39056396484375,0.4722890853881836,7473.900413529582,718334739.7772815,0.26304306583191045,2.158190716685068,132,-5.684207916259766,-6.026920318603516,-6.202671051025391,-34.492431640625,-44.205322265625,-0.41874128580093384,-0.45760399103164673,0.2871758999769699,2.595076552489994,ok,
direct_isolated,bimodal3d,2005,256,0.05,8,16,600,0.0004835787150258045,3.345045356949568,17.209213065355154,50.452880859375,6.164058685302734,0.3635558485984802,4680.013588433919,428046662.9488158,0.20966496834954454,2.176276942565377,138,-5.505626678466797,-5.95867919921875,-6.017822265625,-37.875732421875,-48.796875,-0.3104211688041687,-0.3531227111816406,0.3082749173632835,2.9082974812475384,ok,
direct_isolated,bimodal3d,2006,256,0.05,8,16,600,0.00043323594599565076,3.3411813860971304,18.84540424528794,48.4677734375,5.6796722412109375,0.3364865779876709,4222.901825147674,408242937.29824114,0.21188260558339297,2.149291865682702,168,-5.1465301513671875,-5.5439453125,-5.628955841064453,-39.6279296875,-47.956298828125,-0.2855536937713623,-0.3309028744697571,0.31096860198605925,2.852942915741889,ok,
direct_isolated,bimodal3d,2007,256,0.05,8,16,600,0.0010593143512108623,2.7704250376462785,9.746383472284716,48.734130859375,6.496089935302734,0.3762511610984802,7151.150759154869,702305844.1892469,0.23813493901497607,2.0641459339076054,139,-5.948619842529297,-6.29388427734375,-6.365001678466797,-38.039794921875,-47.375732421875,-0.32399576902389526,-0.3627282977104187,0.3133177483064701,2.2671878398037526,ok,
direct_isolated,bimodal3d,2008,256,0.05,8,16,600,0.0004633346162445584,3.7629262906013556,24.144453543461644,46.0849609375,5.4295501708984375,0.3532083034515381,5063.79638720682,533849807.8548697,0.20016064257028113,2.2801721770504577,131,-4.8992767333984375,-5.2987518310546875,-5.378498077392578,-37.2724609375,-45.302001953125,-0.3057382106781006,-0.34761935472488403,0.39277824669612127,3.311080476685859,ok,
direct_isolated,bimodal3d,2009,256,0.05,8,16,600,0.0008148351398643552,3.0935626642357312,13.047068411409338,47.6162109375,6.2811126708984375,0.4664895534515381,5852.58174263034,448547875.5025021,0.2604658634538153,2.1699396326750855,105,-5.6717376708984375,-6.0723876953125,-6.010303497314453,-36.6162109375,-42.268798828125,-0.4164407253265381,-0.44983750581741333,0.26509539448133457,2.752515782672109,ok,
direct_isolated,bimodal3d,2010,256,0.05,8,16,600,0.0008388916713447182,2.824361966196,10.36433785325343,47.294677734375,6.601528167724609,0.465667188167572,5498.705352215485,422541095.718225,0.2646025472112429,2.0774398055446763,129,-5.960308074951172,-6.322475433349609,-6.429225921630859,-32.569091796875,-45.548583984375,-0.40901726484298706,-0.4516224265098572,0.2462706219540074,2.5878222171953107,ok,
direct_isolated,bimodal3d,2011,256,0.05,8,16,600,0.0008008145200230186,2.9196261238744436,11.3645367344458,47.450927734375,6.179653167724609,0.428557813167572,5968.488373852053,534320158.7740754,0.23662086705564966,2.088137708391837,136,-5.594829559326172,-5.981353759765625,-6.0040283203125,-35.647216796875,-45.9140625,-0.37132424116134644,-0.4152851104736328,0.28605533523781224,2.3734304165882194,ok,
direct_isolated,bimodal3d,2012,256,0.05,8,16,600,0.0004921289461223168,3.456998669468534,19.49631419545354,49.27734375,5.83587646484375,0.3702383041381836,4701.563496876128,462691518.2282865,0.21485486624928857,2.190498817861189,179,-5.2782745361328125,-5.661746978759766,-5.781620025634766,-36.1533203125,-48.758056640625,-0.3191673755645752,-0.3641720414161682,0.31098562482625125,3.1473506094562347,ok,
direct_isolated,bimodal3d,2013,256,0.05,8,16,600,0.00041967729884294787,3.2659526414525346,16.698058399383605,44.478271484375,5.523342132568359,0.3519577383995056,3869.778712768703,330560193.39719975,0.21622310756972113,2.0924722354784553,127,-5.001918792724609,-5.377849578857422,-5.477993011474609,-36.013427734375,-44.075927734375,-0.302306592464447,-0.34709876775741577,0.3430315964365529,2.9855903841500733,ok,
direct_isolated,bimodal3d,2014,256,0.05,8,16,600,0.0004278264454374901,3.316611694630037,17.003567306646616,50.58984375,6.10540771484375,0.4083242416381836,4087.1312104101034,364962460.75518286,0.22181116802630746,2.1573915095783343,178,-5.574832916259766,-5.883274078369141,-5.871097564697266,-39.804931640625,-48.359619140625,-0.35477644205093384,-0.3988342881202698,0.3657851713723662,3.2143426257649237,ok,
direct_isolated,bimodal3d,2015,256,0.05,8,16,600,0.00047407291550324897,3.495968136294851,19.86481364980609,43.978271484375,5.796779632568359,0.3910202383995056,4332.886640704301,427864408.14175844,0.21666932270916334,2.217098455694524,135,-5.270427703857422,-5.686126708984375,-5.747844696044922,-36.135498046875,-43.596435546875,-0.3423907160758972,-0.3851897120475769,0.34118006010682256,2.855180234906129,ok,
direct_isolated,bimodal3d,2016,256,0.05,8,16,600,0.0004708870631194256,3.4828308332272946,20.643671488137137,45.578125,5.816162109375,0.3996543884277344,4384.103412204116,378391843.19892,0.22290061381742196,2.156818494504737,103,-5.285888671875,-5.65411376953125,-5.7516021728515625,-36.140625,-43.8837890625,-0.3546257019042969,-0.39382386207580566,0.36274185250831514,3.4075396828506106,ok,
direct_isolated,bimodal3d,2017,256,0.05,8,16,600,0.0004258011285291525,3.442874995911403,21.53690124474727,46.575927734375,5.984340667724609,0.389983594417572,4405.489466067694,382329471.67317414,0.2344249952945605,2.222324739687913,130,-5.520488739013672,-5.878265380859375,-5.946254730224609,-39.014404296875,-46.263427734375,-0.3433071970939636,-0.3860926032066345,0.4064265394506802,3.179486461218581,ok,
direct_isolated,bimodal3d,2018,256,0.05,8,16,600,0.0007283258887829261,3.0650985565875906,13.606908134537756,48.9677734375,5.7187347412109375,0.4395139217376709,6440.05678318292,543001825.7808107,0.23553577541937692,2.082491915566254,127,-5.064208984375,-5.5361175537109375,-5.579303741455078,-36.421875,-46.559814453125,-0.3829612731933594,-0.4281495213508606,0.28069261668108714,2.653899566749463,ok,
direct_isolated,bimodal3d,2019,256,0.05,8,16,600,0.0006937826193525453,3.0118623767198764,13.211473301681114,46.950927734375,5.589809417724609,0.394866406917572,5172.338281713732,452154509.02528816,0.22815107597716294,2.088313530668238,137,-5.008453369140625,-5.457988739013672,-5.515117645263672,-35.416015625,-46.420654296875,-0.34522485733032227,-0.3875958323478699,0.3135028882341936,2.458846593879278,ok,
direct_isolated,bimodal3d,2020,256,0.05,8,16,600,0.00030367521310569845,3.568354797682717,20.155809536512574,44.0224609375,5.4139251708984375,0.3292825222015381,3575.5916903891703,347234924.32005036,0.19399196787148595,2.1042468869694364,122,-4.921253204345703,-5.2362518310546875,-5.355060577392578,-35.694580078125,-43.520751953125,-0.2814539074897766,-0.32369357347488403,0.36757870987789265,2.9481738657879832,ok,
direct_isolated,bimodal3d,2021,256,0.05,8,16,600,0.000766833749223633,2.9249834561859864,10.425935166226969,47.103271484375,6.304592132568359,0.4393600821495056,6403.460797503311,549483400.0098311,0.25086852589641434,2.103549722166094,126,-5.600505828857422,-5.967205047607422,-6.208648681640625,-33.385498046875,-45.822265625,-0.3854510188102722,-0.42989587783813477,0.25195206199379594,2.357464120208908,ok,
direct_isolated,bimodal3d,2022,256,0.05,8,16,600,0.0007971782773322447,3.190207175276605,14.412876507719524,46.359375,6.152099609375,0.4269981384277344,7358.474579058671,640681544.1784672,0.257313569283009,2.207126014799356,128,-5.554935455322266,-5.922763824462891,-5.9062652587890625,-31.781494140625,-42.3447265625,-0.3771706223487854,-0.4124758243560791,0.2653356894643085,2.7159037171390303,ok,
direct_isolated,bimodal3d,2023,256,0.05,8,16,600,0.0004779623545374009,3.67691379728113,22.31190555423409,47.290771484375,5.773342132568359,0.3876022696495056,4933.817773665362,413934634.2017573,0.2224382470119522,2.248680128248116,113,-5.227825164794922,-5.625148773193359,-5.707763671875,-36.221435546875,-46.328125,-0.33928364515304565,-0.3805656433105469,0.35350595837522814,3.157566101412807,ok,
direct_isolated,bimodal3d,2024,256,0.05,8,16,600,0.0006130264538237444,3.28544331547175,16.405833325738215,49.7802734375,6.1210784912109375,0.4863889217376709,5855.456780812885,454197685.3881858,0.25290218169369144,2.2087616391163225,124,-5.4697265625,-5.9228363037109375,-5.99560546875,-36.3125,-48.5,-0.4348297119140625,-0.47863006591796875,0.3146917184809874,2.473140455636167,ok,
direct_isolated,bimodal3d,2025,256,0.05,8,16,600,0.000371194984153503,3.2586339774635604,13.78883478981172,43.609375,5.531005859375,0.3532676696777344,3555.6042939889617,354105364.1187092,0.20716337991380437,2.033136471897488,127,-4.756565093994141,-5.314453125,-5.474609375,-31.404541015625,-42.53125,-0.29835087060928345,-0.347442626953125,0.2519398554788239,2.526721388608072,ok,
direct_isolated,bimodal3d,2026,256,0.05,8,16,600,0.0005673862909508227,3.0262316715174604,12.137635446792556,55.1240234375,7.0038909912109375,0.4800412654876709,5303.031220895767,444469646.57398164,0.24596184370234353,2.0620690630940515,165,-6.400146484375,-6.7235107421875,-6.828662872314453,-40.953125,-49.737548828125,-0.4230003356933594,-0.46671372652053833,0.24702195112821168,2.453569696014022,ok,
direct_isolated,bimodal3d,2027,256,0.05,8,16,600,0.0008550493784372959,3.008402914913859,13.06419510373638,48.7490234375,6.4765472412109375,0.4483029842376709,7285.406227163207,605582873.1679739,0.2525598331829075,2.1124414687173805,137,-5.9540863037109375,-6.269092559814453,-6.368366241455078,-37.4365234375,-47.809814453125,-0.3952176570892334,-0.4369385838508606,0.30311279096235166,2.694074009842115,ok,
direct_isolated,bimodal3d,2028,256,0.05,8,16,600,0.0007372735500418997,3.0483536107458367,11.974075502064764,47.4990234375,6.2031097412109375,0.4155881404876709,6485.240473679347,545294330.5708768,0.2343219943356883,2.0744769217757417,131,-5.594409942626953,-5.9045257568359375,-5.941547393798828,-36.151611328125,-44.805908203125,-0.36008721590042114,-0.4018271565437317,0.3129958850269573,2.4718044525796996,ok,
direct_isolated,bimodal3d,2029,256,0.05,8,16,600,0.0005600263367924351,3.3311115886148266,19.314976566608557,46.8662109375,5.7537689208984375,0.4279153347015381,5106.791095316897,431652924.84670556,0.23376706827309238,2.1812036985544676,118,-5.251453399658203,-5.659412384033203,-5.725116729736328,-38.483642578125,-46.610595703125,-0.3831098675727844,-0.4247515797615051,0.3536671008513156,3.251715516687815,ok,
direct_isolated,cold_clumpy3d,2000,256,0.05,8,16,600,0.0004710607025500505,0.005882748167200534,0.8151221653144513,132.53125,13.9609375,0.6474609375,7310.7754416015705,770233341.0759249,0.19001225490196078,0.08911793142172385,101,0.41015625,7.3984375,3.8396568298339844,17.84375,185.066162109375,0.55712890625,0.322232186794281,-0.21508627373771494,-0.44669055709657224,ok,
direct_isolated,cold_clumpy3d,2001,256,0.05,8,16,600,0.00048429273418138126,0.0059719687933880395,0.9516667579730871,125.9375,14.3515625,0.65380859375,7174.514946170245,774878089.7805716,0.19381127450980393,0.08851093213500258,96,0.640625,5.04296875,19.577987670898438,69.59375,267.8662109375,0.33154296875,0.5411965847015381,-0.09143660659078223,-0.5146398832956515,ok,
direct_isolated,cold_clumpy3d,2002,256,0.05,8,16,600,0.0001723491928328794,0.006355139316900048,0.78885546452854,104.875,9.4140625,0.56396484375,6943.405544929168,701707998.790415,0.1868872549019608,0.08863190203419594,68,3.4375,3.4960784912109375,5.0224609375,31.34375,112.78125,0.51611328125,0.1415863037109375,-0.09575608722969031,-0.6028055678813657,ok,
direct_isolated,cold_clumpy3d,2003,256,0.05,8,16,600,0.00021403717181478293,0.005960197895880819,0.6453605060184906,128.3125,9.69140625,0.6630859375,7309.38089076309,741792753.0675995,0.18958333333333333,0.08493385781157964,87,4.39453125,9.48046875,6.3589935302734375,64.0625,98.6630859375,0.24951171875,0.26983046531677246,-0.08162248970889718,-0.40904551805139844,ok,
direct_isolated,cold_clumpy3d,2004,256,0.05,8,16,600,0.0005465169459902854,0.005518996694024334,0.7488200119031343,152.59375,14.58984375,0.759765625,7603.623748374284,789651065.1724845,0.20925245098039216,0.089875953851935,158,2.1328125,-0.6251373291015625,4.662685394287109,16.8125,29.302490234375,0.3037109375,0.8054899573326111,-0.0985072814323073,-0.3610312294196236,ok,
direct_isolated,cold_clumpy3d,2005,256,0.05,8,16,600,9.535769535939677e-05,0.005744978206607691,0.76875504169961,127.21875,10.99609375,0.74658203125,6978.174167391084,672819753.2473702,0.1922794117647059,0.0871326931056169,105,3.6875,7.4765625,11.06634521484375,48.5,143.33984375,0.08984375,0.4322500228881836,-0.1214820765915891,-0.36220837541529294,ok,
direct_isolated,cold_clumpy3d,2006,256,0.05,8,16,600,0.0009955841532591776,0.005820465968270324,0.8917848060804173,121.90625,11.09765625,0.587890625,7534.406623522045,728834985.1848793,0.1951593137254902,0.08947549922756792,88,14.0390625,12.84765625,11.601253509521484,165.28125,143.089599609375,0.88671875,1.8047131896018982,-0.12947881627863134,-0.5596051195788123,ok,
direct_isolated,cold_clumpy3d,2007,256,0.05,8,16,600,0.0003128358136176272,0.005000155680707303,0.8935986212741652,151.53125,12.4296875,0.63134765625,7730.519758574443,795778044.9566609,0.19194240196078433,0.08264099424760077,112,7.39453125,1.796875,14.4248046875,100.9375,154.8125,0.8203125,1.5551605224609375,-0.12103986601159777,-0.44109235549274833,ok,
direct_isolated,cold_clumpy3d,2008,256,0.05,8,16,600,0.0002797745393406885,0.006399506474480656,0.668262227235265,169.34375,18.734375,0.6943359375,8684.27950598433,749314412.7524996,0.24764093137254903,0.09398099455847074,74,0.66015625,5.8203125,5.5584564208984375,3.8125,289.7724609375,0.751953125,0.9454934597015381,-0.04753391051596889,-0.40591963192555,ok,
direct_isolated,cold_clumpy3d,2009,256,0.05,8,16,600,0.00023582567101695055,0.006520547550015265,0.8033120466791916,155.6875,12.20703125,0.73193359375,8448.087075084632,891408378.1024613,0.19200367647058825,0.08942620706992466,102,6.546875,2.828125,11.53070068359375,100.96875,102.74609375,0.47265625,0.5374670028686523,-0.10400234792237273,-0.46987015451441316,ok,
direct_isolated,cold_clumpy3d,2010,256,0.05,8,16,600,0.00014154000683077241,0.005027626636955575,0.6831417557364444,132.875,11.73046875,0.62451171875,7215.61172006987,729341768.7168005,0.1953125,0.08152179894858902,173,16.43359375,19.257675170898438,6.79241943359375,473.78125,398.18359375,1.22021484375,0.49938106536865234,-0.25100311381119955,-0.2976146288160078,ok,
direct_isolated,cold_clumpy3d,2011,256,0.05,8,16,600,0.0003338423270463645,0.005644196929036138,0.8681598342696955,173.25,15.59765625,0.63134765625,6590.503922984619,670355889.7241511,0.1921875,0.08869741699434514,118,3.03125,0.046875,17.468612670898438,-0.21875,256.8662109375,0.80419921875,0.5280129909515381,-0.07609808343260305,-0.4469673637821149,ok,
direct_isolated,cold_clumpy3d,2012,256,0.05,8,16,600,3.296836356962776e-05,0.00605518240646849,0.9855978505333117,173.625,13.515625,0.56494140625,7462.091824067685,728695468.8336761,0.18832720588235294,0.0911553845971768,132,52.91796875,14.726425170898438,15.964462280273438,368.4375,478.2880859375,1.56689453125,1.0398499965667725,-0.19204975977103717,-0.3278358382518582,ok,
direct_isolated,cold_clumpy3d,2013,256,0.05,8,16,600,0.0001271503194505341,0.0056890775797679705,0.734218572602958,216.375,16.33203125,0.6396484375,6029.82777019196,633946090.461823,0.1896139705882353,0.08630483368188493,104,5.40625,-0.29296875,0.7261009216308594,9.71875,-40.701416015625,1.658203125,0.08943980932235718,-0.16596029911036592,-0.5002651671903187,ok,
direct_isolated,cold_clumpy3d,2014,256,0.05,8,16,600,0.00016272499601797114,0.006150019329586184,0.6137351763805434,125.8125,12.26171875,0.67236328125,7121.438599126474,683838474.1173143,0.19292279411764707,0.08511484675430245,83,1.6015625,3.17578125,2.9370384216308594,3.90625,105.923583984375,0.45751953125,0.09188121557235718,-0.09972435757421372,-0.4174598561062627,ok,
direct_isolated,cold_clumpy3d,2015,256,0.05,8,16,600,0.0006761804309506896,0.006776307691000503,1.0023491556955029,84.96875,10.3671875,0.57080078125,7733.279626337118,768590141.78501,0.18964460784313725,0.08924968429635668,87,3.51953125,4.40625,16.90765380859375,37.90625,159.74609375,0.3525390625,0.5458593368530273,-0.04299657057885087,-0.4372625047096036,ok,
direct_isolated,cold_clumpy3d,2016,256,0.05,8,16,600,9.505208912403969e-05,0.006121916509104856,0.9471768782739922,196.28125,12.6796875,0.68994140625,7384.208219584891,731515177.0081108,0.19739583333333333,0.08836549605982538,123,2.6875,17.76953125,13.967647552490234,-6.96875,112.663818359375,0.80517578125,0.8869761824607849,-0.1023393475180987,-0.5502984977023704,ok,
direct_isolated,cold_clumpy3d,2017,256,0.05,8,16,600,9.981186969945722e-05,0.006650942181159318,0.6402826702025913,140.125,13.07421875,0.533203125,6585.184192596721,657562687.3932524,0.1895220588235294,0.0883311658876342,112,-0.4375,5.6953125,0.6946678161621094,40.03125,163.880615234375,0.7314453125,0.45522063970565796,-0.10717875337913907,-0.3971788277303204,ok,
direct_isolated,cold_clumpy3d,2018,256,0.05,8,16,600,0.00016935595533613433,0.006110068454250567,0.6143758388324253,115.75,10.453125,0.57470703125,7568.646161344881,734063487.1774755,0.19375,0.0851790125272335,107,1.7734375,9.89453125,1.58148193359375,11.09375,86.49609375,0.587890625,0.19274044036865234,-0.05941105903234656,-0.4751260142097928,ok,
direct_isolated,cold_clumpy3d,2019,256,0.05,8,16,600,0.0003126081513566303,0.00518032803237127,0.7132480693424765,191.84375,13.66796875,0.70703125,8527.752136301473,849857473.7348568,0.2064031862745098,0.08580680898487708,126,7.875,14.296875,7.96429443359375,135.25,68.65234375,0.54150390625,0.8748693466186523,-0.17991106302293802,-0.36963544304443197,ok,
direct_isolated,cold_clumpy3d,2020,256,0.05,8,16,600,0.00032353180638121945,0.004653158204341596,0.7279363673255759,134.09375,8.73828125,0.55615234375,7877.5369135958335,824006757.3350823,0.21087622549019608,0.08883990627625661,205,34.30078125,23.070297241210938,24.87496566772461,516.15625,345.169677734375,1.08447265625,0.618499219417572,-0.22710835149805167,-0.24653598944360466,ok,
direct_isolated,cold_clumpy3d,2021,256,0.05,8,16,600,0.0001368006177910275,0.005630377139519199,0.5830376464809158,173.78125,16.4765625,0.630859375,7912.705537736584,821374924.1326758,0.1910845588235294,0.08107894791472815,92,9.12109375,0.44140625,-1.554931640625,110.75,150.609375,1.47802734375,-0.010990142822265625,-0.1153607660655116,-0.40234443433512007,ok,
direct_isolated,cold_clumpy3d,2022,256,0.05,8,16,600,0.00018767363538822916,0.0062858431212539844,0.9273457827277083,167.6875,17.703125,0.65380859375,8663.988492933124,887633590.4445081,0.1953125,0.09033758976908543,66,0.25,-3.96484375,23.68304443359375,-18.1875,251.18359375,0.7216796875,1.9197912216186523,-0.10645574894974597,-0.5290684873306664,ok,
direct_isolated,cold_clumpy3d,2023,256,0.05,8,16,600,0.00012333697987571286,0.006254955442134175,0.6937922082053775,144.1875,14.31640625,0.60498046875,6907.485932426616,708866924.667343,0.19378063725490197,0.08999171152536631,143,2.859375,-3.51953125,10.81985092163086,45.21875,170.423583984375,0.4931640625,0.2764515280723572,-0.11770538124922147,-0.34545332560650654,ok,
direct_isolated,cold_clumpy3d,2024,256,0.05,8,16,600,0.00034009905709727077,0.006509665621111977,0.8297243311135283,132.125,11.68359375,0.6513671875,7106.501119661632,663340105.291546,0.19482230392156863,0.088920527197238,89,2.15234375,6.13671875,19.32025146484375,-5.96875,213.21484375,0.54736328125,0.5186758041381836,-0.08551767087577533,-0.42985038250770335,ok,
direct_isolated,cold_clumpy3d,2025,256,0.05,8,16,600,0.00014882316599451522,0.006571552501542909,0.6409653515936188,133.1875,11.9375,0.68212890625,8236.14237520334,814579327.4755594,0.19163602941176472,0.08750589285903568,65,6.64453125,4.97265625,14.30031967163086,27.4375,176.298583984375,0.669921875,0.3272327780723572,-0.07091977247635528,-0.4310798828866503,ok,
direct_isolated,cold_clumpy3d,2026,256,0.05,8,16,600,0.00029139138432259827,0.005836452441328709,0.9127250233190282,133.09375,11.578125,0.7353515625,7112.006508234669,742074070.7644961,0.1885110294117647,0.08320573596884465,139,1.4140625,3.24609375,14.76116943359375,-8.8125,155.12109375,0.29150390625,0.6566076278686523,-0.12482090199349061,-0.4452208024232546,ok,
direct_isolated,cold_clumpy3d,2027,256,0.05,8,16,600,0.0001428856677730895,0.006133455635021339,0.7882767022051104,148.09375,14.8984375,0.70947265625,7029.459404869411,698270318.2443675,0.18826593137254902,0.08861910387252786,97,3.13671875,-2.84765625,3.49945068359375,12.1875,155.15234375,0.57177734375,0.26891231536865234,-0.0804113792654193,-0.4011114336834174,ok,
direct_isolated,cold_clumpy3d,2028,256,0.05,8,16,600,0.0002954675974769118,0.005859043437260732,0.6597090843931557,142.03125,14.9765625,0.6572265625,6825.835078490217,719454736.9932201,0.18915441176470588,0.08817035493545192,100,2.7578125,0.48828125,5.367092132568359,18.78125,49.572021484375,0.80224609375,0.8500046133995056,-0.11322518725177533,-0.2401393456427771,ok,
direct_isolated,cold_clumpy3d,2029,256,0.05,8,16,600,0.00019188400576153382,0.005332626207302748,0.6504691907510581,151.0625,17.17578125,0.60107421875,7796.686280378983,825399491.6206928,0.18985906862745097,0.08579798453573333,148,-2.15625,-6.746128082275391,-1.3947181701660156,15.5,41.753662109375,0.70361328125,0.672818124294281,-0.12444350675947508,-0.2420095958663982,ok,
direct_isolated,hernquist3d,2000,256,0.05,8,16,600,0.0005300704109714949,1.8205822355312278,1.69307047840143,34.732177734375,2.6654930114746094,0.13518470525741577,2180.5968089879575,326097544.4489261,0.10811525244514936,1.2240244830250626,141,-0.82037353515625,-1.27471923828125,-0.4920463562011719,-3.94140625,-4.694091796875,-0.058411598205566406,-0.04012840986251831,0.099419459219727,0.5295954738803836,ok,
direct_isolated,hernquist3d,2001,256,0.05,8,16,600,0.00022771922372086728,2.2236593129096223,2.433209408935942,31.3193359375,1.7486419677734375,0.09568190574645996,1064.5207356767444,237108467.91643247,0.08293364094469066,1.150076948970016,133,-0.8296089172363281,-0.6353607177734375,-0.7529487609863281,-11.985595703125,-1.954345703125,-0.03765136003494263,-0.04878264665603638,0.14376475632883035,0.9613555484483409,ok,
direct_isolated,hernquist3d,2002,256,0.05,8,16,600,0.0003849705102959988,2.173165552420056,2.3373684132982193,36.915771484375,2.5560569763183594,0.11925357580184937,1389.8168362214985,230182807.9651174,0.11684204473578287,1.2388749239810835,126,-0.7694969177246094,-0.2651786804199219,-1.0939140319824219,-10.200927734375,-1.088623046875,-0.03378242254257202,-0.06192272901535034,0.21749547841255956,1.3288781794995443,ok,
direct_isolated,hernquist3d,2003,256,0.05,8,16,600,0.0008891965057180398,2.1245249917882014,2.2377248594152324,35.804443359375,2.3590049743652344,0.10970491170883179,1298.4389638086564,287424070.6391113,0.1140215716486903,1.2091732521139409,122,-0.835784912109375,-1.5570182800292969,-0.8944053649902344,-6.427734375,-5.726318359375,-0.049191951751708984,-0.05441087484359741,0.13226000643457658,0.8424157513646738,ok,
direct_isolated,hernquist3d,2004,256,0.05,8,16,600,0.0009121263437282096,1.884915060532968,1.8102206180313924,38.6474609375,2.5418548583984375,0.13047575950622559,1845.0101355489176,375706348.0136349,0.11352099676972774,1.2223247176219485,132,-0.8188972473144531,-0.9644355773925781,-0.16020584106445312,-8.956298828125,-5.018798828125,-0.02826768159866333,-0.03122025728225708,0.152095015953512,0.5207084736067771,ok,
direct_isolated,hernquist3d,2005,256,0.05,8,16,600,0.00014879427695495924,2.4469318704786653,3.0670315480815087,27.849365234375,1.9031639099121094,0.08720153570175171,917.9177967734282,229098781.44214237,0.08951101625761095,1.2407952450011146,123,-0.9575004577636719,-1.25421142578125,-1.2946586608886719,-6.733154296875,-14.530029296875,-0.03220337629318237,-0.0539509654045105,0.13195348433862464,1.303607329967865,ok,
direct_isolated,hernquist3d,2006,256,0.05,8,16,600,0.00031971722548721344,2.2472626472802157,2.4886859031204542,30.390380859375,2.2260704040527344,0.10109704732894897,1425.9745178548753,313222262.309685,0.08211628547809313,1.2241190852503643,141,-0.7559165954589844,-1.416595458984375,-0.17408370971679688,-4.113037109375,7.780517578125,-0.02685636281967163,-0.02667635679244995,0.11903864270552289,1.0486685702567082,ok,
direct_isolated,hernquist3d,2007,256,0.05,8,16,600,0.00014451191844390082,1.7372016036206994,1.6196720253241346,39.390380859375,2.9614219665527344,0.13376611471176147,1393.7546153599806,234678314.0542366,0.12321891191709844,1.1370085186099177,130,-0.3573112487792969,-0.11524581909179688,-0.20513534545898438,-4.321044921875,17.949462890625,-0.017576396465301514,-0.03888028860092163,0.017395006207715613,0.22171930146737218,ok,
direct_isolated,hernquist3d,2008,256,0.05,8,16,600,0.00041444026958869297,2.3282540458731704,2.6911839404988025,33.335693359375,2.2886924743652344,0.11751741170883179,2501.845866846762,366113538.6078792,0.11896507447354905,1.3001766904057317,128,-1.1750602722167969,-1.0885009765625,-0.96826171875,-10.094482421875,-6.40625,-0.04201143980026245,-0.06481170654296875,0.23466568096964302,1.2645935808293347,ok,
direct_isolated,hernquist3d,2009,256,0.05,8,16,600,0.0007130527761373405,1.8807485670750992,1.7898311139524306,39.8427734375,2.5829925537109375,0.1383817195892334,1720.6412796962463,278376030.1838189,0.11997222370599861,1.2379299608987802,127,-0.8824043273925781,-0.4297332763671875,-1.1671142578125,-10.489501953125,-10.1640625,-0.03328830003738403,-0.05693244934082031,0.11223672828423104,0.5369237077074973,ok,
direct_isolated,hernquist3d,2010,256,0.05,8,16,600,0.0003381625746184698,1.8086275878520859,1.6693771247777618,34.9287109375,2.5477142333984375,0.13514494895935059,1983.248615705289,282537908.50199914,0.13124091833769252,1.1901230845656006,115,-0.7817878723144531,0.7642364501953125,-0.5340576171875,-4.925048828125,44.3203125,-0.04172593355178833,-0.06291007995605469,0.1260432206177901,0.6875239751168118,ok,
direct_isolated,hernquist3d,2011,256,0.05,8,16,600,0.00042481724667447666,1.8535044657018451,1.7668044303108397,34.325927734375,2.7055320739746094,0.13434547185897827,1858.3301902353387,334901883.5377767,0.12349431498367669,1.1578060013908884,128,-1.0546875,-0.703369140625,0.035129547119140625,-1.75,3.045166015625,-0.03759765625,-0.05264323949813843,0.07306442121746248,0.21954850419177385,ok,
direct_isolated,hernquist3d,2012,256,0.05,8,16,600,0.0004365429437469003,2.1958150597497554,2.360811096449495,33.46484375,2.53314208984375,0.1072683334350586,1273.8829234191928,251936790.66421902,0.10205939242234612,1.2355119381099564,130,-1.20599365234375,-1.3762245178222656,-0.8011016845703125,-9.83984375,-7.3642578125,-0.044173240661621094,-0.03632092475891113,0.11753400115183676,0.9982548951581627,ok,
direct_isolated,hernquist3d,2013,256,0.05,8,16,600,0.00038483720687448544,2.1869590666614087,2.438045400854355,35.232177734375,2.0610008239746094,0.10114234685897827,1016.0234660502338,254266395.14727485,0.08409321175278622,1.2167675564423384,142,-0.8158836364746094,-1.37646484375,-1.4632377624511719,-12.200927734375,-13.225341796875,-0.04341834783554077,-0.06226128339767456,0.160822511952876,1.1903051102466105,ok,
direct_isolated,hernquist3d,2014,256,0.05,8,16,600,0.00023024012710344457,2.42031921005824,3.0026899728072256,24.0458984375,1.8337249755859375,0.08999228477478027,1322.9137501528555,248693232.6255558,0.09853165902597834,1.233218030958821,124,-1.0715789794921875,-1.2511787414550781,-1.0536994934082031,-2.7685546875,-12.546142578125,-0.03950953483581543,-0.054641544818878174,0.06121159221882566,1.2071520180937236,ok,
direct_isolated,hernquist3d,2015,256,0.05,8,16,600,0.00044407816927373114,2.2216550211659523,2.460797144922788,30.995849609375,2.2531089782714844,0.12520116567611694,1496.427880664867,261119225.92021525,0.11967813607157869,1.2566861372686535,126,-0.7036857604980469,-0.6575431823730469,-1.3964347839355469,-3.739013671875,-6.168701171875,-0.05539816617965698,-0.08398360013961792,0.12211648010329079,1.0107122371254715,ok,
direct_isolated,hernquist3d,2016,256,0.05,8,16,600,0.00046568424464665825,1.8996600114189495,1.8247931089770424,40.472412109375,2.7376060485839844,0.12776654958724976,1751.5679168362078,285764574.2139547,0.10654281508552865,1.2440578644738336,141,-1.1185264587402344,-1.024169921875,-0.881256103515625,-6.382568359375,-7.244140625,-0.05565446615219116,-0.03873300552368164,0.1814027753649909,0.7317531462142193,ok,
direct_isolated,hernquist3d,2017,256,0.05,8,16,600,0.00022850966463877357,2.295235871473798,2.6887498403095687,34.77734375,2.26751708984375,0.0999441146850586,1154.0210954912252,262993062.85193938,0.09176243031061554,1.2766153444859327,135,-0.9983558654785156,-1.4560279846191406,-1.3841590881347656,-5.410400390625,-11.289306640625,-0.03955560922622681,-0.05785185098648071,0.17160360063942393,1.4072757768062059,ok,
direct_isolated,hernquist3d,2018,256,0.05,8,16,600,0.00047409428118406387,2.171165665156755,2.3039215531816803,30.458740234375,2.4034080505371094,0.12590163946151733,1686.8907282899781,281526404.9535995,0.13644307030514854,1.1854234467084361,108,-1.04827880859375,-1.005950927734375,-0.8553276062011719,-8.55859375,-0.444091796875,-0.050131797790527344,-0.04952782392501831,0.18139802639642721,0.9521602042408501,ok,
direct_isolated,hernquist3d,2019,256,0.05,8,16,600,0.0017955257823301395,1.9509087862986683,1.9107979053746387,36.577880859375,2.3159141540527344,0.11623376607894897,1546.8428218555118,295271391.52691483,0.09517773491319922,1.199493829449735,139,-0.556732177734375,-0.814361572265625,-0.857940673828125,-2.224609375,-5.939453125,-0.03311300277709961,-0.06321001052856445,0.0579386064475913,0.911707669196504,ok,
direct_isolated,hernquist3d,2020,256,0.05,8,16,600,0.0002753703031496772,2.2655629577827336,2.548908366159261,33.9208984375,2.0510101318359375,0.10455679893493652,1297.867247346153,289773858.70007,0.10004443598044817,1.2316571482833876,121,-0.8143196105957031,-1.1537361145019531,-1.0760688781738281,-8.038330078125,-18.196533203125,-0.05047398805618286,-0.059690773487091064,0.164327171264106,0.8612400731086977,ok,
direct_isolated,hernquist3d,2021,256,0.05,8,16,600,0.0002816263345020479,1.8062336353785176,1.6841999771819194,40.732177734375,2.6186180114746094,0.13225501775741577,1395.0576246694934,221685067.4243775,0.11477663230240549,1.1896160526896635,139,-1.1083984375,-0.800537109375,-0.8014945983886719,-8.0625,9.126220703125,-0.0594329833984375,-0.035381019115448,0.09780670354893922,0.421206251119493,ok,
direct_isolated,hernquist3d,2022,256,0.05,8,16,600,0.0009741560982037687,2.0912199754546106,2.175963427322121,31.169677734375,2.3422508239746094,0.12262672185897827,1549.496622232827,286586716.1203681,0.11550151975683891,1.2358787514762195,134,-0.6728782653808594,-0.8653564453125,-0.854949951171875,0.013916015625,-6.123046875,-0.04985088109970093,-0.06523847579956055,0.02599301088775907,0.6720098877634777,ok,
direct_isolated,hernquist3d,2023,256,0.05,8,16,600,0.00039953163598121355,2.2172419135763297,2.4033748710700613,36.46484375,2.61907958984375,0.1238698959350586,1510.6001413482213,270440280.7958977,0.11639549436795996,1.2610882402422625,131,-0.8448219299316406,-1.30364990234375,-0.8115577697753906,-2.959228515625,16.575927734375,-0.047410547733306885,-0.06007438898086548,0.19443513573531723,1.0109422301055493,ok,
direct_isolated,hernquist3d,2024,256,0.05,8,16,600,0.000399120091119387,1.8675090635399214,1.8021912589053448,41.572021484375,3.4593772888183594,0.15173953771591187,1735.3435664722308,252134076.95041525,0.1456024033979074,1.2343521359604044,135,-0.8539085388183594,-0.20304489135742188,-0.47344970703125,-3.665771484375,4.38671875,-0.026495397090911865,-0.04096698760986328,0.13111796571933454,0.31299141683737985,ok,
direct_isolated,hernquist3d,2025,256,0.05,8,16,600,0.00044084326578988116,1.8873375711171414,1.8212010668890855,35.859130859375,2.5864219665527344,0.12351220846176147,1143.1098061820546,230694888.06981456,0.10281735751295337,1.161483513235251,135,-0.8004264831542969,-0.60345458984375,-0.728485107421875,-6.336669921875,-6.841796875,-0.04549616575241089,-0.0560603141784668,0.09470439052392277,0.42235221937959444,ok,
direct_isolated,hernquist3d,2026,256,0.05,8,16,600,0.04214650596385936,2.001359474313229,2.002732463580281,38.8427734375,2.6689300537109375,0.1076200008392334,1017.1120606781827,227641796.9021306,0.09390524010469527,1.1915165006937385,145,-1.0092658996582031,-0.992431640625,-1.3233642578125,-9.077392578125,-6.1953125,-0.028007328510284424,-0.05577278137207031,0.11403440090950684,1.047750535822088,ok,
direct_isolated,hernquist3d,2027,256,0.05,8,16,600,0.000697871528249118,1.9330824835705303,1.899168443344365,33.296630859375,2.6674766540527344,0.15724939107894897,2000.8027149836455,266172889.72293824,0.13607054284926978,1.1636759839498594,121,-0.35577392578125,-0.6657676696777344,-0.26837158203125,1.10546875,8.10546875,-0.05548572540283203,-0.04826068878173828,0.0866157072096213,0.46763518985761354,ok,
direct_isolated,hernquist3d,2028,256,0.05,8,16,600,0.0003555268366892896,1.7770069598703335,1.6625659794064607,38.3427734375,3.2158050537109375,0.1540067195892334,2373.7969033564023,316037079.98883235,0.13300571550665027,1.1571256910028498,132,-0.8423042297363281,-0.4617500305175781,-0.7389106750488281,-1.298095703125,14.694091796875,-0.016731560230255127,-0.06022101640701294,0.1465312080749035,0.39451210165956263,ok,
direct_isolated,hernquist3d,2029,256,0.05,8,16,600,0.0006240908812947991,2.182825154276054,2.3899563600998954,35.191162109375,1.9602622985839844,0.10384076833724976,1459.76274442932,362971522.7161863,0.0708593472412568,1.236704842599111,150,-0.8079185485839844,-1.1987876892089844,-0.9829826354980469,-12.191162109375,-13.957763671875,-0.042073190212249756,-0.05573385953903198,0.17295846437575924,1.1001676416274255,ok,
direct_isolated,plummer3d,2000,256,0.05,8,16,600,0.00021406098281394039,1.5898959661578413,1.2218080657300638,94.628662109375,5.859188079833984,0.199673593044281,1511.4536630982034,253198941.21229577,0.13580126959450706,1.4973064848473183,193,-3.109832763671875,-2.774810791015625,-2.95263671875,-36.529296875,-43.21875,-0.09308576583862305,-0.10869598388671875,0.140721550023661,0.19909224014223098,ok,
direct_isolated,plummer3d,2001,256,0.05,8,16,600,0.00030989177174992137,1.7929680398804755,1.5419732344405743,77.870849609375,5.245784759521484,0.1787366271018982,1030.6979904775496,274589216.5404061,0.10420986800961127,1.4604320551513283,173,-3.458568572998047,-3.753368377685547,-3.644561767578125,-34.645263671875,-27.533203125,-0.09606283903121948,-0.1137089729309082,0.20165119900438477,0.26221431990665706,ok,
direct_isolated,plummer3d,2002,256,0.05,8,16,600,0.0007922453589681345,1.8885971942204332,1.7093956110710637,81.7958984375,6.0265960693359375,0.19328665733337402,1384.5048900901236,251258596.53716224,0.13675799869688968,1.5551167050889434,171,-3.8889617919921875,-3.8469085693359375,-4.075305938720703,-37.8310546875,-45.741455078125,-0.10556483268737793,-0.12248402833938599,0.22742792613238455,0.5415552386246436,ok,
direct_isolated,plummer3d,2003,256,0.05,8,16,600,0.0006438403315153702,1.826320774041555,1.6122757873218163,75.7958984375,5.7531585693359375,0.20158743858337402,1294.4385445863254,266018263.0805085,0.1306196632488598,1.5032308201205238,157,-3.952880859375,-4.48974609375,-3.8831024169921875,-26.609375,-31.6435546875,-0.12786483764648438,-0.12408900260925293,0.19864156295518398,0.2456456898822983,ok,
direct_isolated,plummer3d,2004,256,0.05,8,16,600,0.0002580009607848614,1.6749640476302494,1.3542062485446396,94.453125,6.484130859375,0.20922470092773438,1494.8295373557771,273037953.32481194,0.14160245526968787,1.5280338464565164,166,-3.9894142150878906,-4.40625,-3.3502540588378906,-48.588134765625,-48.056884765625,-0.11320739984512329,-0.10090118646621704,0.19005487666189896,0.1806485262843393,ok,
direct_isolated,plummer3d,2005,256,0.05,8,16,600,0.0016068060221651542,1.9526598427314144,1.8751235351547788,75.409912109375,5.105281829833984,0.167447030544281,983.1783003976346,271115652.3730879,0.10189143671460034,1.5164984773422814,183,-3.353759765625,-4.261180877685547,-3.709545135498047,-29.390625,-30.707763671875,-0.08688735961914062,-0.11151999235153198,0.20228511921263748,0.6348164748934678,ok,
direct_isolated,plummer3d,2006,256,0.05,8,16,600,0.0005737691614199752,1.8739589335520608,1.671973321874473,79.43359375,5.57757568359375,0.17809200286865234,1180.2540104379052,263780893.12169543,0.12079201241314173,1.538708910038101,172,-3.7793731689453125,-4.545291900634766,-4.165866851806641,-38.5361328125,-44.974853515625,-0.09091305732727051,-0.12005382776260376,0.20956705972735656,0.4699028677274123,ok,
direct_isolated,plummer3d,2007,256,0.05,8,16,600,9.77463623048198e-05,1.553220139318798,1.24729025720531,83.308349609375,6.515316009521484,0.2075452208518982,1484.3163285981614,264267299.49336487,0.14591356439880188,1.4395762514291681,176,-3.51226806640625,-3.055492401123047,-3.291698455810547,-22.53515625,-31.590576171875,-0.10041141510009766,-0.0965072512626648,0.11909128840843014,0.10493919724571321,ok,
direct_isolated,plummer3d,2008,256,0.05,8,16,600,0.00412326860720766,2.0218653194971314,2.0596540630967093,76.71484375,5.75335693359375,0.20201778411865234,1447.9206198199868,292801028.2246618,0.12716724009984484,1.6019735892217,168,-4.163272857666016,-4.424503326416016,-4.278629302978516,-36.808837890625,-31.566650390625,-0.1227598786354065,-0.1419573426246643,0.24245627149580734,0.5090850174832116,ok,
direct_isolated,plummer3d,2009,256,0.05,8,16,600,0.0002899123504021666,1.6858875019397537,1.397998844401128,83.784912109375,6.284969329833984,0.230435311794281,1465.0853231812382,276620387.6461792,0.14428682471822776,1.5234260452375954,170,-3.863842010498047,-3.810943603515625,-2.392650604248047,-34.489013671875,-7.895263671875,-0.11869162321090698,-0.12725943326950073,0.2010446840606534,0.20399545714046724,ok,
direct_isolated,plummer3d,2010,256,0.05,8,16,600,0.0001527850305109759,1.6069475000765132,1.238309824184439,85.597412109375,5.796688079833984,0.215298593044281,1491.4272813717484,274275653.0118158,0.13926674439694262,1.479277860756759,154,-3.520092010498047,-2.459381103515625,-3.2210655212402344,-35.614013671875,-21.351318359375,-0.12113302946090698,-0.11859697103500366,0.19214364720057747,0.26979250620846446,ok,
direct_isolated,plummer3d,2011,256,0.05,8,16,600,0.00017203218019229397,1.638939489680444,1.3428853655083164,87.972412109375,5.663875579833984,0.207974374294281,1450.1742049573975,255463781.96319088,0.13803601502785334,1.4556760060155793,174,-2.7234458923339844,-3.233226776123047,-2.989593505859375,-28.222412109375,-34.708984375,-0.0971497893333435,-0.10292577743530273,0.14629124905196478,0.1568794077393892,ok,
direct_isolated,plummer3d,2012,256,0.05,8,16,600,0.0007540358372485059,1.8718291494568027,1.706913054597812,83.714599609375,5.402034759521484,0.1982678771018982,1317.4974233477997,277580625.8732196,0.12840262005858924,1.5504297011714572,158,-3.5526695251464844,-3.69268798828125,-3.4577598571777344,-45.230224609375,-38.562255859375,-0.10284322500228882,-0.1217460036277771,0.21665635567974256,0.2934187500979343,ok,
direct_isolated,plummer3d,2013,256,0.05,8,16,600,0.00035426452145958934,1.803314276065101,1.5546341859882022,81.943115234375,5.429042816162109,0.18031829595565796,1097.321816534665,245546023.45604813,0.11804917865523926,1.5195937706170788,170,-3.548248291015625,-4.450771331787109,-3.297710418701172,-38.275390625,-35.537841796875,-0.09883737564086914,-0.09977501630783081,0.20631518143696792,0.3003524927602129,ok,
direct_isolated,plummer3d,2014,256,0.05,8,16,600,0.0010633322552877997,1.9291234243325912,1.7945773342757572,78.62109375,4.49212646484375,0.1505117416381836,990.2633865135153,250672763.66027075,0.10045532157085942,1.5321275623607753,204,-2.9693336486816406,-3.6838722229003906,-3.4241485595703125,-41.646728515625,-43.4892578125,-0.06784969568252563,-0.10233044624328613,0.24085219393228902,0.6114739929661632,ok,
direct_isolated,plummer3d,2015,256,0.05,8,16,600,0.0008354947715682376,1.8918498893725202,1.7588385562947475,82.1318359375,5.2886810302734375,0.19365859031677246,1292.871933696167,256536848.69511455,0.12344449975111996,1.5424342208826995,169,-3.387439727783203,-3.9080810546875,-3.2183685302734375,-37.780517578125,-42.5693359375,-0.11332303285598755,-0.10192275047302246,0.1935086907203855,0.2612324453613583,ok,
direct_isolated,plummer3d,2016,256,0.05,8,16,600,0.0002882798626697253,1.725868385620243,1.4434613072514728,84.954833984375,6.433132171630859,0.21395152807235718,1546.7429342040355,266835542.46415943,0.15292740046838407,1.5433811791413363,151,-4.403900146484375,-4.31744384765625,-4.051677703857422,-36.443359375,-4.510498046875,-0.12563467025756836,-0.12705868482589722,0.2237884542581655,0.3116262550753436,ok,
direct_isolated,plummer3d,2017,256,0.05,8,16,600,0.0014673752068541219,1.9521041975748523,1.8643201570281553,75.933349609375,5.706722259521484,0.1719006896018982,1222.596152297656,303207300.9281505,0.12280701754385964,1.588415413592977,155,-4.446380615234375,-4.789379119873047,-4.364410400390625,-41.912109375,-34.947265625,-0.09248495101928711,-0.11421442031860352,0.293465899166703,0.7609545468694903,ok,
direct_isolated,plummer3d,2018,256,0.05,8,16,600,0.0005728006217968898,1.859128247507316,1.6813518918170482,72.1630859375,5.1753997802734375,0.19219374656677246,1356.6721095012058,274309218.240317,0.12490459598473536,1.4891907749750837,155,-3.071308135986328,-3.331298828125,-3.0660247802734375,-32.048095703125,-12.7568359375,-0.10154753923416138,-0.10582900047302246,0.20059449979317096,0.34126050226015886,ok,
direct_isolated,plummer3d,2019,256,0.05,8,16,600,0.00024913294701211364,1.658876469188454,1.3038986427961408,83.714599609375,6.179378509521484,0.2036389708518982,1357.00718716344,287872160.80534935,0.1273164148645535,1.4878445834570702,169,-3.805126190185547,-4.43408203125,-3.9328575134277344,-36.012451171875,-43.249755859375,-0.10703200101852417,-0.11653512716293335,0.18670413956186976,0.23191414878675476,ok,
direct_isolated,plummer3d,2020,256,0.05,8,16,600,0.0007720162192659556,1.8949494440275767,1.7640234010989981,76.03125,5.5888671875,0.1830902099609375,1189.4939381283998,273672232.6600727,0.12189679218967922,1.5196818713873133,161,-3.6377601623535156,-4.369083404541016,-3.9739112854003906,-31.176025390625,-26.752197265625,-0.10014444589614868,-0.1183972954750061,0.19734786709264457,0.2921175650015508,ok,
direct_isolated,plummer3d,2021,256,0.05,8,16,600,0.00020078509854538136,1.6080796163328297,1.2452641410353125,86.691162109375,6.417781829833984,0.212368905544281,1438.646424519323,246317678.11337245,0.14098328799067236,1.4987723700569422,187,-3.90325927734375,-3.5487022399902344,-3.9024009704589844,-33.15234375,-13.206787109375,-0.1081075668334961,-0.12014859914779663,0.16321390031986105,0.20889280355007178,ok,
direct_isolated,plummer3d,2022,256,0.05,8,16,600,0.00048825551590987054,1.8273540391238074,1.607087594910755,81.1318359375,5.3707122802734375,0.19317030906677246,1381.2684454362518,268627211.55756325,0.13303467728554835,1.5355899118214107,179,-2.993824005126953,-3.523426055908203,-3.0553436279296875,-34.995361328125,-12.0107421875,-0.09118157625198364,-0.11908984184265137,0.18041510155368534,0.27058018603220274,ok,
direct_isolated,plummer3d,2023,256,0.05,8,16,600,0.0016207117917732999,1.9410419785184903,1.85477300922921,80.52734375,5.89447021484375,0.1949453353881836,1396.6939930079975,264332982.86380398,0.13201163599569973,1.5732787752713648,167,-3.91619873046875,-3.7202186584472656,-3.7389564514160156,-33.44921875,-30.058837890625,-0.09805583953857422,-0.11759477853775024,0.21071547352675732,0.4655746450802938,ok,
direct_isolated,plummer3d,2024,256,0.05,8,16,600,0.0003223583072776084,1.7476803947603137,1.5227563271540443,84.066162109375,6.628719329833984,0.253872811794281,1717.327861787887,250299638.5750491,0.16303925378935094,1.549823862651523,152,-2.958526611328125,-3.366180419921875,-2.591869354248047,-27.033203125,-25.707763671875,-0.12850236892700195,-0.12091177701950073,0.1338158414777442,0.16480940059741142,ok,
direct_isolated,plummer3d,2025,256,0.05,8,16,600,0.00017607720483536082,1.6661360061878485,1.4105247896538822,82.96875,5.9951171875,0.1996917724609375,1350.69584932684,241676391.57684827,0.14410739191073918,1.449806952246894,150,-2.96295166015625,-3.0724029541015625,-2.9099769592285156,-27.37890625,-26.847900390625,-0.0919504165649414,-0.09548670053482056,0.12598628982081073,0.15325487747693967,ok,
direct_isolated,plummer3d,2026,256,0.05,8,16,600,0.0002533134022985567,1.7048684421850393,1.353079654208547,93.984375,6.550537109375,0.18529891967773438,1323.0363376658274,249868500.44371393,0.13092595011100952,1.4879950016955787,163,-4.403202056884766,-4.310886383056641,-3.8939361572265625,-43.883056640625,-44.6806640625,-0.09275633096694946,-0.10295701026916504,0.19449978936023876,0.26663776205009054,ok,
direct_isolated,plummer3d,2027,256,0.05,8,16,600,0.00023701337613439878,1.7348675070303197,1.480957130339279,84.423583984375,5.937038421630859,0.22859996557235718,1589.5268373574277,235550069.0468083,0.14392773502843761,1.478855166522971,157,-3.73138427734375,-3.404949188232422,-3.078033447265625,-39.37109375,-28.056640625,-0.1399068832397461,-0.1442856788635254,0.16938570327659214,0.18529487936821004,ok,
direct_isolated,plummer3d,2028,256,0.05,8,16,600,0.0001273010390949433,1.6375878023803225,1.3982123111891371,87.37109375,6.32366943359375,0.22789669036865234,1823.883439678963,253711251.943649,0.1600890507994333,1.4674294646056407,155,-3.2080078125,-2.23797607421875,-1.9908180236816406,-39.90625,46.165771484375,-0.0944976806640625,-0.060128748416900635,0.12626316281514322,0.26082036001581843,ok,
direct_isolated,plummer3d,2029,256,0.05,8,16,600,0.0005925830589260469,1.8350066710703572,1.6028376341994044,84.423583984375,5.976100921630859,0.19979137182235718,1215.5111192269212,316260038.24462867,0.12271662763466042,1.5195775459270418,161,-4.246868133544922,-4.719879150390625,-4.504180908203125,-35.158935546875,-39.736328125,-0.1240660548210144,-0.13904237747192383,0.21635681106863064,0.3262975871714225,ok,
pm_periodic,bimodal3d,2000,256,0.05,8,16,600,,nan,nan,49.34375,6.61328125,0.4609375,6218.902840633995,539305080.9391549,0.2420343137254902,2.1248621390269578,77,-5.875,-6.0234375,-5.98828125,-29.40625,-37.09375,-0.39306640625,-0.3916015625,nan,nan,ok,
pm_periodic,bimodal3d,2001,256,0.05,8,16,600,,nan,nan,46.53125,6.4453125,0.390625,4245.140840917715,366279285.14911413,0.22003676470588235,2.0317004405133985,80,-5.6953125,-5.84375,-5.84765625,-31.90625,-41.09375,-0.32421875,-0.3251953125,nan,nan,ok,
pm_periodic,bimodal3d,2002,256,0.05,8,16,600,,nan,nan,47.71875,6.0703125,0.36962890625,4961.4546198057815,428354109.5892216,0.21911764705882353,2.2035408920740713,93,-5.4375,-5.53125,-5.41015625,-37.21875,-38.0625,-0.3046875,-0.30224609375,nan,nan,ok,
pm_periodic,bimodal3d,2003,256,0.05,8,16,600,,nan,nan,44.03125,5.30078125,0.3408203125,3627.2734513123955,351818347.7283708,0.19255514705882354,2.115257377449576,104,-4.6875,-4.71875,-4.78125,-33.84375,-39.6875,-0.279296875,-0.27978515625,nan,nan,ok,
pm_periodic,bimodal3d,2004,256,0.05,8,16,600,,nan,nan,47.78125,6.390625,0.47314453125,7357.504117906368,723019770.7924749,0.2548713235294118,2.155012474289096,83,-5.59765625,-5.578125,-5.32421875,-33.15625,-32.90625,-0.40234375,-0.39404296875,nan,nan,ok,
pm_periodic,bimodal3d,2005,256,0.05,8,16,600,,nan,nan,50.78125,6.1640625,0.36376953125,4661.876547765874,429105865.6612865,0.20802696078431374,2.1778779120102554,94,-5.4375,-5.49609375,-5.51953125,-35.5625,-41.65625,-0.298828125,-0.2978515625,nan,nan,ok,
pm_periodic,bimodal3d,2006,256,0.05,8,16,600,,nan,nan,48.84375,5.6796875,0.3369140625,4190.080051556817,410594524.83927035,0.20857843137254903,2.1502995630246646,96,-5.05859375,-5.11328125,-5.08984375,-37.9375,-44.09375,-0.2724609375,-0.26904296875,nan,nan,ok,
pm_periodic,bimodal3d,2007,256,0.05,8,16,600,,nan,nan,49.09375,6.49609375,0.37646484375,7123.482462807589,703676288.6034253,0.23627450980392156,2.0651659481376217,88,-5.8125,-5.859375,-5.79296875,-34.75,-38.09375,-0.3076171875,-0.3076171875,nan,nan,ok,
pm_periodic,bimodal3d,2008,256,0.05,8,16,600,,nan,nan,46.0,5.4296875,0.3544921875,4945.742468420303,539269973.0277791,0.19099264705882352,2.277718082954184,106,-4.74609375,-4.8984375,-4.91796875,-33.625,-42.375,-0.28857421875,-0.2890625,nan,nan,ok,
pm_periodic,bimodal3d,2009,256,0.05,8,16,600,,nan,nan,48.84375,6.28515625,0.4677734375,5716.1721734500425,454622189.78680897,0.2484375,2.1683011210634486,81,-5.359375,-5.62109375,-5.3515625,-35.40625,-33.375,-0.40234375,-0.3916015625,nan,nan,ok,
pm_periodic,bimodal3d,2010,256,0.05,8,16,600,,nan,nan,46.96875,6.6015625,0.46630859375,5434.3411257803555,425125030.2277487,0.2584252450980392,2.0753803141828104,76,-5.84765625,-5.96875,-5.89453125,-31.09375,-37.9375,-0.39697265625,-0.40087890625,nan,nan,ok,
pm_periodic,bimodal3d,2011,256,0.05,8,16,600,,nan,nan,47.625,6.1796875,0.42919921875,5898.758392892461,537467033.0312161,0.2310968137254902,2.0884789799107617,83,-5.48046875,-5.5703125,-5.66796875,-34.3125,-42.3125,-0.36279296875,-0.36572265625,nan,nan,ok,
pm_periodic,bimodal3d,2012,256,0.05,8,16,600,,nan,nan,49.6875,5.8359375,0.37109375,4628.675919264557,466144378.56632394,0.20818014705882354,2.192734878690709,101,-5.15625,-5.3125,-5.1953125,-36.15625,-44.25,-0.30810546875,-0.30615234375,nan,nan,ok,
pm_periodic,bimodal3d,2013,256,0.05,8,16,600,,nan,nan,44.96875,5.52734375,0.35302734375,3794.570445921204,335749700.1976166,0.20787377450980393,2.094325749116158,83,-4.8515625,-4.9609375,-4.9296875,-32.5,-40.28125,-0.28369140625,-0.2880859375,nan,nan,ok,
pm_periodic,bimodal3d,2014,256,0.05,8,16,600,,nan,nan,50.15625,6.10546875,0.4091796875,4023.399764708365,371280916.2797961,0.21492034313725492,2.1581871348085593,81,-5.34375,-5.46484375,-5.3984375,-36.59375,-37.09375,-0.3408203125,-0.34228515625,nan,nan,ok,
pm_periodic,bimodal3d,2015,256,0.05,8,16,600,,nan,nan,43.90625,5.83984375,0.39208984375,4250.936153564198,433051108.10540503,0.20870098039215687,2.2213925942868338,98,-5.20703125,-5.34765625,-5.2265625,-32.84375,-35.9375,-0.328125,-0.32861328125,nan,nan,ok,
pm_periodic,bimodal3d,2016,256,0.05,8,16,600,,nan,nan,47.75,5.828125,0.4013671875,4248.884970472958,388053419.99862736,0.20925245098039216,2.1584822904052103,100,-5.078125,-5.25,-5.2265625,-37.0,-42.90625,-0.3349609375,-0.33544921875,nan,nan,ok,
pm_periodic,bimodal3d,2017,256,0.05,8,16,600,,nan,nan,47.65625,5.984375,0.390625,4354.887503539316,384256439.7344741,0.22901348039215685,2.2211390260828763,79,-5.421875,-5.4375,-5.44140625,-39.03125,-43.21875,-0.32763671875,-0.32958984375,nan,nan,ok,
pm_periodic,bimodal3d,2018,256,0.05,8,16,600,,nan,nan,48.75,5.71875,0.43994140625,6389.774634252615,546293806.7732959,0.23186274509803922,2.0830359846042468,83,-5.0,-5.1875,-5.05078125,-36.84375,-41.28125,-0.373046875,-0.37109375,nan,nan,ok,
pm_periodic,bimodal3d,2019,256,0.05,8,16,600,,nan,nan,47.15625,5.58984375,0.3955078125,5112.311606964467,455328374.10120666,0.22285539215686276,2.089538413144009,93,-4.87109375,-5.06640625,-5.03515625,-34.9375,-42.28125,-0.3251953125,-0.33154296875,nan,nan,ok,
pm_periodic,bimodal3d,2020,256,0.05,8,16,600,,nan,nan,43.40625,5.4140625,0.33056640625,3492.0645140776296,352034143.94340575,0.18498774509803922,2.110418020995478,106,-4.71875,-4.8515625,-4.8359375,-33.0,-37.53125,-0.2626953125,-0.26708984375,nan,nan,ok,
pm_periodic,bimodal3d,2021,256,0.05,8,16,600,,nan,nan,47.15625,6.37890625,0.44140625,6282.9525112344845,553140451.1518569,0.24246323529411765,2.1002320828884535,81,-5.55859375,-5.6640625,-5.5,-32.78125,-32.90625,-0.37255859375,-0.36767578125,nan,nan,ok,
pm_periodic,bimodal3d,2022,256,0.05,8,16,600,,nan,nan,47.28125,6.22265625,0.43505859375,7288.732127912803,658940476.5382688,0.24417892156862744,2.202608537753515,83,-5.48046875,-5.53515625,-5.421875,-30.9375,-32.875,-0.36767578125,-0.36083984375,nan,nan,ok,
pm_periodic,bimodal3d,2023,256,0.05,8,16,600,,nan,nan,47.6875,5.78125,0.388671875,4838.121413303032,419964411.9111996,0.21387867647058822,2.2507155749953185,94,-5.12890625,-5.2578125,-5.265625,-34.71875,-42.75,-0.32373046875,-0.322265625,nan,nan,ok,
pm_periodic,bimodal3d,2024,256,0.05,8,16,600,,nan,nan,50.0625,6.12109375,0.48681640625,5809.966486479243,455829684.3843896,0.24895833333333334,2.211209626873206,80,-5.3203125,-5.55078125,-5.38671875,-35.0625,-41.25,-0.41845703125,-0.41552734375,nan,nan,ok,
pm_periodic,bimodal3d,2025,256,0.05,8,16,600,,nan,nan,44.53125,5.53515625,0.35498046875,3445.26140648174,361518161.07211196,0.19442401960784314,2.037071356283718,98,-4.73046875,-4.83984375,-4.8125,-29.125,-35.28125,-0.2900390625,-0.28662109375,nan,nan,ok,
pm_periodic,bimodal3d,2026,256,0.05,8,16,600,,nan,nan,55.34375,7.0078125,0.48046875,5262.410637148222,447982147.006865,0.2421875,2.0647882913477096,78,-6.125,-6.31640625,-6.21875,-36.90625,-42.9375,-0.41357421875,-0.41455078125,nan,nan,ok,
pm_periodic,bimodal3d,2027,256,0.05,8,16,600,,nan,nan,48.96875,6.4765625,0.44873046875,7228.883489699642,606364878.3591394,0.24865196078431373,2.112764325728062,82,-5.7265625,-5.80078125,-5.73046875,-35.09375,-38.0625,-0.38037109375,-0.37744140625,nan,nan,ok,
pm_periodic,bimodal3d,2028,256,0.05,8,16,600,,nan,nan,47.84375,6.203125,0.416015625,6434.726563054641,547114969.3922769,0.23066789215686276,2.074403652325504,84,-5.46484375,-5.453125,-5.37109375,-36.28125,-35.4375,-0.3447265625,-0.341796875,nan,nan,ok,
pm_periodic,bimodal3d,2029,256,0.05,8,16,600,,nan,nan,46.96875,5.8046875,0.42919921875,4988.907190556793,439970940.8825455,0.2231311274509804,2.1803763667301954,91,-5.11328125,-5.26171875,-5.22265625,-35.5625,-39.125,-0.36279296875,-0.3642578125,nan,nan,ok,
pm_periodic,cold_clumpy3d,2000,256,0.05,8,16,600,,nan,nan,132.53125,13.9609375,0.6474609375,7310.7754416015705,770233341.0759249,0.19001225490196078,0.08911793142172385,22,1.390625,2.94140625,7.46484375,30.6875,105.34375,0.38134765625,0.10009765625,nan,nan,ok,
pm_periodic,cold_clumpy3d,2001,256,0.05,8,16,600,,nan,nan,125.9375,14.3515625,0.65380859375,7174.514946170245,774878089.7805716,0.19381127450980393,0.08851093213500258,16,3.12109375,0.1171875,-1.0078125,51.875,149.09375,0.705078125,0.30615234375,nan,nan,ok,
pm_periodic,cold_clumpy3d,2002,256,0.05,8,16,600,,nan,nan,104.875,9.4140625,0.56396484375,6943.405544929168,701707998.790415,0.1868872549019608,0.08863190203419594,22,6.39453125,8.4453125,8.05078125,73.40625,469.84375,0.42529296875,0.43359375,nan,nan,ok,
pm_periodic,cold_clumpy3d,2003,256,0.05,8,16,600,,nan,nan,128.3125,9.69140625,0.6630859375,7309.38089076309,741792753.0675995,0.18958333333333333,0.08493385781157964,31,4.453125,6.99609375,6.19921875,70.09375,120.59375,0.7001953125,0.09033203125,nan,nan,ok,
pm_periodic,cold_clumpy3d,2004,256,0.05,8,16,600,,nan,nan,152.59375,14.58984375,0.759765625,7603.623748374284,789651065.1724845,0.20925245098039216,0.089875953851935,12,2.25390625,20.69140625,-0.3671875,-6.6875,23.09375,0.5302734375,0.21533203125,nan,nan,ok,
pm_periodic,cold_clumpy3d,2005,256,0.05,8,16,600,,nan,nan,127.21875,10.99609375,0.74658203125,6978.174167391084,672819753.2473702,0.1922794117647059,0.0871326931056169,24,1.36328125,9.19921875,28.70703125,11.40625,228.75,0.087890625,0.55078125,nan,nan,ok,
pm_periodic,cold_clumpy3d,2006,256,0.05,8,16,600,,nan,nan,121.90625,11.09765625,0.587890625,7534.406623522045,728834985.1848793,0.1951593137254902,0.08947549922756792,15,10.94921875,23.18359375,15.6015625,121.625,367.15625,0.48095703125,1.3154296875,nan,nan,ok,
pm_periodic,cold_clumpy3d,2007,256,0.05,8,16,600,,nan,nan,151.53125,12.4296875,0.63134765625,7730.519758574443,795778044.9566609,0.19194240196078433,0.08264099424760077,20,5.84765625,13.609375,5.91796875,74.625,113.1875,0.8193359375,-0.021484375,nan,nan,ok,
pm_periodic,cold_clumpy3d,2008,256,0.05,8,16,600,,nan,nan,169.34375,18.734375,0.6943359375,8684.27950598433,749314412.7524996,0.24764093137254903,0.09398099455847074,25,0.61328125,3.26953125,6.8828125,3.28125,86.15625,0.35986328125,0.84375,nan,nan,ok,
pm_periodic,cold_clumpy3d,2009,256,0.05,8,16,600,,nan,nan,155.6875,12.20703125,0.73193359375,8448.087075084632,891408378.1024613,0.19200367647058825,0.08942620706992466,22,5.75,5.5234375,5.86328125,92.59375,245.53125,0.783203125,0.0185546875,nan,nan,ok,
pm_periodic,cold_clumpy3d,2010,256,0.05,8,16,600,,nan,nan,132.875,11.73046875,0.62451171875,7215.61172006987,729341768.7168005,0.1953125,0.08152179894858902,21,11.92578125,10.5,7.1015625,396.90625,439.1875,0.74755859375,0.41552734375,nan,nan,ok,
pm_periodic,cold_clumpy3d,2011,256,0.05,8,16,600,,nan,nan,173.25,15.59765625,0.63134765625,6590.503922984619,670355889.7241511,0.1921875,0.08869741699434514,21,2.83203125,5.078125,16.12890625,5.84375,267.5,0.6953125,0.662109375,nan,nan,ok,
pm_periodic,cold_clumpy3d,2012,256,0.05,8,16,600,,nan,nan,173.625,13.515625,0.56494140625,7462.091824067685,728695468.8336761,0.18832720588235294,0.0911553845971768,25,50.359375,11.0859375,15.33984375,359.40625,251.625,2.04736328125,0.7587890625,nan,nan,ok,
pm_periodic,cold_clumpy3d,2013,256,0.05,8,16,600,,nan,nan,216.375,16.33203125,0.6396484375,6029.82777019196,633946090.461823,0.1896139705882353,0.08630483368188493,20,6.984375,7.7421875,1.78125,17.0625,-23.96875,1.36376953125,0.13818359375,nan,nan,ok,
pm_periodic,cold_clumpy3d,2014,256,0.05,8,16,600,,nan,nan,125.8125,12.26171875,0.67236328125,7121.438599126474,683838474.1173143,0.19292279411764707,0.08511484675430245,28,4.47265625,17.1796875,2.98046875,14.96875,105.90625,0.47802734375,0.224609375,nan,nan,ok,
pm_periodic,cold_clumpy3d,2015,256,0.05,8,16,600,,nan,nan,84.96875,10.3671875,0.57080078125,7733.279626337118,768590141.78501,0.18964460784313725,0.08924968429635668,25,1.96484375,9.87109375,9.3984375,18.875,126.1875,0.41650390625,0.36083984375,nan,nan,ok,
pm_periodic,cold_clumpy3d,2016,256,0.05,8,16,600,,nan,nan,196.28125,12.6796875,0.68994140625,7384.208219584891,731515177.0081108,0.19739583333333333,0.08836549605982538,21,3.98046875,16.01171875,3.7421875,7.90625,76.25,0.330078125,0.33544921875,nan,nan,ok,
pm_periodic,cold_clumpy3d,2017,256,0.05,8,16,600,,nan,nan,140.125,13.07421875,0.533203125,6585.184192596721,657562687.3932524,0.1895220588235294,0.0883311658876342,16,-1.42578125,26.7734375,6.8828125,-7.0625,181.0625,0.35302734375,0.88623046875,nan,nan,ok,
pm_periodic,cold_clumpy3d,2018,256,0.05,8,16,600,,nan,nan,115.75,10.453125,0.57470703125,7568.646161344881,734063487.1774755,0.19375,0.0851790125272335,22,2.94140625,4.03125,9.3046875,18.4375,269.875,0.48876953125,1.177734375,nan,nan,ok,
pm_periodic,cold_clumpy3d,2019,256,0.05,8,16,600,,nan,nan,191.84375,13.66796875,0.70703125,8527.752136301473,849857473.7348568,0.2064031862745098,0.08580680898487708,16,9.06640625,14.89453125,11.26171875,157.5625,56.78125,0.6669921875,0.48046875,nan,nan,ok,
pm_periodic,cold_clumpy3d,2020,256,0.05,8,16,600,,nan,nan,134.09375,8.73828125,0.55615234375,7877.5369135958335,824006757.3350823,0.21087622549019608,0.08883990627625661,28,35.9296875,24.39453125,41.9765625,514.34375,376.96875,1.681640625,1.056640625,nan,nan,ok,
pm_periodic,cold_clumpy3d,2021,256,0.05,8,16,600,,nan,nan,173.78125,16.4765625,0.630859375,7912.705537736584,821374924.1326758,0.1910845588235294,0.08107894791472815,23,1.71875,-1.75,9.4375,42.125,70.28125,0.91748046875,0.57421875,nan,nan,ok,
pm_periodic,cold_clumpy3d,2022,256,0.05,8,16,600,,nan,nan,167.6875,17.703125,0.65380859375,8663.988492933124,887633590.4445081,0.1953125,0.09033758976908543,14,-1.8515625,-2.7421875,-0.4296875,-31.09375,12.90625,0.83544921875,0.4677734375,nan,nan,ok,
pm_periodic,cold_clumpy3d,2023,256,0.05,8,16,600,,nan,nan,144.1875,14.31640625,0.60498046875,6907.485932426616,708866924.667343,0.19378063725490197,0.08999171152536631,16,-0.7265625,2.3125,4.3984375,28.3125,85.65625,0.37744140625,0.3623046875,nan,nan,ok,
pm_periodic,cold_clumpy3d,2024,256,0.05,8,16,600,,nan,nan,132.125,11.68359375,0.6513671875,7106.501119661632,663340105.291546,0.19482230392156863,0.088920527197238,16,3.12109375,12.62109375,6.3046875,-0.15625,163.03125,0.5185546875,0.61181640625,nan,nan,ok,
pm_periodic,cold_clumpy3d,2025,256,0.05,8,16,600,,nan,nan,133.1875,11.9375,0.68212890625,8236.14237520334,814579327.4755594,0.19163602941176472,0.08750589285903568,21,4.74609375,4.15625,-1.015625,28.375,58.71875,0.830078125,0.11767578125,nan,nan,ok,
pm_periodic,cold_clumpy3d,2026,256,0.05,8,16,600,,nan,nan,133.09375,11.578125,0.7353515625,7112.006508234669,742074070.7644961,0.1885110294117647,0.08320573596884465,26,3.9296875,4.77734375,1.1640625,9.09375,172.03125,0.3740234375,0.1484375,nan,nan,ok,
pm_periodic,cold_clumpy3d,2027,256,0.05,8,16,600,,nan,nan,148.09375,14.8984375,0.70947265625,7029.459404869411,698270318.2443675,0.18826593137254902,0.08861910387252786,27,4.2421875,2.12890625,-1.7109375,20.09375,156.09375,0.59619140625,0.19775390625,nan,nan,ok,
pm_periodic,cold_clumpy3d,2028,256,0.05,8,16,600,,nan,nan,142.03125,14.9765625,0.6572265625,6825.835078490217,719454736.9932201,0.18915441176470588,0.08817035493545192,19,4.00390625,-0.90625,7.08984375,40.03125,61.53125,0.75537109375,0.62353515625,nan,nan,ok,
pm_periodic,cold_clumpy3d,2029,256,0.05,8,16,600,,nan,nan,151.0625,17.17578125,0.60107421875,7796.686280378983,825399491.6206928,0.18985906862745097,0.08579798453573333,20,0.19921875,-3.65234375,8.26953125,19.9375,136.3125,0.7919921875,0.48681640625,nan,nan,ok,
pm_periodic,hernquist3d,2000,256,0.05,8,16,600,,nan,nan,33.875,2.74609375,0.14990234375,1668.6182533038818,399922624.7622312,0.06348039215686274,1.1957967671513154,201,-0.2890625,-0.87890625,-0.28515625,1.0625,10.90625,-0.02783203125,-0.0322265625,nan,nan,ok,
pm_periodic,hernquist3d,2001,256,0.05,8,16,600,,nan,nan,31.15625,1.85546875,0.1142578125,768.2065004685326,318645801.7573459,0.04329044117647059,1.1673905607491055,212,-0.546875,-0.09375,-0.5625,-12.34375,2.21875,-0.02587890625,-0.03515625,nan,nan,ok,
pm_periodic,hernquist3d,2002,256,0.05,8,16,600,,nan,nan,38.25,2.72265625,0.13671875,1032.8016401340685,310158068.51335186,0.06495098039215687,1.2283555242758863,199,-0.578125,-0.4921875,-0.17578125,-10.90625,14.875,-0.02197265625,-0.0185546875,nan,nan,ok,
pm_periodic,hernquist3d,2003,256,0.05,8,16,600,,nan,nan,35.6875,2.48828125,0.12841796875,924.7447216873501,378981515.3491062,0.05704656862745098,1.2053175377806193,200,-0.4921875,-1.1328125,-0.9375,-2.1875,-10.65625,-0.03173828125,-0.041015625,nan,nan,ok,
pm_periodic,hernquist3d,2004,256,0.05,8,16,600,,nan,nan,41.3125,2.65234375,0.146484375,1438.477228238793,438439534.0104627,0.0691482843137255,1.2237386275147102,187,-0.53515625,-0.2421875,0.3828125,-9.625,29.59375,0.0,-0.00439453125,nan,nan,ok,
pm_periodic,hernquist3d,2005,256,0.05,8,16,600,,nan,nan,28.5625,2.0703125,0.107421875,663.470022677493,309877509.4893862,0.04641544117647059,1.2228273278563822,203,-0.671875,-1.0859375,-0.90234375,-5.625,-14.90625,-0.01904296875,-0.02294921875,nan,nan,ok,
pm_periodic,hernquist3d,2006,256,0.05,8,16,600,,nan,nan,31.96875,2.37109375,0.11669921875,1078.988919615144,385290993.2147912,0.047487745098039214,1.2241174351670305,209,-0.40234375,0.02734375,-0.76953125,-0.3125,-1.53125,-0.00390625,-0.02392578125,nan,nan,ok,
pm_periodic,hernquist3d,2007,256,0.05,8,16,600,,nan,nan,38.71875,3.03125,0.1484375,1058.843087951404,299302669.6874538,0.07083333333333333,1.1611551378966567,192,0.00390625,-0.2109375,-0.59375,-1.90625,-10.59375,0.02587890625,-0.02197265625,nan,nan,ok,
pm_periodic,hernquist3d,2008,256,0.05,8,16,600,,nan,nan,35.4375,2.39453125,0.13623046875,1742.385882891925,448334882.24971545,0.05802696078431373,1.2841879271230154,203,-0.6484375,-0.421875,-0.07421875,-5.96875,13.375,-0.037109375,-0.01953125,nan,nan,ok,
pm_periodic,hernquist3d,2009,256,0.05,8,16,600,,nan,nan,39.8125,2.71484375,0.15234375,1315.841401077062,342110431.55193007,0.07018995098039216,1.2167195689751773,189,-0.74609375,-0.4453125,-0.71875,-9.53125,-2.53125,-0.029296875,-0.0302734375,nan,nan,ok,
pm_periodic,hernquist3d,2010,256,0.05,8,16,600,,nan,nan,34.09375,2.68359375,0.15380859375,1473.5921941438055,353895160.2269412,0.0731311274509804,1.177305645585753,186,0.140625,1.92578125,1.51171875,2.96875,51.78125,0.01953125,-0.00048828125,nan,nan,ok,
pm_periodic,hernquist3d,2011,256,0.05,8,16,600,,nan,nan,36.3125,2.86328125,0.14990234375,1389.5841869380897,407743379.93306637,0.06893382352941177,1.1789788525572058,196,-0.60546875,0.70703125,-0.8125,-0.28125,6.40625,-0.015625,-0.01171875,nan,nan,ok,
pm_periodic,hernquist3d,2012,256,0.05,8,16,600,,nan,nan,35.1875,2.67578125,0.12255859375,949.646417168769,320063331.10125923,0.05677083333333333,1.2480603942677209,201,-1.1015625,-1.1640625,-0.77734375,-6.40625,-5.46875,-0.03076171875,-0.03564453125,nan,nan,ok,
pm_periodic,hernquist3d,2013,256,0.05,8,16,600,,nan,nan,35.15625,2.1484375,0.1171875,762.0274733713201,320164491.23683745,0.047058823529411764,1.1951617788937408,210,-0.57421875,-0.97265625,-0.9296875,-7.84375,-4.375,-0.03173828125,-0.0419921875,nan,nan,ok,
pm_periodic,hernquist3d,2014,256,0.05,8,16,600,,nan,nan,25.15625,2.0078125,0.1103515625,917.9223656514948,333891013.04321057,0.04794730392156863,1.2239720298491605,205,-0.78515625,-1.02734375,-0.48828125,0.1875,2.3125,-0.03125,-0.02294921875,nan,nan,ok,
pm_periodic,hernquist3d,2015,256,0.05,8,16,600,,nan,nan,31.0,2.4140625,0.142578125,1087.0375411210066,334689125.1391717,0.06348039215686274,1.2395443833205908,200,-0.74609375,-0.62890625,-0.6796875,-1.5,12.71875,-0.05322265625,-0.03271484375,nan,nan,ok,
pm_periodic,hernquist3d,2016,256,0.05,8,16,600,,nan,nan,39.0625,2.8046875,0.140625,1369.5519518652231,345140113.0067235,0.06513480392156863,1.2435805741922066,192,-0.6328125,-0.7421875,-0.2578125,-0.75,2.9375,-0.03515625,-0.03662109375,nan,nan,ok,
pm_periodic,hernquist3d,2017,256,0.05,8,16,600,,nan,nan,36.75,2.3359375,0.11572265625,860.3810122164233,338039554.0219265,0.0508578431372549,1.258421969532539,203,-0.68359375,-1.02734375,-1.34765625,-0.9375,-13.96875,-0.02490234375,-0.0380859375,nan,nan,ok,
pm_periodic,hernquist3d,2018,256,0.05,8,16,600,,nan,nan,29.46875,2.609375,0.14697265625,1153.7002927231285,372384383.89824116,0.06403186274509803,1.1938667899994846,194,-0.6015625,-0.12890625,-0.3671875,-1.125,12.71875,-0.02783203125,-0.0146484375,nan,nan,ok,
pm_periodic,hernquist3d,2019,256,0.05,8,16,600,,nan,nan,38.875,2.50390625,0.13330078125,1175.007466289846,363686397.8352503,0.05569852941176471,1.187072409337258,204,-0.3515625,-0.37109375,-0.33984375,1.90625,21.9375,-0.02685546875,-0.0205078125,nan,nan,ok,
pm_periodic,hernquist3d,2020,256,0.05,8,16,600,,nan,nan,32.75,2.23046875,0.12353515625,917.2931040558165,375395866.8748125,0.050612745098039216,1.2203029523628521,202,-0.55859375,-0.94140625,-0.90234375,-1.65625,-1.0625,-0.0283203125,-0.0390625,nan,nan,ok,
pm_periodic,hernquist3d,2021,256,0.05,8,16,600,,nan,nan,42.8125,2.765625,0.14599609375,1081.8887206524385,286193519.9205529,0.0691482843137255,1.1888467296165262,194,-0.78125,-0.73828125,0.26171875,0.53125,13.625,-0.02783203125,-0.03125,nan,nan,ok,
pm_periodic,hernquist3d,2022,256,0.05,8,16,600,,nan,nan,31.03125,2.46875,0.13916015625,1153.4313225838378,355346514.6430805,0.06397058823529411,1.2249212012417527,198,-0.52734375,-0.48828125,-0.39453125,3.8125,-3.625,-0.0439453125,-0.02099609375,nan,nan,ok,
pm_periodic,hernquist3d,2023,256,0.05,8,16,600,,nan,nan,37.28125,2.7734375,0.13916015625,1123.1714980474353,351638847.6381128,0.0642156862745098,1.2730609693148884,194,-0.73828125,-1.21875,0.33984375,-3.53125,27.21875,-0.03955078125,-0.025390625,nan,nan,ok,
pm_periodic,hernquist3d,2024,256,0.05,8,16,600,,nan,nan,42.15625,3.5625,0.16845703125,1354.5261703451654,315784569.71381605,0.0882046568627451,1.2625302836964307,188,-0.59375,0.01171875,-0.21875,-0.5625,-1.15625,-0.025390625,0.0009765625,nan,nan,ok,
pm_periodic,hernquist3d,2025,256,0.05,8,16,600,,nan,nan,37.0,2.72265625,0.138671875,871.6927103564475,300174558.3582145,0.0595281862745098,1.1560631904801182,197,-0.078125,-0.140625,-0.08203125,-1.75,1.125,-0.00732421875,-0.017578125,nan,nan,ok,
pm_periodic,hernquist3d,2026,256,0.05,8,16,600,,nan,nan,40.4375,2.84375,0.125,786.1754749465024,291720592.23453814,0.05579044117647059,1.1925766942042353,201,-0.8046875,-1.28125,-1.38671875,-8.75,-15.46875,-0.03466796875,-0.02587890625,nan,nan,ok,
pm_periodic,hernquist3d,2027,256,0.05,8,16,600,,nan,nan,34.8125,2.7578125,0.17431640625,1502.7903570375497,341977114.02504104,0.07674632352941177,1.1950391095206854,185,0.03515625,0.48828125,1.50390625,6.3125,16.59375,-0.01025390625,-0.02734375,nan,nan,ok,
pm_periodic,hernquist3d,2028,256,0.05,8,16,600,,nan,nan,38.46875,3.35546875,0.17138671875,1815.3891898565246,379406700.3307216,0.07879901960784313,1.1773229882636898,192,-0.5390625,0.4296875,2.52734375,-1.75,70.875,-0.00927734375,0.03076171875,nan,nan,ok,
pm_periodic,hernquist3d,2029,256,0.05,8,16,600,,nan,nan,35.21875,2.06640625,0.11865234375,1148.6483656916153,424883854.2249022,0.04439338235294118,1.2331879527579521,206,-0.515625,-0.9140625,-0.9375,-11.125,-13.25,-0.03662109375,-0.03173828125,nan,nan,ok,
pm_periodic,plummer3d,2000,256,0.05,8,16,600,,nan,nan,95.09375,5.875,0.20166015625,1471.4698969431033,261127861.0821224,0.1287377450980392,1.4956831293886035,155,-2.890625,-2.16015625,-2.3203125,-38.125,-18.59375,-0.0751953125,-0.08740234375,nan,nan,ok,
pm_periodic,plummer3d,2001,256,0.05,8,16,600,,nan,nan,78.0,5.25390625,0.1806640625,995.5663800847611,282345919.31508434,0.09708946078431373,1.4541984552026181,165,-3.16796875,-3.4453125,-2.9609375,-30.65625,-10.875,-0.08203125,-0.07275390625,nan,nan,ok,
pm_periodic,plummer3d,2002,256,0.05,8,16,600,,nan,nan,81.4375,6.02734375,0.1962890625,1312.9284818959077,266608336.49833056,0.12264093137254901,1.547752119258787,148,-3.5546875,-3.60546875,-3.85546875,-37.0,-24.34375,-0.083984375,-0.0986328125,nan,nan,ok,
pm_periodic,plummer3d,2003,256,0.05,8,16,600,,nan,nan,74.5625,5.75390625,0.20458984375,1224.4817546399522,283057069.58793485,0.11675857843137255,1.502428421250873,158,-3.71875,-4.2578125,-3.55078125,-21.4375,-14.375,-0.11328125,-0.1044921875,nan,nan,ok,
pm_periodic,plummer3d,2004,256,0.05,8,16,600,,nan,nan,93.65625,6.484375,0.2109375,1448.7914244634458,280136342.0343147,0.13293504901960784,1.5218071376862738,142,-3.51171875,-3.9296875,-4.21875,-47.8125,-32.28125,-0.09521484375,-0.1083984375,nan,nan,ok,
pm_periodic,plummer3d,2005,256,0.05,8,16,600,,nan,nan,74.71875,5.109375,0.1689453125,956.8489716744646,277095100.2692354,0.09644607843137255,1.511937408475812,170,-3.17578125,-4.109375,-3.12890625,-27.28125,-30.96875,-0.07763671875,-0.080078125,nan,nan,ok,
pm_periodic,plummer3d,2006,256,0.05,8,16,600,,nan,nan,78.28125,5.58203125,0.1806640625,1125.643605763064,276320058.6409099,0.10983455882352941,1.5427581340878473,164,-3.56640625,-4.046875,-3.0703125,-34.71875,1.625,-0.087890625,-0.07958984375,nan,nan,ok,
pm_periodic,plummer3d,2007,256,0.05,8,16,600,,nan,nan,83.96875,6.52734375,0.20947265625,1433.3226764356464,273737285.90756017,0.13602941176470587,1.4455845748929588,147,-2.671875,-2.05078125,-2.81640625,-21.25,-32.28125,-0.05224609375,-0.0654296875,nan,nan,ok,
pm_periodic,plummer3d,2008,256,0.05,8,16,600,,nan,nan,78.21875,5.83984375,0.205078125,1394.19964891199,306554828.7339066,0.1173406862745098,1.6009254252452525,153,-4.09765625,-3.875,-4.140625,-36.59375,-33.96875,-0.1162109375,-0.12158203125,nan,nan,ok,
pm_periodic,plummer3d,2009,256,0.05,8,16,600,,nan,nan,83.0625,6.28515625,0.23193359375,1425.3393936792577,282058959.51880264,0.13651960784313724,1.522215567817896,138,-3.58984375,-3.77734375,-2.91796875,-33.875,22.8125,-0.10888671875,-0.11572265625,nan,nan,ok,
pm_periodic,plummer3d,2010,256,0.05,8,16,600,,nan,nan,85.78125,5.80859375,0.21728515625,1451.325424369878,277167604.71340007,0.13183210784313726,1.4748975930698718,149,-3.0,-2.0078125,-3.375,-32.8125,-9.65625,-0.09765625,-0.1005859375,nan,nan,ok,
pm_periodic,plummer3d,2011,256,0.05,8,16,600,,nan,nan,87.90625,5.671875,0.20947265625,1411.2485083962138,261252263.50327662,0.1306372549019608,1.4609441522512103,144,-2.30078125,-2.6171875,-1.5546875,-27.96875,-22.0625,-0.08251953125,-0.0634765625,nan,nan,ok,
pm_periodic,plummer3d,2012,256,0.05,8,16,600,,nan,nan,82.8125,5.40234375,0.2001953125,1271.6569476951522,286593969.7340536,0.11951593137254903,1.5564235820475598,149,-3.421875,-3.265625,-2.19140625,-44.71875,-26.6875,-0.10791015625,-0.08642578125,nan,nan,ok,
pm_periodic,plummer3d,2013,256,0.05,8,16,600,,nan,nan,80.71875,5.4296875,0.18310546875,1042.4871350194899,260398228.72471178,0.10634191176470588,1.513505762466412,159,-3.546875,-4.18359375,-3.28515625,-39.90625,-24.65625,-0.08935546875,-0.07177734375,nan,nan,ok,
pm_periodic,plummer3d,2014,256,0.05,8,16,600,,nan,nan,78.28125,4.4921875,0.1513671875,975.2060828710153,254452336.21404707,0.09739583333333333,1.530179813860407,156,-3.02734375,-3.5703125,-3.18359375,-39.625,-45.3125,-0.06201171875,-0.0751953125,nan,nan,ok,
pm_periodic,plummer3d,2015,256,0.05,8,16,600,,nan,nan,81.96875,5.3046875,0.19580078125,1243.8186435277632,267217598.67813998,0.11409313725490196,1.5415327797958978,150,-3.296875,-3.57421875,-3.04296875,-38.4375,-33.28125,-0.103515625,-0.10400390625,nan,nan,ok,
pm_periodic,plummer3d,2016,256,0.05,8,16,600,,nan,nan,83.875,6.43359375,0.21630859375,1480.8736119783894,280451458.2493534,0.14004289215686275,1.5429258360787903,144,-4.1875,-4.46484375,-4.39453125,-35.53125,-13.25,-0.12548828125,-0.1201171875,nan,nan,ok,
pm_periodic,plummer3d,2017,256,0.05,8,16,600,,nan,nan,75.90625,5.72265625,0.173828125,1180.91288893623,313185746.00402546,0.11446078431372549,1.5868054780276013,153,-4.2109375,-4.83203125,-4.04296875,-39.25,-36.125,-0.0888671875,-0.08349609375,nan,nan,ok,
pm_periodic,plummer3d,2018,256,0.05,8,16,600,,nan,nan,71.21875,5.17578125,0.1943359375,1304.3704115714465,282040669.85101223,0.11537990196078432,1.495992287977231,157,-2.87890625,-3.26171875,-2.703125,-34.75,-11.6875,-0.091796875,-0.08203125,nan,nan,ok,
pm_periodic,plummer3d,2019,256,0.05,8,16,600,,nan,nan,82.8125,6.1796875,0.20556640625,1309.798559447409,300830181.00067663,0.11853553921568627,1.4881586670647773,147,-3.26171875,-3.73828125,-3.30078125,-28.3125,-28.84375,-0.08642578125,-0.0947265625,nan,nan,ok,
pm_periodic,plummer3d,2020,256,0.05,8,16,600,,nan,nan,75.15625,5.59765625,0.1865234375,1116.309597532925,287611849.8732332,0.10723039215686274,1.5230334407835828,157,-3.55078125,-4.03125,-3.58203125,-31.25,-26.4375,-0.0966796875,-0.0966796875,nan,nan,ok,
pm_periodic,plummer3d,2021,256,0.05,8,16,600,,nan,nan,86.03125,6.41796875,0.2138671875,1399.778911604093,251795028.62926546,0.1333639705882353,1.497872152502,147,-3.5625,-2.60546875,-2.57421875,-32.84375,-7.8125,-0.10400390625,-0.09228515625,nan,nan,ok,
pm_periodic,plummer3d,2022,256,0.05,8,16,600,,nan,nan,80.28125,5.37109375,0.1953125,1327.9155050666202,278878249.96801615,0.12282475490196078,1.5298899057793154,158,-2.734375,-3.2734375,-2.84375,-37.25,12.0625,-0.07373046875,-0.08984375,nan,nan,ok,
pm_periodic,plummer3d,2023,256,0.05,8,16,600,,nan,nan,80.1875,5.89453125,0.19580078125,1375.3483232138412,268038832.3003952,0.12797181372549019,1.5743783210157785,148,-3.56640625,-3.48828125,-2.5625,-29.96875,13.6875,-0.0888671875,-0.06884765625,nan,nan,ok,
pm_periodic,plummer3d,2024,256,0.05,8,16,600,,nan,nan,83.46875,6.63671875,0.255859375,1670.7284424809873,259391325.55673072,0.15431985294117648,1.5620705309126768,129,-2.3671875,-2.234375,-1.69140625,-27.78125,17.625,-0.119140625,-0.10498046875,nan,nan,ok,
pm_periodic,plummer3d,2025,256,0.05,8,16,600,,nan,nan,81.59375,6.0,0.203125,1266.9148049022683,261244204.46331716,0.12665441176470588,1.4491744352364133,147,-2.4453125,-2.34375,-2.5234375,-24.71875,-28.90625,-0.06884765625,-0.07373046875,nan,nan,ok,
pm_periodic,plummer3d,2026,256,0.05,8,16,600,,nan,nan,94.125,6.55078125,0.18701171875,1282.5952014313002,255255138.06645185,0.12300857843137254,1.4816691604867622,144,-4.02734375,-4.171875,-3.90234375,-41.65625,-35.125,-0.072265625,-0.07958984375,nan,nan,ok,
pm_periodic,plummer3d,2027,256,0.05,8,16,600,,nan,nan,84.5,5.9609375,0.2314453125,1522.4346426188222,246685631.04655796,0.13192401960784314,1.4872619425124212,151,-3.1796875,-2.73828125,-2.421875,-35.21875,-9.125,-0.1220703125,-0.10400390625,nan,nan,ok,
pm_periodic,plummer3d,2028,256,0.05,8,16,600,,nan,nan,86.1875,6.32421875,0.23046875,1738.929835293296,263025212.164159,0.14543504901960785,1.4769312318101644,141,-2.29296875,0.29296875,-2.0625,-35.28125,64.34375,-0.06689453125,-0.09228515625,nan,nan,ok,
pm_periodic,plummer3d,2029,256,0.05,8,16,600,,nan,nan,84.375,5.984375,0.2021484375,1164.260515320996,325799760.27746373,0.11256127450980392,1.521850936626533,152,-4.04296875,-4.4609375,-3.9453125,-37.90625,-31.28125,-0.1162109375,-0.1123046875,nan,nan,ok,
direct_isolated,bimodal3d,2000,256,0.1,8,16,600,0.00041173340337727083,3.315087745604277,16.45849423591238,48.4990234375,6.6132659912109375,0.4605100154876709,2537.332237115405,535297720.5890887,0.4323861691201643,2.12631600876034,124,-6.055347442626953,-6.449787139892578,-6.554737091064453,-37.901611328125,-47.893798828125,-0.40891534090042114,-0.4549263119697571,0.34562523200928563,2.692428433211406,ok,
direct_isolated,bimodal3d,2001,256,0.1,8,16,600,0.00027410424603135675,3.539907868430797,19.288984382663333,47.009521484375,6.445217132568359,0.3895553946495056,2392.2621657453547,360358690.0630001,0.41982470119521914,2.0342538698355304,139,-6.000896453857422,-6.330657958984375,-6.407131195068359,-38.479248046875,-46.509521484375,-0.3409258723258972,-0.3846878409385681,0.344669456855326,3.2013298260577097,ok,
direct_isolated,bimodal3d,2002,256,0.1,8,16,600,0.00026564775561874605,3.9375262031562053,26.00602563173792,47.65234375,6.01165771484375,0.3687734603881836,2375.403231479237,425285177.172945,0.4060583064567128,2.2077756098942984,147,-5.563236236572266,-5.9118194580078125,-5.986911773681641,-40.593994140625,-47.427978515625,-0.32267385721206665,-0.36560970544815063,0.4032475593369552,3.702304199503623,ok,
direct_isolated,bimodal3d,2003,256,0.1,8,16,600,0.00024491496897226326,3.9266425947815624,24.979211051882718,43.515625,5.300537109375,0.3391075134277344,2250.38739420495,345685273.05333626,0.39695703278046235,2.1128735512716608,134,-4.8601226806640625,-5.229587554931641,-5.290866851806641,-37.0166015625,-43.443603515625,-0.292431116104126,-0.33788830041885376,0.3967399719864617,3.4177755725980403,ok,
direct_isolated,bimodal3d,2004,256,0.1,8,16,600,0.0004065771501753771,3.469827893063517,19.144161147925445,47.71484375,6.39056396484375,0.4722890853881836,2634.6887199758185,718334739.7772815,0.43840510971985075,2.158190716685068,132,-5.939453125,-6.246555328369141,-6.3228302001953125,-39.1875,-46.8798828125,-0.426055908203125,-0.46500515937805176,0.3541751040366883,3.339407254281011,ok,
direct_isolated,bimodal3d,2005,256,0.1,8,16,600,0.00027641034070684234,3.8228011324594524,23.6970576381991,50.452880859375,6.164058685302734,0.3635558485984802,2266.550325845514,428046662.9488158,0.4041068395862282,2.176276942565377,138,-5.654815673828125,-6.074474334716797,-6.1278076171875,-43.501953125,-49.9609375,-0.31430864334106445,-0.3599071502685547,0.36611051663418437,3.22953125687895,ok,
direct_isolated,bimodal3d,2006,256,0.1,8,16,600,0.000243651507827266,3.8036124283789916,24.61302388747047,48.4677734375,5.6796722412109375,0.3364865779876709,2319.6211506850555,408242937.29824114,0.4190345771995892,2.149291865682702,168,-5.2197265625,-5.6070556640625,-5.6528778076171875,-42.0,-48.2216796875,-0.2902984619140625,-0.33356547355651855,0.3610059875592425,3.4252686733699473,ok,
direct_isolated,bimodal3d,2007,256,0.1,8,16,600,0.0004288679887227396,3.2341308340533823,16.185180418406397,48.734130859375,6.496089935302734,0.3762511610984802,2462.684919393404,702305844.1892469,0.4330708661417323,2.0641459339076054,139,-6.00341796875,-6.371612548828125,-6.461681365966797,-41.71875,-48.500732421875,-0.32793426513671875,-0.3723565936088562,0.35512091588317485,2.9415280450542607,ok,
direct_isolated,bimodal3d,2008,256,0.1,8,16,600,0.00023652774936143127,4.286476884224546,30.89237827272034,46.0849609375,5.4295501708984375,0.3532083034515381,2178.607843575048,533849807.8548697,0.4049799196787149,2.2801721770504577,131,-5.004638671875,-5.3101806640625,-5.400897979736328,-39.390625,-45.891845703125,-0.3109855651855469,-0.3500445485115051,0.4357985425182327,3.7111457552800133,ok,
direct_isolated,bimodal3d,2009,256,0.1,8,16,600,0.0003724827792744361,3.5930934629604443,20.845264974519502,47.6162109375,6.2811126708984375,0.4664895534515381,2628.517003941736,448547875.5025021,0.4330281124497992,2.1699396326750855,105,-5.7870330810546875,-6.141956329345703,-6.2147064208984375,-37.8076171875,-46.9912109375,-0.4192798137664795,-0.4582498073577881,0.3308691148207866,3.2780510197653787,ok,
direct_isolated,bimodal3d,2010,256,0.1,8,16,600,0.0004007217888179389,3.274970792822267,16.484281414215523,47.294677734375,6.601528167724609,0.465667188167572,2661.3056607992216,422541095.718225,0.43644519731476256,2.0774398055446763,129,-6.014629364013672,-6.443817138671875,-6.574932098388672,-36.014404296875,-47.030029296875,-0.4166409373283386,-0.462260901927948,0.3239360404637396,3.1365512121214287,ok,
direct_isolated,bimodal3d,2011,256,0.1,8,16,600,0.00037196598201443833,3.3816582103511013,17.80741908159122,47.450927734375,6.179653167724609,0.428557813167572,2473.9467705493034,534320158.7740754,0.42308174916870567,2.088137708391837,136,-5.62646484375,-6.04345703125,-6.1510009765625,-38.59375,-47.2265625,-0.38161468505859375,-0.42490577697753906,0.3378743908535299,2.971807144486343,ok,
direct_isolated,bimodal3d,2012,256,0.1,8,16,600,0.000253620629065602,3.9455980396963626,26.082778146033622,49.27734375,5.83587646484375,0.3702383041381836,2274.525595874045,462691518.2282865,0.4234174413457282,2.190498817861189,179,-5.345615386962891,-5.723545074462891,-5.818607330322266,-38.853759765625,-49.125244140625,-0.32458359003067017,-0.3680458664894104,0.37078568873483975,3.4274586016165354,ok,
direct_isolated,bimodal3d,2013,256,0.1,8,16,600,0.0002385175261991252,3.715284473722868,22.252802569982318,44.478271484375,5.523342132568359,0.3519577383995056,2361.244546254336,330560193.39719975,0.40296414342629483,2.0924722354784553,127,-5.1072998046875,-5.440227508544922,-5.504192352294922,-37.2109375,-44.346435546875,-0.3038616180419922,-0.34952229261398315,0.3837768283166956,3.412531205923067,ok,
direct_isolated,bimodal3d,2014,256,0.1,8,16,600,0.0002456604470460558,3.7824618047021668,24.458639728190548,50.58984375,6.10540771484375,0.4083242416381836,2377.2043471970337,364962460.75518286,0.4243344083981534,2.1573915095783343,178,-5.6220245361328125,-6.00872802734375,-6.088138580322266,-42.3095703125,-50.437744140625,-0.3587181568145752,-0.4061318039894104,0.4105535002490811,3.5224971546652797,ok,
direct_isolated,bimodal3d,2015,256,0.1,8,16,600,0.00025001845931271435,3.992315787757221,26.050292494704173,43.978271484375,5.796779632568359,0.3910202383995056,2305.962253246886,427864408.14175844,0.40232669322709164,2.217098455694524,135,-5.36181640625,-5.711395263671875,-5.766506195068359,-38.21875,-43.790771484375,-0.34452056884765625,-0.3871292471885681,0.39849970216556396,3.393176849314707,ok,
direct_isolated,bimodal3d,2016,256,0.1,8,16,600,0.0002536122807518618,3.9870416651204064,26.855886575547917,45.578125,5.816162109375,0.3996543884277344,2408.5378304587425,378391843.19892,0.40263810891994256,2.156818494504737,103,-5.407535552978516,-5.7022857666015625,-5.791416168212891,-39.879150390625,-45.353759765625,-0.3547258973121643,-0.3964906334877014,0.41006647336572855,3.879837592224021,ok,
direct_isolated,bimodal3d,2017,256,0.1,8,16,600,0.0002481961232806959,3.9362197920702875,27.772670240309676,46.575927734375,5.984340667724609,0.389983594417572,2428.1473692412033,382329471.67317414,0.41756070016939584,2.222324739687913,130,-5.57611083984375,-5.905029296875,-5.972759246826172,-41.15234375,-46.490966796875,-0.3443288803100586,-0.38852089643478394,0.4623255059982545,3.546301195240884,ok,
direct_isolated,bimodal3d,2018,256,0.1,8,16,600,0.00034466927889168376,3.5619098186281946,20.76432130256873,48.9677734375,5.7187347412109375,0.4395139217376709,2486.2537935296814,543001825.7808107,0.396190594752731,2.082491915566254,127,-5.268085479736328,-5.5931396484375,-5.686389923095703,-39.423095703125,-48.694580078125,-0.3902667164802551,-0.43586522340774536,0.36014430769546857,3.326028877675853,ok,
direct_isolated,bimodal3d,2019,256,0.1,8,16,600,0.0003345005606950677,3.4679998824654765,18.89058759035753,46.950927734375,5.589809417724609,0.394866406917572,2413.0625587633144,452154509.02528816,0.40971830102264883,2.088313530668238,137,-5.11187744140625,-5.480678558349609,-5.53875732421875,-37.78515625,-46.54296875,-0.34787845611572266,-0.38976573944091797,0.37773421201187374,3.0488816253759334,ok,
direct_isolated,bimodal3d,2020,256,0.1,8,16,600,0.00019214381438971867,4.03058010562577,25.4872473578725,44.0224609375,5.4139251708984375,0.3292825222015381,2124.052880202494,347234924.32005036,0.38428915662650603,2.1042468869694364,122,-4.9727630615234375,-5.3204345703125,-5.40234375,-38.0068359375,-43.9375,-0.2824723720550537,-0.32781982421875,0.40468736391798976,3.3055531636689066,ok,
direct_isolated,bimodal3d,2021,256,0.1,8,16,600,0.00037532039232315856,3.4036926406371633,17.4403680710105,47.103271484375,6.304592132568359,0.4393600821495056,2548.3926689680434,549483400.0098311,0.4249880478087649,2.103549722166094,126,-5.758708953857422,-6.14007568359375,-6.274089813232422,-37.666748046875,-46.713623046875,-0.3897539973258972,-0.4359537959098816,0.3174659690475794,2.980057437724018,ok,
direct_isolated,bimodal3d,2022,256,0.1,8,16,600,0.00037961404782660413,3.7315157025311487,22.89395856256111,46.359375,6.152099609375,0.4269981384277344,2561.3540682565954,640681544.1784672,0.43241478385790777,2.207126014799356,128,-5.66192626953125,-6.026706695556641,-6.093570709228516,-36.58203125,-45.629150390625,-0.3778352737426758,-0.42092615365982056,0.33259809620881764,3.4171966067310033,ok,
direct_isolated,bimodal3d,2023,256,0.1,8,16,600,0.00026046693382713795,4.2292345834384575,29.647102232131797,47.290771484375,5.773342132568359,0.3876022696495056,2411.205016816657,413934634.2017573,0.40465338645418325,2.248680128248116,113,-5.308868408203125,-5.6688232421875,-5.744903564453125,-39.798828125,-47.017578125,-0.34283876419067383,-0.3839535713195801,0.414215491380582,3.6435353498316347,ok,
direct_isolated,bimodal3d,2024,256,0.1,8,16,600,0.00031884190534141056,3.8188809037114546,25.258388942659206,49.7802734375,6.1210784912109375,0.4863889217376709,2607.5909690593053,454197685.3881858,0.42370296598300705,2.2087616391163225,124,-5.660938262939453,-6.009571075439453,-6.092243194580078,-42.346923828125,-49.575439453125,-0.43882447481155396,-0.4832223057746887,0.38354615413547244,3.332548704345957,ok,
direct_isolated,bimodal3d,2025,256,0.1,8,16,600,0.00022326258379231235,3.693398545323709,19.194330426932368,43.609375,5.531005859375,0.3532676696777344,2269.375532275619,354105364.1187092,0.403911453571895,2.033136471897488,127,-4.98046875,-5.394809722900391,-5.472141265869141,-33.8125,-42.888916015625,-0.30242919921875,-0.3476787209510803,0.30057877497205854,2.962642684383936,ok,
direct_isolated,bimodal3d,2026,256,0.1,8,16,600,0.0002914562024255494,3.4908620550973803,19.39575717508361,55.1240234375,7.0038909912109375,0.4800412654876709,2558.3869276100004,444469646.57398164,0.43272851763094833,2.0620690630940515,165,-6.4629364013671875,-6.857227325439453,-6.978961944580078,-44.2216796875,-54.919189453125,-0.4295966625213623,-0.4773629307746887,0.3046483794595317,3.083455019504082,ok,
direct_isolated,bimodal3d,2027,256,0.1,8,16,600,0.00038127138999643817,3.5236530408610824,20.76855047354784,48.7490234375,6.4765472412109375,0.4483029842376709,2551.951689606472,605582873.1679739,0.4232983722884442,2.1124414687173805,137,-5.968555450439453,-6.3496551513671875,-6.449951171875,-40.878173828125,-48.484375,-0.39529114961624146,-0.4448966979980469,0.35936021205381874,3.328106745663221,ok,
direct_isolated,bimodal3d,2028,256,0.1,8,16,600,0.00034463982652419874,3.5361338847090233,19.70336258762268,47.4990234375,6.2031097412109375,0.4155881404876709,2445.1449080330635,545294330.5708768,0.4141794528648346,2.0744769217757417,131,-5.683094024658203,-6.0684051513671875,-6.1428070068359375,-39.046142578125,-47.0146484375,-0.3667829632759094,-0.4097630977630615,0.378551246738952,3.076883958432748,ok,
direct_isolated,bimodal3d,2029,256,0.1,8,16,600,0.000296336199576946,3.843150487573454,25.680867626835102,46.8662109375,5.7537689208984375,0.4279153347015381,2489.993389797309,431652924.84670556,0.39283534136546183,2.1812036985544676,118,-5.3353729248046875,-5.6868896484375,-5.7383880615234375,-39.3388671875,-46.7255859375,-0.38573336601257324,-0.4259660243988037,0.401376358043556,3.5542280476219066,ok,
direct_isolated,cold_clumpy3d,2000,256,0.1,8,16,600,4.7340587741561255e-05,0.006993612801586877,0.4917147396689502,132.53125,13.9609375,0.6474609375,3437.640746256179,770233341.0759249,0.2575674019607843,0.08911793142172385,101,1.80859375,5.71484375,6.883815765380859,8.6875,228.704833984375,0.89990234375,0.2609714865684509,-0.21548947880948488,-0.18942273029115492,ok,
direct_isolated,cold_clumpy3d,2001,256,0.1,8,16,600,5.299237525958089e-05,0.007183780890581147,0.5439293176374864,125.9375,14.3515625,0.65380859375,3528.855891473918,774878089.7805716,0.20174632352941177,0.08851093213500258,96,2.3203125,0.50390625,4.12884521484375,80.28125,168.33984375,0.57177734375,0.2745351791381836,-0.09461823222742427,-0.11638930761610777,ok,
direct_isolated,cold_clumpy3d,2002,256,0.1,8,16,600,3.5866873775910735e-05,0.007628444273486272,0.5440142614098398,104.875,9.4140625,0.56396484375,3393.1330362836497,701707998.790415,0.216421568627451,0.08863190203419594,68,5.65234375,5.73046875,9.43685531616211,43.5625,255.568115234375,0.78271484375,0.645650327205658,-0.0893201866795259,-0.1290101998334655,ok,
direct_isolated,cold_clumpy3d,2003,256,0.1,8,16,600,3.0558212061446095e-05,0.007151164582019427,0.622707833256514,128.3125,9.69140625,0.6630859375,3355.7309003375876,741792753.0675995,0.23838848039215688,0.08493385781157964,87,8.28125,15.28515625,3.7617149353027344,87.6875,247.546630859375,0.60400390625,0.14724725484848022,-0.07863030121411207,-0.33958369160641194,ok,
direct_isolated,cold_clumpy3d,2004,256,0.1,8,16,600,4.49185688256714e-05,0.006553555546586459,0.5863939159558295,152.59375,14.58984375,0.759765625,3536.04049554102,789651065.1724845,0.26170343137254903,0.089875953851935,158,4.9453125,3.671875,7.96087646484375,16.65625,66.21484375,0.970703125,0.1217031478881836,-0.12210480346122021,-0.30335948179665917,ok,
direct_isolated,cold_clumpy3d,2005,256,0.1,8,16,600,0.00010027371076079043,0.006807180966780689,0.6254438799907277,127.21875,10.99609375,0.74658203125,3359.39989523622,672819753.2473702,0.27362132352941176,0.0871326931056169,105,10.3203125,5.05078125,5.79296875,101.625,53.8125,0.4609375,0.7490234375,-0.12521373189011814,-0.2497081892617194,ok,
direct_isolated,cold_clumpy3d,2006,256,0.1,8,16,600,2.4700340117384937e-05,0.0069353297170353006,0.634212656716795,121.90625,11.09765625,0.587890625,3496.8564781270748,728834985.1848793,0.29675245098039216,0.08947549922756792,88,15.6796875,11.90234375,4.066097259521484,203.53125,112.245849609375,0.75048828125,0.1675061583518982,-0.13964669694897447,-0.4918591336351258,ok,
direct_isolated,cold_clumpy3d,2007,256,0.1,8,16,600,0.00019207691460604138,0.0059432605965979764,0.6958634808524886,151.53125,12.4296875,0.63134765625,3430.6886394333546,795778044.9566609,0.27738970588235295,0.08264099424760077,112,10.6953125,5.140625,9.199203491210938,112.21875,162.3427734375,1.283203125,0.4732053279876709,-0.12396552987870574,-0.2791818540720747,ok,
direct_isolated,cold_clumpy3d,2008,256,0.1,8,16,600,5.0206651605202026e-05,0.007804058370830193,0.5521464692666147,169.34375,18.734375,0.6943359375,3488.2571462324977,749314412.7524996,0.2706188725490196,0.09398099455847074,74,4.98828125,8.09375,-5.061740875244141,31.4375,307.189208984375,0.79296875,0.2436336874961853,-0.04378797672513712,-0.2865253742676932,ok,
direct_isolated,cold_clumpy3d,2009,256,0.1,8,16,600,3.665028242006947e-05,0.00785077101476649,0.7308972296930345,155.6875,12.20703125,0.73193359375,3494.782979964494,891408378.1024613,0.20799632352941178,0.08942620706992466,102,6.80859375,5.97265625,4.1992034912109375,104.0,9.1552734375,0.34716796875,0.4146115779876709,-0.10054662639004575,-0.41867978677058004,ok,
direct_isolated,cold_clumpy3d,2010,256,0.1,8,16,600,5.988693227163763e-05,0.00589198254686616,0.5550892890248826,132.875,11.73046875,0.62451171875,3417.1489127122386,729341768.7168005,0.27291666666666664,0.08152179894858902,173,19.015625,9.58199691772461,5.5973968505859375,508.375,51.2646484375,1.63916015625,0.4070394039154053,-0.24657149147060947,-0.17137409775033702,ok,
direct_isolated,cold_clumpy3d,2011,256,0.1,8,16,600,3.2154868968697675e-05,0.006667446075708136,0.5126037470442893,173.25,15.59765625,0.63134765625,3402.542015144965,670355889.7241511,0.2847120098039216,0.08869741699434514,118,3.92578125,0.30859375,3.0351219177246094,-1.875,30.013427734375,0.99658203125,0.08138984441757202,-0.0924800115749928,-0.29166057223407893,ok,
direct_isolated,cold_clumpy3d,2012,256,0.1,8,16,600,1.1960922756785942e-05,0.007121414138575166,0.5095404145497806,173.625,13.515625,0.56494140625,3358.0782567599895,728695468.8336761,0.30422794117647056,0.0911553845971768,132,54.00390625,16.70693588256836,4.382568359375,394.65625,143.109375,2.09814453125,0.5100059509277344,-0.1857644524904306,-0.2302328074960107,ok,
direct_isolated,cold_clumpy3d,2013,256,0.1,8,16,600,2.975955573853429e-05,0.006709654564654886,0.6304415895802811,216.375,16.33203125,0.6396484375,3424.7732090226773,633946090.461823,0.21810661764705883,0.08630483368188493,104,5.0546875,0.125,3.6484336853027344,13.75,82.765380859375,1.17724609375,0.08718866109848022,-0.1582454322790987,-0.38452757700140544,ok,
direct_isolated,cold_clumpy3d,2014,256,0.1,8,16,600,2.7940385250117987e-05,0.007396844318364615,0.573509655578007,125.8125,12.26171875,0.67236328125,3394.292354997957,683838474.1173143,0.2068627450980392,0.08511484675430245,83,3.765625,2.37890625,-0.9961090087890625,14.40625,4.8740234375,0.6552734375,0.1358029842376709,-0.08770986353745669,-0.4093783602561904,ok,
direct_isolated,cold_clumpy3d,2015,256,0.1,8,16,600,3.507632998761009e-05,0.008221908814394144,0.36675353262958815,84.96875,10.3671875,0.57080078125,3374.029388144905,768590141.78501,0.20018382352941178,0.08924968429635668,87,5.79296875,4.7265625,-1.4384765625,47.46875,24.40625,0.55224609375,-0.0328521728515625,-0.038246158691267795,-0.33832460826114813,ok,
direct_isolated,cold_clumpy3d,2016,256,0.1,8,16,600,2.9570856503048515e-05,0.0073426773103564035,0.5880210752851597,196.28125,12.6796875,0.68994140625,3454.6986490626364,731515177.0081108,0.25916053921568627,0.08836549605982538,123,4.94921875,14.0078125,9.394393920898438,-0.59375,79.4912109375,1.15478515625,0.048520803451538086,-0.09839538363983902,-0.39947882060068246,ok,
direct_isolated,cold_clumpy3d,2017,256,0.1,8,16,600,3.2509797451991285e-05,0.007902550888004086,0.4139246883533087,140.125,13.07421875,0.533203125,3396.361521890993,657562687.3932524,0.19987745098039217,0.0883311658876342,112,0.7109375,7.09375,-0.8204498291015625,45.59375,-9.5712890625,0.8173828125,0.4689309597015381,-0.10341053979857462,-0.12407289414622646,ok,
direct_isolated,cold_clumpy3d,2018,256,0.1,8,16,600,4.145299310591098e-05,0.007406928046848808,0.5364142726340905,115.75,10.453125,0.57470703125,3413.6240404753635,734063487.1774755,0.20294117647058824,0.0851790125272335,107,4.0546875,7.984375,5.593837738037109,28.03125,102.958740234375,0.689453125,0.19778579473495483,-0.05824730000757272,-0.23885774701809115,ok,
direct_isolated,cold_clumpy3d,2019,256,0.1,8,16,600,2.1096790100136655e-05,0.006149641439807678,0.551632646511918,191.84375,13.66796875,0.70703125,3496.0214379034587,849857473.7348568,0.3307904411764706,0.08580680898487708,126,5.953125,10.55859375,4.355464935302734,125.65625,24.046630859375,0.5712890625,0.19412225484848022,-0.18007386631336386,-0.3575067230270071,ok,
direct_isolated,cold_clumpy3d,2020,256,0.1,8,16,600,8.684758983922487e-05,0.005421780865891417,0.5641066516339844,134.09375,8.73828125,0.55615234375,3430.1497431031057,824006757.3350823,0.38612132352941175,0.08883990627625661,205,34.484375,47.3828125,19.312362670898438,525.03125,338.9912109375,1.5068359375,0.6769387722015381,-0.20452069079672902,-0.2552419747937647,ok,
direct_isolated,cold_clumpy3d,2021,256,0.1,8,16,600,2.3887320730533644e-05,0.00676996939411471,0.4322558060010161,173.78125,16.4765625,0.630859375,3444.2812848284975,821374924.1326758,0.22729779411764706,0.08107894791472815,92,5.6484375,2.17578125,-6.18707275390625,89.03125,6.27734375,0.6767578125,-0.09496402740478516,-0.11870004192220729,-0.3308874482425813,ok,
direct_isolated,cold_clumpy3d,2022,256,0.1,8,16,600,0.00010632020107623754,0.007594845327587636,0.6968659800811468,167.6875,17.703125,0.65380859375,3587.2057322888977,887633590.4445081,0.26982230392156864,0.09033758976908543,66,3.59375,-2.30859375,-1.62109375,0.59375,204.84375,1.28515625,0.3837890625,-0.11194969674599986,-0.3995060511441262,ok,
direct_isolated,cold_clumpy3d,2023,256,0.1,8,16,600,1.062268402414071e-05,0.007405601294267171,0.6960161796543319,144.1875,14.31640625,0.60498046875,3360.722978739477,708866924.667343,0.20416666666666666,0.08999171152536631,143,3.09765625,1.8046875,8.79684066772461,53.6875,176.107177734375,0.4931640625,0.315276563167572,-0.13022027612814135,-0.29317751466933384,ok,
direct_isolated,cold_clumpy3d,2024,256,0.1,8,16,600,2.361943645728918e-05,0.007815551325973143,0.603249489396796,132.125,11.68359375,0.6513671875,3333.475278314448,663340105.291546,0.20505514705882352,0.088920527197238,89,3.5390625,7.4609375,6.43743896484375,-1.28125,220.37109375,0.72265625,0.5176992416381836,-0.07725468508481637,-0.2831448655725886,ok,
direct_isolated,cold_clumpy3d,2025,256,0.1,8,16,600,2.586108276715447e-05,0.00805797219762037,0.4060268988989271,133.1875,11.9375,0.68212890625,3489.973453765703,814579327.4755594,0.19966299019607844,0.08750589285903568,65,6.94140625,5.91796875,-2.3087310791015625,28.28125,-6.9462890625,0.837890625,0.18475127220153809,-0.06113972076154839,-0.29705537049821895,ok,
direct_isolated,cold_clumpy3d,2026,256,0.1,8,16,600,9.674809869997737e-05,0.006949185703037552,0.6301396356524378,133.09375,11.578125,0.7353515625,3296.161848345238,742074070.7644961,0.1995404411764706,0.08320573596884465,139,1.27734375,6.652339935302734,15.00771713256836,-5.625,171.415771484375,0.23095703125,1.1097702383995056,-0.13044530617568278,-0.26778847264906863,ok,
direct_isolated,cold_clumpy3d,2027,256,0.1,8,16,600,2.1342874085650136e-05,0.007305830824652525,0.6892530798715699,148.09375,14.8984375,0.70947265625,3254.9269933683536,698270318.2443675,0.22104779411764705,0.08861910387252786,97,3.5234375,11.4296875,1.19525146484375,12.28125,113.08984375,0.56982421875,0.1607656478881836,-0.08297558846728526,-0.3826097894234132,ok,
direct_isolated,cold_clumpy3d,2028,256,0.1,8,16,600,2.2090795693460018e-05,0.006941399864624269,0.4849918430265619,142.03125,14.9765625,0.6572265625,3410.2437963510156,719454736.9932201,0.23541666666666666,0.08817035493545192,100,3.59765625,9.4765625,1.21484375,18.78125,85.21875,0.75146484375,0.1416015625,-0.11280543459852549,-0.18003377693053058,ok,
direct_isolated,cold_clumpy3d,2029,256,0.1,8,16,600,6.420645204805722e-05,0.006295768278558512,0.5553816067039724,151.0625,17.17578125,0.60107421875,3410.725368325472,825399491.6206928,0.2668504901960784,0.08579798453573333,148,2.1640625,-0.47265625,-4.797183990478516,30.71875,18.964599609375,1.259765625,0.3418225646018982,-0.14910252540840468,-0.2592498914447202,ok,
direct_isolated,hernquist3d,2000,256,0.1,8,16,600,0.0023335097573439216,1.9695870141210063,1.9401878546247024,34.732177734375,2.6654930114746094,0.13518470525741577,1033.4000164369618,326097544.4489261,0.3142479513613534,1.2240244830250626,141,-1.39068603515625,-1.6419486999511719,-1.4350852966308594,-5.94140625,-17.111083984375,-0.0642709732055664,-0.07799571752548218,0.13038642381261728,0.8158561606779615,ok,
direct_isolated,hernquist3d,2001,256,0.1,8,16,600,0.00012446626529148558,2.3666431178238407,2.897283607216865,31.3193359375,1.7486419677734375,0.09568190574645996,813.0968948517811,237108467.91643247,0.26513265739785075,1.150076948970016,133,-1.0835151672363281,-1.1267585754394531,-1.3285713195800781,-12.548095703125,-22.887939453125,-0.04692870378494263,-0.06626063585281372,0.16241914712504268,1.1248850063918778,ok,
direct_isolated,hernquist3d,2002,256,0.1,8,16,600,0.00014776109182489298,2.3433986785111975,2.723200002144969,36.915771484375,2.5560569763183594,0.11925357580184937,1047.1070688806021,230182807.9651174,0.34535104364326374,1.2388749239810835,126,-1.4218406677246094,-1.4603691101074219,-0.807098388671875,-13.888427734375,2.283203125,-0.05380195379257202,-0.05765485763549805,0.258719703390367,1.4732913692658973,ok,
direct_isolated,hernquist3d,2003,256,0.1,8,16,600,0.00022071719203788776,2.2838630387139247,2.696116698581106,35.804443359375,2.3590049743652344,0.10970491170883179,953.0313571182675,287424070.6391113,0.38540061633281975,1.2091732521139409,122,-1.488128662109375,-1.7760009765625,-1.6369743347167969,-11.427734375,-22.969482421875,-0.058469295501708984,-0.07516878843307495,0.17177023416879622,1.1874913934815807,ok,
direct_isolated,hernquist3d,2004,256,0.1,8,16,600,0.0015084264799468394,2.0447168425542204,2.088814767847348,38.6474609375,2.5418548583984375,0.13047575950622559,1069.1886370458294,375706348.0136349,0.3160026662564734,1.2223247176219485,132,-1.3970222473144531,-1.3822479248046875,-1.192626953125,-15.018798828125,-16.390625,-0.06586533784866333,-0.07368850708007812,0.1682270460047955,1.0567854446175984,ok,
direct_isolated,hernquist3d,2005,256,0.1,8,16,600,9.041696230321252e-05,2.6047546939323514,3.7117374328034796,27.849365234375,1.9031639099121094,0.08720153570175171,799.9866623257169,229098781.44214237,0.2918209779674848,1.2407952450011146,123,-1.1450004577636719,-1.442626953125,-1.6299705505371094,-8.826904296875,-21.958740234375,-0.04001587629318237,-0.06846755743026733,0.15082624472983475,1.4634420770842995,ok,
direct_isolated,hernquist3d,2006,256,0.1,8,16,600,0.00013263176906811821,2.410899206702612,3.056779250756074,30.390380859375,2.2260704040527344,0.10109704732894897,856.9494747675863,313222262.309685,0.2910443648387986,1.2241190852503643,141,-1.346343994140625,-1.6889762878417969,-1.629638671875,-7.041015625,-19.796875,-0.047098636627197266,-0.07111740112304688,0.13297575016413665,1.361711524313527,ok,
direct_isolated,hernquist3d,2007,256,0.1,8,16,600,0.0003736646023872168,1.874379447702891,1.7754034947902717,39.390380859375,2.9614219665527344,0.13376611471176147,1084.083677819837,234678314.0542366,0.36900906735751293,1.1370085186099177,130,-1.471160888671875,-1.270721435546875,-1.398040771484375,-8.716796875,0.025390625,-0.07346296310424805,-0.07598257064819336,0.0879150597528966,0.5103402151536204,ok,
direct_isolated,hernquist3d,2008,256,0.1,8,16,600,0.00016350787890338734,2.5289363399612257,3.347853743388102,33.335693359375,2.2886924743652344,0.11751741170883179,1063.3846301501478,366113538.6078792,0.3642783769902414,1.3001766904057317,128,-1.4563102722167969,-1.72540283203125,-1.5905113220214844,-13.719482421875,-10.339599609375,-0.06935518980026245,-0.0818890929222107,0.25891707441127443,1.46792149979249,ok,
direct_isolated,hernquist3d,2009,256,0.1,8,16,600,0.0019911211820994,2.0363190191833054,2.08144069228574,39.8427734375,2.5829925537109375,0.1383817195892334,1074.0736188131486,278376030.1838189,0.3617862293680893,1.2379299608987802,127,-1.4683418273925781,-1.441162109375,-1.8072700500488281,-15.864501953125,-18.024658203125,-0.07625705003738403,-0.09888678789138794,0.17049247920310173,0.9474734216578,ok,
direct_isolated,hernquist3d,2010,256,0.1,8,16,600,0.0015605683150486536,1.9639305817859336,1.9257759384661515,34.9287109375,2.5477142333984375,0.13514494895935059,1107.505255046117,282537908.50199914,0.36936936936936937,1.1901230845656006,115,-1.3130378723144531,-1.3329315185546875,-1.1917304992675781,-9.331298828125,6.838623046875,-0.06858140230178833,-0.08493548631668091,0.16713301130978103,1.0207713556012394,ok,
direct_isolated,hernquist3d,2011,256,0.1,8,16,600,0.005388016060461453,2.009999274552285,2.018125488953413,34.325927734375,2.7055320739746094,0.13434547185897827,1056.1054927108275,334901883.5377767,0.36530451424068444,1.1578060013908884,128,-1.51171875,-1.4389915466308594,-1.1704368591308594,-6.34375,-3.423583984375,-0.07275390625,-0.08411449193954468,0.09900341694585257,0.6105761436199777,ok,
direct_isolated,hernquist3d,2012,256,0.1,8,16,600,0.00016453487420724244,2.3588474037190728,2.8123670834432075,33.46484375,2.53314208984375,0.1072683334350586,927.7859927152347,251936790.66421902,0.3381499601774946,1.2355119381099564,130,-1.49896240234375,-1.8818092346191406,-1.5560340881347656,-12.27734375,-19.101806640625,-0.051985740661621094,-0.06224638223648071,0.14528017752618183,1.2380367804415524,ok,
direct_isolated,hernquist3d,2013,256,0.1,8,16,600,0.00016035629811691145,2.330865245099009,2.861156492141466,35.232177734375,2.0610008239746094,0.10114234685897827,788.7669357150047,254266395.14727485,0.2763705955195317,1.2167675564423384,142,-1.1518211364746094,-1.5789604187011719,-1.4072074890136719,-16.044677734375,-20.389404296875,-0.05074256658554077,-0.07286041975021362,0.17648910811730834,1.4557822333819321,ok,
direct_isolated,hernquist3d,2014,256,0.1,8,16,600,0.00011275041309301379,2.593951379765055,3.746934781612529,24.0458984375,1.8337249755859375,0.08999228477478027,898.5095944920795,248693232.6255558,0.2994485416251412,1.233218030958821,124,-1.1965789794921875,-1.4976806640625,-1.5555419921875,-7.5810546875,-20.7734375,-0.04048609733581543,-0.06977653503417969,0.08701592941865333,1.4100889314274228,ok,
direct_isolated,hernquist3d,2015,256,0.1,8,16,600,0.00017509718844961486,2.3985778523270955,2.9122577901619757,30.995849609375,2.2531089782714844,0.12520116567611694,1021.6185493465415,261119225.92021525,0.3224043715846995,1.2566861372686535,126,-1.2388420104980469,-1.427947998046875,-1.3959312438964844,-9.207763671875,-11.042724609375,-0.07102316617965698,-0.08190053701400757,0.15178904530091464,1.2640941683285716,ok,
direct_isolated,hernquist3d,2016,256,0.1,8,16,600,0.0011727710129575393,2.0513351969953386,2.115522259997841,40.472412109375,2.7376060485839844,0.12776654958724976,1020.1895478448465,285764574.2139547,0.36749403583574436,1.2440578644738336,141,-1.6966514587402344,-1.7225303649902344,-1.4352531433105469,-12.288818359375,-14.778076171875,-0.06395524740219116,-0.0768386721611023,0.20837981360579944,1.0961201815907438,ok,
direct_isolated,hernquist3d,2017,256,0.1,8,16,600,0.00012471988409896008,2.4555892632868837,3.3091809095264284,34.77734375,2.26751708984375,0.0999441146850586,866.3710868480814,262993062.85193938,0.3177835931277734,1.2766153444859327,135,-1.2952308654785156,-1.7589149475097656,-1.7332305908203125,-8.754150390625,-25.5830078125,-0.04492670297622681,-0.07157635688781738,0.20379029164932705,1.5686164453594147,ok,
direct_isolated,hernquist3d,2018,256,0.1,8,16,600,0.000194471126261835,2.359593473891649,2.7681863011053096,30.458740234375,2.4034080505371094,0.12590163946151733,1138.2713256420257,281526404.9535995,0.3844602769189407,1.1854234467084361,108,-1.30218505859375,-1.635162353515625,-1.4845237731933594,-10.58984375,-14.587646484375,-0.07210445404052734,-0.07718127965927124,0.24412966987155493,1.2830757512196957,ok,
direct_isolated,hernquist3d,2019,256,0.1,8,16,600,0.0005998293411407858,2.094521563527245,2.2043976064019533,36.577880859375,2.3159141540527344,0.11623376607894897,886.4268133298087,295271391.52691483,0.30851474235326537,1.199493829449735,139,-1.170013427734375,-1.428863525390625,-1.1947021484375,-6.287109375,-11.8984375,-0.05508565902709961,-0.07524681091308594,0.09710987405922966,1.1030589440903145,ok,
direct_isolated,hernquist3d,2020,256,0.1,8,16,600,0.00014134387479015917,2.4293198746699787,3.0095063693411825,33.9208984375,2.0510101318359375,0.10455679893493652,902.2872190251703,289773858.70007,0.33034977464609916,1.2316571482833876,121,-1.2440071105957031,-1.424072265625,-1.3477783203125,-13.725830078125,-19.1640625,-0.05584508180618286,-0.06762886047363281,0.19756900645035957,1.1867191652184186,ok,
direct_isolated,hernquist3d,2021,256,0.1,8,16,600,0.0010735290918116164,1.946512355059179,1.89472329647947,40.732177734375,2.6186180114746094,0.13225501775741577,1076.5079360817747,221685067.4243775,0.34052339413164157,1.1896160526896635,139,-1.4912109375,-1.3288383483886719,-1.3998680114746094,-10.65625,-11.075927734375,-0.0731048583984375,-0.08489173650741577,0.13806848161555413,0.8091409219971686,ok,
direct_isolated,hernquist3d,2022,256,0.1,8,16,600,0.0002430643348190711,2.263111116750093,2.5992521132380446,31.169677734375,2.3422508239746094,0.12262672185897827,1081.2161690128776,286586716.1203681,0.3201058201058201,1.2358787514762195,134,-1.3017845153808594,-1.064239501953125,-1.156829833984375,-4.892333984375,-11.349609375,-0.05766338109970093,-0.07819509506225586,0.08132882533965746,0.981073442581883,ok,
direct_isolated,hernquist3d,2023,256,0.1,8,16,600,0.00017702783508790395,2.39005681631251,2.8539767358439083,36.46484375,2.61907958984375,0.1238698959350586,988.3812998075384,270440280.7958977,0.37359198998748433,1.2610882402422625,131,-1.2823219299316406,-1.9807891845703125,-1.4570960998535156,-8.740478515625,-7.519775390625,-0.06401211023330688,-0.07504373788833618,0.2428115341360022,1.3273134623409137,ok,
direct_isolated,hernquist3d,2024,256,0.1,8,16,600,0.002082752775461683,2.030933805701604,2.0569353044680576,41.572021484375,3.4593772888183594,0.15173953771591187,1196.386184857312,252134076.95041525,0.4026209468558997,1.2343521359604044,135,-1.748931884765625,-0.6592216491699219,-1.6795654296875,-10.306640625,-4.6171875,-0.07798624038696289,-0.08184623718261719,0.15987297315663562,0.5103849800035226,ok,
direct_isolated,hernquist3d,2025,256,0.1,8,16,600,0.0017639913269600987,2.0270836176300433,2.051679716314751,35.859130859375,2.5864219665527344,0.12351220846176147,933.7134335769628,230694888.06981456,0.3373272884283247,1.161483513235251,135,-1.2496452331542969,-1.2777214050292969,-1.5044517517089844,-6.649169921875,-15.519287109375,-0.05282038450241089,-0.07474607229232788,0.10509576401595355,0.6851337108356307,ok,
direct_isolated,hernquist3d,2026,256,0.1,8,16,600,0.00033293278314316265,2.1358204406806283,2.304966627219498,38.8427734375,2.6689300537109375,0.1076200008392334,864.5919052894586,227641796.9021306,0.3138187062656909,1.1915165006937385,145,-1.4662971496582031,-1.9561767578125,-1.5281982421875,-12.733642578125,-19.3046875,-0.037284672260284424,-0.06532096862792969,0.15289801604869963,1.1559641563002054,ok,
direct_isolated,hernquist3d,2027,256,0.1,8,16,600,0.0005735070112573974,2.1111800975846187,2.2124443051045137,33.296630859375,2.6674766540527344,0.15724939107894897,1195.761813885748,266172889.72293824,0.34477817580600717,1.1636759839498594,121,-1.40655517578125,-1.3676719665527344,-1.623626708984375,-4.45703125,-5.662109375,-0.09698963165283203,-0.11069631576538086,0.11403714117584485,0.6039885829778653,ok,
direct_isolated,hernquist3d,2028,256,0.1,8,16,600,0.0008640856366136755,1.9385125622930774,1.8893497508311545,38.3427734375,3.2158050537109375,0.1540067195892334,1138.787576900217,316037079.98883235,0.38496875166924843,1.1571256910028498,132,-1.5493354797363281,-0.8617439270019531,-1.7950935363769531,-2.298095703125,3.535888671875,-0.08362609148025513,-0.09332543611526489,0.1928091839072964,0.5806821551275616,ok,
direct_isolated,hernquist3d,2029,256,0.1,8,16,600,0.00019419975756790946,2.333878582276679,2.9114945279089435,35.191162109375,1.9602622985839844,0.10384076833724976,773.2856404006006,362971522.7161863,0.26582406984417034,1.236704842599111,150,-1.1135978698730469,-1.53350830078125,-1.54742431640625,-16.442138671875,-23.09765625,-0.04691046476364136,-0.07581424713134766,0.18725709346167252,1.3686812938156188,ok,
direct_isolated,plummer3d,2000,256,0.1,8,16,600,0.0003116831689478065,1.7186341691784783,1.40506681173728,94.628662109375,5.859188079833984,0.199673593044281,1330.4164928229209,253198941.21229577,0.5061536468454463,1.4973064848473183,193,-3.8875083923339844,-4.60107421875,-3.3211021423339844,-40.034912109375,-43.441162109375,-0.1098451018333435,-0.1185120940208435,0.20081807093047832,0.23338623854548668,ok,
direct_isolated,plummer3d,2001,256,0.1,8,16,600,0.0007638483918071549,1.919875665305636,1.7932352242487253,77.870849609375,5.245784759521484,0.1787366271018982,1019.0289390168921,274589216.5404061,0.4361607583687173,1.4604320551513283,173,-3.9706382751464844,-4.49896240234375,-4.003490447998047,-40.261474609375,-36.457763671875,-0.10723775625228882,-0.12831991910934448,0.24955598927975015,0.485048288641785,ok,
direct_isolated,plummer3d,2002,256,0.1,8,16,600,0.0020698765517611155,2.0404790806699586,2.12264078283734,81.7958984375,6.0265960693359375,0.19328665733337402,1317.334765252192,251258596.53716224,0.48702033537944517,1.5551167050889434,171,-4.463397979736328,-4.778003692626953,-4.687824249267578,-46.391845703125,-42.380126953125,-0.11896544694900513,-0.1465809941291809,0.2841031208650047,1.1360504447993276,ok,
direct_isolated,plummer3d,2003,256,0.1,8,16,600,0.0032174689608853507,1.9709488191437428,1.9210276590889517,75.7958984375,5.7531585693359375,0.20158743858337402,1250.1367461265932,266018263.0805085,0.4649017523404547,1.5032308201205238,157,-4.5002899169921875,-5.109363555908203,-4.563190460205078,-36.8935546875,-31.559814453125,-0.13611292839050293,-0.15171366930007935,0.2614245060576065,0.5835162631836277,ok,
direct_isolated,plummer3d,2004,256,0.1,8,16,600,0.00047301505635563107,1.8150315813401416,1.5383125847166894,94.453125,6.484130859375,0.20922470092773438,1348.2172130593374,273037953.32481194,0.5198511166253101,1.5280338464565164,166,-4.864414215087891,-5.2623443603515625,-4.6175689697265625,-57.338134765625,-58.5244140625,-0.12346130609512329,-0.14618515968322754,0.26296768274921994,0.34124430600853145,ok,
direct_isolated,plummer3d,2005,256,0.1,8,16,600,0.0008942160214033103,2.088143370454909,2.306655983211424,75.409912109375,5.105281829833984,0.167447030544281,971.8803746415815,271115652.3730879,0.41316880424925506,1.5164984773422814,183,-3.763916015625,-4.6160888671875,-4.405120849609375,-37.703125,-59.865234375,-0.09421157836914062,-0.12858343124389648,0.2514924260501612,1.0333370972484295,ok,
direct_isolated,plummer3d,2006,256,0.1,8,16,600,0.0044442195684322545,2.0151234314233273,2.0460964698513497,79.43359375,5.57757568359375,0.17809200286865234,1109.4559067116609,263780893.12169543,0.47213789381366794,1.538708910038101,172,-4.2520294189453125,-4.9697265625,-4.38623046875,-45.8173828125,-49.5625,-0.10556149482727051,-0.12346649169921875,0.2529264376830098,0.8421297757997559,ok,
direct_isolated,plummer3d,2007,256,0.1,8,16,600,0.0002124109210414349,1.682694879276282,1.354473505656804,83.308349609375,6.515316009521484,0.2075452208518982,1424.2462935715325,264267299.49336487,0.5109114249037228,1.4395762514291681,176,-4.59039306640625,-4.006664276123047,-4.224849700927734,-30.94140625,-39.124755859375,-0.11896610260009766,-0.12402719259262085,0.2020756033416512,0.20133274120291333,ok,
direct_isolated,plummer3d,2008,256,0.1,8,16,600,0.0005311913830360972,2.186818496783774,2.6339273372328766,76.71484375,5.75335693359375,0.20201778411865234,1227.5185494311952,292801028.2246618,0.4594886325305269,1.6019735892217,168,-4.718967437744141,-5.157535552978516,-4.8416290283203125,-43.248291015625,-43.6455078125,-0.1373019814491272,-0.15597271919250488,0.30711890351916266,1.219015286903789,ok,
direct_isolated,plummer3d,2009,256,0.1,8,16,600,0.0005459678485905003,1.8272750809032954,1.5703276077798085,83.784912109375,6.284969329833984,0.230435311794281,1359.870719439734,276620387.6461792,0.504858142246405,1.5234260452375954,170,-4.55926513671875,-5.190792083740234,-4.47711181640625,-41.26171875,-38.19140625,-0.15211009979248047,-0.15601444244384766,0.24812063872894308,0.3698704454901689,ok,
direct_isolated,plummer3d,2010,256,0.1,8,16,600,0.00030046711937582163,1.7409091177921199,1.3679269099796731,85.597412109375,5.796688079833984,0.215298593044281,1305.5746467707072,274275653.0118158,0.48646197694001814,1.479277860756759,154,-4.203685760498047,-4.34002685546875,-4.14752197265625,-45.176513671875,-38.34765625,-0.13138693571090698,-0.1526346206665039,0.2587437098916619,0.42534782781306474,ok,
direct_isolated,plummer3d,2011,256,0.1,8,16,600,0.0003157412303275647,1.774678335127295,1.5099026127654351,87.972412109375,5.663875579833984,0.207974374294281,1321.5080636379375,255463781.96319088,0.4783326855810338,1.4556760060155793,174,-3.67669677734375,-3.7484092712402344,-3.387401580810547,-38.74609375,-42.215576171875,-0.1232442855834961,-0.1340133547782898,0.19623469231289803,0.25052082058836755,ok,
direct_isolated,plummer3d,2012,256,0.1,8,16,600,0.004137264704152132,2.0212613937897945,2.0610466996083647,83.714599609375,5.402034759521484,0.1982678771018982,1250.0954001668194,277580625.8732196,0.470129357164017,1.5504297011714572,158,-3.979034423828125,-4.443328857421875,-4.032379150390625,-53.064453125,-56.853515625,-0.12400102615356445,-0.14106988906860352,0.2949150859576648,0.6469647170011449,ok,
direct_isolated,plummer3d,2013,256,0.1,8,16,600,0.0010843968342488922,1.9352207301103455,1.805231856755949,81.943115234375,5.429042816162109,0.18031829595565796,1079.858326137757,245546023.45604813,0.4705642281399857,1.5195937706170788,170,-4.10369873046875,-4.923583984375,-4.348979949951172,-47.29296875,-58.350341796875,-0.11239910125732422,-0.13152092695236206,0.2628182540886891,0.8386988240133801,ok,
direct_isolated,plummer3d,2014,256,0.1,8,16,600,0.0011683195462118853,2.064374790894762,2.24528452554835,78.62109375,4.49212646484375,0.1505117416381836,969.4432002977128,250672763.66027075,0.39540251691646117,1.5321275623607753,204,-3.2154273986816406,-4.026950836181641,-3.8611183166503906,-46.302978515625,-62.595947265625,-0.07908016443252563,-0.11718422174453735,0.27739197509511054,1.2668889127404186,ok,
direct_isolated,plummer3d,2015,256,0.1,8,16,600,0.0022122260298553364,2.0394752474775504,2.1119123348196616,82.1318359375,5.2886810302734375,0.19365859031677246,1203.7169864361829,256536848.69511455,0.456080968972955,1.5424342208826995,169,-3.856464385986328,-4.645893096923828,-4.044422149658203,-44.235595703125,-51.639892578125,-0.12303191423416138,-0.13945752382278442,0.23681367044858564,0.6487071172840948,ok,
direct_isolated,plummer3d,2016,256,0.1,8,16,600,0.0007432762066655488,1.8744204304822047,1.6744537791581322,84.954833984375,6.433132171630859,0.21395152807235718,1443.5301169313911,266835542.46415943,0.5491803278688525,1.5433811791413363,151,-5.068328857421875,-5.59613037109375,-4.81768798828125,-45.091796875,-32.64453125,-0.1343684196472168,-0.14693164825439453,0.2956506256610545,0.4837023324377585,ok,
direct_isolated,plummer3d,2017,256,0.1,8,16,600,0.0007999779457300167,2.103637666837156,2.4078420022667686,75.933349609375,5.706722259521484,0.1719006896018982,1175.327287688217,303207300.9281505,0.47434251670451927,1.588415413592977,155,-4.669185638427734,-5.2255859375,-5.054779052734375,-45.093505859375,-56.474609375,-0.10002511739730835,-0.1367201805114746,0.33213959896541506,1.2714996944311905,ok,
direct_isolated,plummer3d,2018,256,0.1,8,16,600,0.01097842843889871,2.0079614088111892,2.0226448646802604,72.1630859375,5.1753997802734375,0.19219374656677246,1233.3436738344699,274309218.240317,0.4174879707980753,1.4891907749750837,155,-3.770832061767578,-4.222980499267578,-3.9920501708984375,-40.411376953125,-38.6787109375,-0.11858111619949341,-0.14349150657653809,0.2606479451404697,0.6658567274529612,ok,
direct_isolated,plummer3d,2019,256,0.1,8,16,600,0.00035849047481214716,1.790993554652709,1.483049561369881,83.714599609375,6.179378509521484,0.2036389708518982,1259.2747636363677,287872160.80534935,0.4866199269280142,1.4878445834570702,169,-4.57891845703125,-5.108715057373047,-4.397216796875,-46.51953125,-54.453125,-0.12427997589111328,-0.13981246948242188,0.230187660411026,0.44653397176630594,ok,
direct_isolated,plummer3d,2020,256,0.1,8,16,600,0.002208382645344932,2.037925140936493,2.111629869208415,76.03125,5.5888671875,0.1830902099609375,1140.455464327098,273672232.6600727,0.46415620641562066,1.5196818713873133,161,-4.3297271728515625,-4.9098052978515625,-4.6380767822265625,-40.8525390625,-46.2119140625,-0.11397767066955566,-0.13783860206604004,0.238750137883819,0.713412289383617,ok,
direct_isolated,plummer3d,2021,256,0.1,8,16,600,0.00031418402228654616,1.7402280942348247,1.4111123225292819,86.691162109375,6.417781829833984,0.212368905544281,1369.333208799448,246317678.11337245,0.5062184220753984,1.4987723700569422,187,-4.70013427734375,-4.393280029296875,-4.474666595458984,-43.18359375,-28.863037109375,-0.1295919418334961,-0.14276212453842163,0.22487926061837937,0.3149213622345557,ok,
direct_isolated,plummer3d,2022,256,0.1,8,16,600,0.003375560815700279,1.974946902861533,1.9352154484811557,81.1318359375,5.3707122802734375,0.19317030906677246,1298.824355511271,268627211.55756325,0.48654388584702174,1.5355899118214107,179,-3.6541595458984375,-4.4029998779296875,-3.843494415283203,-39.7724609375,-26.155517578125,-0.11141753196716309,-0.13070279359817505,0.23005109088342685,0.42349779081577915,ok,
direct_isolated,plummer3d,2023,256,0.1,8,16,600,0.0009664078193593945,2.099926961225306,2.3021367019547747,80.52734375,5.89447021484375,0.1949453353881836,1303.325324429785,264332982.86380398,0.46436476316954406,1.5732787752713648,167,-4.0064239501953125,-4.995121002197266,-4.64453125,-40.9423828125,-54.46875,-0.11460232734680176,-0.14422607421875,0.2817913034104824,0.8189735431825018,ok,
direct_isolated,plummer3d,2024,256,0.1,8,16,600,0.0010360963475938038,1.9058870069064864,1.7758557611960748,84.066162109375,6.628719329833984,0.253872811794281,1588.8573389201808,250299638.5750491,0.5305091333074232,1.549823862651523,152,-4.552276611328125,-4.695995330810547,-4.360668182373047,-39.001953125,-32.035888671875,-0.17147111892700195,-0.17625921964645386,0.21442430405933413,0.28942045683947715,ok,
direct_isolated,plummer3d,2025,256,0.1,8,16,600,0.0003641842416499785,1.8033468791449483,1.5865551624840957,82.96875,5.9951171875,0.1996917724609375,1281.768858617243,241676391.57684827,0.5188633193863319,1.449806952246894,150,-4.12310791015625,-3.9603309631347656,-4.053928375244141,-38.66015625,-43.185791015625,-0.1095285415649414,-0.1250186562538147,0.2055783914702492,0.24842061769484552,ok,
direct_isolated,plummer3d,2026,256,0.1,8,16,600,0.0004794936070349633,1.840106278721758,1.5786361603381187,93.984375,6.550537109375,0.18529891967773438,1282.9877217208375,249868500.44371393,0.49696356275303644,1.4879950016955787,163,-4.930545806884766,-5.050754547119141,-4.5927886962890625,-46.445556640625,-44.5947265625,-0.10008054971694946,-0.1206514835357666,0.2398221801613632,0.5596960906123241,ok,
direct_isolated,plummer3d,2027,256,0.1,8,16,600,0.0006850036479878739,1.8835733335529818,1.717791255164294,84.423583984375,5.937038421630859,0.22859996557235718,1428.2762436463274,235550069.0468083,0.4959852793576447,1.478855166522971,157,-4.33294677734375,-4.572048187255859,-4.236370086669922,-47.15234375,-36.612060546875,-0.1477193832397461,-0.15789860486984253,0.23795096269976468,0.30772925429247533,ok,
direct_isolated,plummer3d,2028,256,0.1,8,16,600,0.0003411065717368887,1.7837979983513488,1.5126200073071214,87.37109375,6.32366943359375,0.22789669036865234,1464.742464972223,253711251.943649,0.5329555420630102,1.4674294646056407,155,-3.8798828125,-3.8590431213378906,-4.11663818359375,-44.1875,-20.18359375,-0.1389312744140625,-0.13909053802490234,0.198886592721441,0.4133589956764586,ok,
direct_isolated,plummer3d,2029,256,0.1,8,16,600,0.003549609531817801,1.9756418274795824,1.92976815282603,84.423583984375,5.976100921630859,0.19979137182235718,1128.7736201551882,316260038.24462867,0.49792572766811644,1.5195775459270418,161,-4.817626953125,-5.26690673828125,-4.631683349609375,-42.640625,-46.865234375,-0.13301467895507812,-0.14304876327514648,0.26527317693495184,0.7603476484000664,ok,
pm_periodic,bimodal3d,2000,256,0.1,8,16,600,,nan,nan,49.34375,6.61328125,0.4609375,2518.2448219673593,539305080.9391549,0.4276348039215686,2.1248621390269578,77,-5.875,-6.0234375,-5.98828125,-29.40625,-37.09375,-0.39306640625,-0.3916015625,nan,nan,ok,
pm_periodic,bimodal3d,2001,256,0.1,8,16,600,,nan,nan,46.53125,6.4453125,0.390625,2345.6720453034836,366279285.14911413,0.4036458333333333,2.0317004405133985,80,-5.6953125,-5.84375,-5.84765625,-31.90625,-41.09375,-0.32421875,-0.3251953125,nan,nan,ok,
pm_periodic,bimodal3d,2002,256,0.1,8,16,600,,nan,nan,47.71875,6.0703125,0.36962890625,2348.143585262158,428354109.5892216,0.3970281862745098,2.2035408920740713,93,-5.4375,-5.53125,-5.41015625,-37.21875,-38.0625,-0.3046875,-0.30224609375,nan,nan,ok,
pm_periodic,bimodal3d,2003,256,0.1,8,16,600,,nan,nan,44.03125,5.30078125,0.3408203125,2180.6424496213403,351818347.7283708,0.37306985294117645,2.115257377449576,104,-4.6875,-4.71875,-4.78125,-33.84375,-39.6875,-0.279296875,-0.27978515625,nan,nan,ok,
pm_periodic,bimodal3d,2004,256,0.1,8,16,600,,nan,nan,47.78125,6.390625,0.47314453125,2593.905107064382,723019770.7924749,0.4253370098039216,2.155012474289096,83,-5.59765625,-5.578125,-5.32421875,-33.15625,-32.90625,-0.40234375,-0.39404296875,nan,nan,ok,
pm_periodic,bimodal3d,2005,256,0.1,8,16,600,,nan,nan,50.78125,6.1640625,0.36376953125,2257.8408760469547,429105865.6612865,0.4010416666666667,2.1778779120102554,94,-5.4375,-5.49609375,-5.51953125,-35.5625,-41.65625,-0.298828125,-0.2978515625,nan,nan,ok,
pm_periodic,bimodal3d,2006,256,0.1,8,16,600,,nan,nan,48.84375,5.6796875,0.3369140625,2301.668757363439,410594524.83927035,0.41268382352941174,2.1502995630246646,96,-5.05859375,-5.11328125,-5.08984375,-37.9375,-44.09375,-0.2724609375,-0.26904296875,nan,nan,ok,
pm_periodic,bimodal3d,2007,256,0.1,8,16,600,,nan,nan,49.09375,6.49609375,0.37646484375,2453.330942732693,703676288.6034253,0.43017769607843137,2.0651659481376217,88,-5.8125,-5.859375,-5.79296875,-34.75,-38.09375,-0.3076171875,-0.3076171875,nan,nan,ok,
pm_periodic,bimodal3d,2008,256,0.1,8,16,600,,nan,nan,46.0,5.4296875,0.3544921875,2128.175531279899,539269973.0277791,0.38707107843137256,2.277718082954184,106,-4.74609375,-4.8984375,-4.91796875,-33.625,-42.375,-0.28857421875,-0.2890625,nan,nan,ok,
pm_periodic,bimodal3d,2009,256,0.1,8,16,600,,nan,nan,48.84375,6.28515625,0.4677734375,2567.6714520744526,454622189.78680897,0.4143688725490196,2.1683011210634486,81,-5.359375,-5.62109375,-5.3515625,-35.40625,-33.375,-0.40234375,-0.3916015625,nan,nan,ok,
pm_periodic,bimodal3d,2010,256,0.1,8,16,600,,nan,nan,46.96875,6.6015625,0.46630859375,2630.1922119978744,425125030.2277487,0.4262561274509804,2.0753803141828104,76,-5.84765625,-5.96875,-5.89453125,-31.09375,-37.9375,-0.39697265625,-0.40087890625,nan,nan,ok,
pm_periodic,bimodal3d,2011,256,0.1,8,16,600,,nan,nan,47.625,6.1796875,0.42919921875,2445.168449003415,537467033.0312161,0.41338848039215687,2.0884789799107617,83,-5.48046875,-5.5703125,-5.66796875,-34.3125,-42.3125,-0.36279296875,-0.36572265625,nan,nan,ok,
pm_periodic,bimodal3d,2012,256,0.1,8,16,600,,nan,nan,49.6875,5.8359375,0.37109375,2239.560485465631,466144378.56632394,0.41158088235294116,2.192734878690709,101,-5.15625,-5.3125,-5.1953125,-36.15625,-44.25,-0.30810546875,-0.30615234375,nan,nan,ok,
pm_periodic,bimodal3d,2013,256,0.1,8,16,600,,nan,nan,44.96875,5.52734375,0.35302734375,2315.4998373465714,335749700.1976166,0.3877144607843137,2.094325749116158,83,-4.8515625,-4.9609375,-4.9296875,-32.5,-40.28125,-0.28369140625,-0.2880859375,nan,nan,ok,
pm_periodic,bimodal3d,2014,256,0.1,8,16,600,,nan,nan,50.15625,6.10546875,0.4091796875,2340.1905087329988,371280916.2797961,0.4111519607843137,2.1581871348085593,81,-5.34375,-5.46484375,-5.3984375,-36.59375,-37.09375,-0.3408203125,-0.34228515625,nan,nan,ok,
pm_periodic,bimodal3d,2015,256,0.1,8,16,600,,nan,nan,43.90625,5.83984375,0.39208984375,2263.600133049311,433051108.10540503,0.39019607843137255,2.2213925942868338,98,-5.20703125,-5.34765625,-5.2265625,-32.84375,-35.9375,-0.328125,-0.32861328125,nan,nan,ok,
pm_periodic,bimodal3d,2016,256,0.1,8,16,600,,nan,nan,47.75,5.828125,0.4013671875,2335.055813157128,388053419.99862736,0.3811580882352941,2.1584822904052103,100,-5.078125,-5.25,-5.2265625,-37.0,-42.90625,-0.3349609375,-0.33544921875,nan,nan,ok,
pm_periodic,bimodal3d,2017,256,0.1,8,16,600,,nan,nan,47.65625,5.984375,0.390625,2400.717384410011,384256439.7344741,0.4100490196078431,2.2211390260828763,79,-5.421875,-5.4375,-5.44140625,-39.03125,-43.21875,-0.32763671875,-0.32958984375,nan,nan,ok,
pm_periodic,bimodal3d,2018,256,0.1,8,16,600,,nan,nan,48.75,5.71875,0.43994140625,2466.860730456042,546293806.7732959,0.3900122549019608,2.0830359846042468,83,-5.0,-5.1875,-5.05078125,-36.84375,-41.28125,-0.373046875,-0.37109375,nan,nan,ok,
pm_periodic,bimodal3d,2019,256,0.1,8,16,600,,nan,nan,47.15625,5.58984375,0.3955078125,2385.371146392374,455328374.10120666,0.401593137254902,2.089538413144009,93,-4.87109375,-5.06640625,-5.03515625,-34.9375,-42.28125,-0.3251953125,-0.33154296875,nan,nan,ok,
pm_periodic,bimodal3d,2020,256,0.1,8,16,600,,nan,nan,43.40625,5.4140625,0.33056640625,2074.5461447547027,352034143.94340575,0.3665441176470588,2.110418020995478,106,-4.71875,-4.8515625,-4.8359375,-33.0,-37.53125,-0.2626953125,-0.26708984375,nan,nan,ok,
pm_periodic,bimodal3d,2021,256,0.1,8,16,600,,nan,nan,47.15625,6.37890625,0.44140625,2503.178682084671,553140451.1518569,0.41222426470588236,2.1002320828884535,81,-5.55859375,-5.6640625,-5.5,-32.78125,-32.90625,-0.37255859375,-0.36767578125,nan,nan,ok,
pm_periodic,bimodal3d,2022,256,0.1,8,16,600,,nan,nan,47.28125,6.22265625,0.43505859375,2498.443148225284,658940476.5382688,0.41017156862745097,2.202608537753515,83,-5.48046875,-5.53515625,-5.421875,-30.9375,-32.875,-0.36767578125,-0.36083984375,nan,nan,ok,
pm_periodic,bimodal3d,2023,256,0.1,8,16,600,,nan,nan,47.6875,5.78125,0.388671875,2364.7784368615276,419964411.9111996,0.39010416666666664,2.2507155749953185,94,-5.12890625,-5.2578125,-5.265625,-34.71875,-42.75,-0.32373046875,-0.322265625,nan,nan,ok,
pm_periodic,bimodal3d,2024,256,0.1,8,16,600,,nan,nan,50.0625,6.12109375,0.48681640625,2587.474626379988,455829684.3843896,0.41731004901960783,2.211209626873206,80,-5.3203125,-5.55078125,-5.38671875,-35.0625,-41.25,-0.41845703125,-0.41552734375,nan,nan,ok,
pm_periodic,bimodal3d,2025,256,0.1,8,16,600,,nan,nan,44.53125,5.53515625,0.35498046875,2199.2272935719393,361518161.07211196,0.3798713235294118,2.037071356283718,98,-4.73046875,-4.83984375,-4.8125,-29.125,-35.28125,-0.2900390625,-0.28662109375,nan,nan,ok,
pm_periodic,bimodal3d,2026,256,0.1,8,16,600,,nan,nan,55.34375,7.0078125,0.48046875,2539.2088774037516,447982147.006865,0.4274203431372549,2.0647882913477096,78,-6.125,-6.31640625,-6.21875,-36.90625,-42.9375,-0.41357421875,-0.41455078125,nan,nan,ok,
pm_periodic,bimodal3d,2027,256,0.1,8,16,600,,nan,nan,48.96875,6.4765625,0.44873046875,2532.4090657175684,606364878.3591394,0.41731004901960783,2.112764325728062,82,-5.7265625,-5.80078125,-5.73046875,-35.09375,-38.0625,-0.38037109375,-0.37744140625,nan,nan,ok,
pm_periodic,bimodal3d,2028,256,0.1,8,16,600,,nan,nan,47.84375,6.203125,0.416015625,2426.194244014969,547114969.3922769,0.4078125,2.074403652325504,84,-5.46484375,-5.453125,-5.37109375,-36.28125,-35.4375,-0.3447265625,-0.341796875,nan,nan,ok,
pm_periodic,bimodal3d,2029,256,0.1,8,16,600,,nan,nan,46.96875,5.8046875,0.42919921875,2433.440681260321,439970940.8825455,0.37864583333333335,2.1803763667301954,91,-5.11328125,-5.26171875,-5.22265625,-35.5625,-39.125,-0.36279296875,-0.3642578125,nan,nan,ok,
pm_periodic,cold_clumpy3d,2000,256,0.1,8,16,600,,nan,nan,132.53125,13.9609375,0.6474609375,3437.640746256179,770233341.0759249,0.2575674019607843,0.08911793142172385,22,1.390625,2.94140625,7.46484375,30.6875,105.34375,0.38134765625,0.10009765625,nan,nan,ok,
pm_periodic,cold_clumpy3d,2001,256,0.1,8,16,600,,nan,nan,125.9375,14.3515625,0.65380859375,3528.855891473918,774878089.7805716,0.20174632352941177,0.08851093213500258,16,3.12109375,0.1171875,-1.0078125,51.875,149.09375,0.705078125,0.30615234375,nan,nan,ok,
pm_periodic,cold_clumpy3d,2002,256,0.1,8,16,600,,nan,nan,104.875,9.4140625,0.56396484375,3393.1330362836497,701707998.790415,0.216421568627451,0.08863190203419594,22,6.39453125,8.4453125,8.05078125,73.40625,469.84375,0.42529296875,0.43359375,nan,nan,ok,
pm_periodic,cold_clumpy3d,2003,256,0.1,8,16,600,,nan,nan,128.3125,9.69140625,0.6630859375,3355.7309003375876,741792753.0675995,0.23838848039215688,0.08493385781157964,31,4.453125,6.99609375,6.19921875,70.09375,120.59375,0.7001953125,0.09033203125,nan,nan,ok,
pm_periodic,cold_clumpy3d,2004,256,0.1,8,16,600,,nan,nan,152.59375,14.58984375,0.759765625,3536.04049554102,789651065.1724845,0.26170343137254903,0.089875953851935,12,2.25390625,20.69140625,-0.3671875,-6.6875,23.09375,0.5302734375,0.21533203125,nan,nan,ok,
pm_periodic,cold_clumpy3d,2005,256,0.1,8,16,600,,nan,nan,127.21875,10.99609375,0.74658203125,3359.39989523622,672819753.2473702,0.27362132352941176,0.0871326931056169,24,1.36328125,9.19921875,28.70703125,11.40625,228.75,0.087890625,0.55078125,nan,nan,ok,
pm_periodic,cold_clumpy3d,2006,256,0.1,8,16,600,,nan,nan,121.90625,11.09765625,0.587890625,3496.8564781270748,728834985.1848793,0.29675245098039216,0.08947549922756792,15,10.94921875,23.18359375,15.6015625,121.625,367.15625,0.48095703125,1.3154296875,nan,nan,ok,
pm_periodic,cold_clumpy3d,2007,256,0.1,8,16,600,,nan,nan,151.53125,12.4296875,0.63134765625,3430.6886394333546,795778044.9566609,0.27738970588235295,0.08264099424760077,20,5.84765625,13.609375,5.91796875,74.625,113.1875,0.8193359375,-0.021484375,nan,nan,ok,
pm_periodic,cold_clumpy3d,2008,256,0.1,8,16,600,,nan,nan,169.34375,18.734375,0.6943359375,3488.2571462324977,749314412.7524996,0.2706188725490196,0.09398099455847074,25,0.61328125,3.26953125,6.8828125,3.28125,86.15625,0.35986328125,0.84375,nan,nan,ok,
pm_periodic,cold_clumpy3d,2009,256,0.1,8,16,600,,nan,nan,155.6875,12.20703125,0.73193359375,3494.782979964494,891408378.1024613,0.20799632352941178,0.08942620706992466,22,5.75,5.5234375,5.86328125,92.59375,245.53125,0.783203125,0.0185546875,nan,nan,ok,
pm_periodic,cold_clumpy3d,2010,256,0.1,8,16,600,,nan,nan,132.875,11.73046875,0.62451171875,3417.1489127122386,729341768.7168005,0.27291666666666664,0.08152179894858902,21,11.92578125,10.5,7.1015625,396.90625,439.1875,0.74755859375,0.41552734375,nan,nan,ok,
pm_periodic,cold_clumpy3d,2011,256,0.1,8,16,600,,nan,nan,173.25,15.59765625,0.63134765625,3402.542015144965,670355889.7241511,0.2847120098039216,0.08869741699434514,21,2.83203125,5.078125,16.12890625,5.84375,267.5,0.6953125,0.662109375,nan,nan,ok,
pm_periodic,cold_clumpy3d,2012,256,0.1,8,16,600,,nan,nan,173.625,13.515625,0.56494140625,3358.0782567599895,728695468.8336761,0.30422794117647056,0.0911553845971768,25,50.359375,11.0859375,15.33984375,359.40625,251.625,2.04736328125,0.7587890625,nan,nan,ok,
pm_periodic,cold_clumpy3d,2013,256,0.1,8,16,600,,nan,nan,216.375,16.33203125,0.6396484375,3424.7732090226773,633946090.461823,0.21810661764705883,0.08630483368188493,20,6.984375,7.7421875,1.78125,17.0625,-23.96875,1.36376953125,0.13818359375,nan,nan,ok,
pm_periodic,cold_clumpy3d,2014,256,0.1,8,16,600,,nan,nan,125.8125,12.26171875,0.67236328125,3394.292354997957,683838474.1173143,0.2068627450980392,0.08511484675430245,28,4.47265625,17.1796875,2.98046875,14.96875,105.90625,0.47802734375,0.224609375,nan,nan,ok,
pm_periodic,cold_clumpy3d,2015,256,0.1,8,16,600,,nan,nan,84.96875,10.3671875,0.57080078125,3374.029388144905,768590141.78501,0.20018382352941178,0.08924968429635668,25,1.96484375,9.87109375,9.3984375,18.875,126.1875,0.41650390625,0.36083984375,nan,nan,ok,
pm_periodic,cold_clumpy3d,2016,256,0.1,8,16,600,,nan,nan,196.28125,12.6796875,0.68994140625,3454.6986490626364,731515177.0081108,0.25916053921568627,0.08836549605982538,21,3.98046875,16.01171875,3.7421875,7.90625,76.25,0.330078125,0.33544921875,nan,nan,ok,
pm_periodic,cold_clumpy3d,2017,256,0.1,8,16,600,,nan,nan,140.125,13.07421875,0.533203125,3396.361521890993,657562687.3932524,0.19987745098039217,0.0883311658876342,16,-1.42578125,26.7734375,6.8828125,-7.0625,181.0625,0.35302734375,0.88623046875,nan,nan,ok,
pm_periodic,cold_clumpy3d,2018,256,0.1,8,16,600,,nan,nan,115.75,10.453125,0.57470703125,3413.6240404753635,734063487.1774755,0.20294117647058824,0.0851790125272335,22,2.94140625,4.03125,9.3046875,18.4375,269.875,0.48876953125,1.177734375,nan,nan,ok,
pm_periodic,cold_clumpy3d,2019,256,0.1,8,16,600,,nan,nan,191.84375,13.66796875,0.70703125,3496.0214379034587,849857473.7348568,0.3307904411764706,0.08580680898487708,16,9.06640625,14.89453125,11.26171875,157.5625,56.78125,0.6669921875,0.48046875,nan,nan,ok,
pm_periodic,cold_clumpy3d,2020,256,0.1,8,16,600,,nan,nan,134.09375,8.73828125,0.55615234375,3430.1497431031057,824006757.3350823,0.38612132352941175,0.08883990627625661,28,35.9296875,24.39453125,41.9765625,514.34375,376.96875,1.681640625,1.056640625,nan,nan,ok,
pm_periodic,cold_clumpy3d,2021,256,0.1,8,16,600,,nan,nan,173.78125,16.4765625,0.630859375,3444.2812848284975,821374924.1326758,0.22729779411764706,0.08107894791472815,23,1.71875,-1.75,9.4375,42.125,70.28125,0.91748046875,0.57421875,nan,nan,ok,
pm_periodic,cold_clumpy3d,2022,256,0.1,8,16,600,,nan,nan,167.6875,17.703125,0.65380859375,3587.2057322888977,887633590.4445081,0.26982230392156864,0.09033758976908543,14,-1.8515625,-2.7421875,-0.4296875,-31.09375,12.90625,0.83544921875,0.4677734375,nan,nan,ok,
pm_periodic,cold_clumpy3d,2023,256,0.1,8,16,600,,nan,nan,144.1875,14.31640625,0.60498046875,3360.722978739477,708866924.667343,0.20416666666666666,0.08999171152536631,16,-0.7265625,2.3125,4.3984375,28.3125,85.65625,0.37744140625,0.3623046875,nan,nan,ok,
pm_periodic,cold_clumpy3d,2024,256,0.1,8,16,600,,nan,nan,132.125,11.68359375,0.6513671875,3333.475278314448,663340105.291546,0.20505514705882352,0.088920527197238,16,3.12109375,12.62109375,6.3046875,-0.15625,163.03125,0.5185546875,0.61181640625,nan,nan,ok,
pm_periodic,cold_clumpy3d,2025,256,0.1,8,16,600,,nan,nan,133.1875,11.9375,0.68212890625,3489.973453765703,814579327.4755594,0.19966299019607844,0.08750589285903568,21,4.74609375,4.15625,-1.015625,28.375,58.71875,0.830078125,0.11767578125,nan,nan,ok,
pm_periodic,cold_clumpy3d,2026,256,0.1,8,16,600,,nan,nan,133.09375,11.578125,0.7353515625,3296.161848345238,742074070.7644961,0.1995404411764706,0.08320573596884465,26,3.9296875,4.77734375,1.1640625,9.09375,172.03125,0.3740234375,0.1484375,nan,nan,ok,
pm_periodic,cold_clumpy3d,2027,256,0.1,8,16,600,,nan,nan,148.09375,14.8984375,0.70947265625,3254.9269933683536,698270318.2443675,0.22104779411764705,0.08861910387252786,27,4.2421875,2.12890625,-1.7109375,20.09375,156.09375,0.59619140625,0.19775390625,nan,nan,ok,
pm_periodic,cold_clumpy3d,2028,256,0.1,8,16,600,,nan,nan,142.03125,14.9765625,0.6572265625,3410.2437963510156,719454736.9932201,0.23541666666666666,0.08817035493545192,19,4.00390625,-0.90625,7.08984375,40.03125,61.53125,0.75537109375,0.62353515625,nan,nan,ok,
pm_periodic,cold_clumpy3d,2029,256,0.1,8,16,600,,nan,nan,151.0625,17.17578125,0.60107421875,3410.725368325472,825399491.6206928,0.2668504901960784,0.08579798453573333,20,0.19921875,-3.65234375,8.26953125,19.9375,136.3125,0.7919921875,0.48681640625,nan,nan,ok,
pm_periodic,hernquist3d,2000,256,0.1,8,16,600,,nan,nan,33.875,2.74609375,0.14990234375,794.776946477928,399922624.7622312,0.19154411764705884,1.1957967671513154,201,-0.2890625,-0.87890625,-0.28515625,1.0625,10.90625,-0.02783203125,-0.0322265625,nan,nan,ok,
pm_periodic,hernquist3d,2001,256,0.1,8,16,600,,nan,nan,31.15625,1.85546875,0.1142578125,589.459863632035,318645801.7573459,0.14537377450980393,1.1673905607491055,212,-0.546875,-0.09375,-0.5625,-12.34375,2.21875,-0.02587890625,-0.03515625,nan,nan,ok,
pm_periodic,hernquist3d,2002,256,0.1,8,16,600,,nan,nan,38.25,2.72265625,0.13671875,782.4628647717733,310158068.51335186,0.20128676470588236,1.2283555242758863,199,-0.578125,-0.4921875,-0.17578125,-10.90625,14.875,-0.02197265625,-0.0185546875,nan,nan,ok,
pm_periodic,hernquist3d,2003,256,0.1,8,16,600,,nan,nan,35.6875,2.48828125,0.12841796875,684.2754542635527,378981515.3491062,0.1996936274509804,1.2053175377806193,200,-0.4921875,-1.1328125,-0.9375,-2.1875,-10.65625,-0.03173828125,-0.041015625,nan,nan,ok,
pm_periodic,hernquist3d,2004,256,0.1,8,16,600,,nan,nan,41.3125,2.65234375,0.146484375,838.4277879903109,438439534.0104627,0.20594362745098038,1.2237386275147102,187,-0.53515625,-0.2421875,0.3828125,-9.625,29.59375,0.0,-0.00439453125,nan,nan,ok,
pm_periodic,hernquist3d,2005,256,0.1,8,16,600,,nan,nan,28.5625,2.0703125,0.107421875,580.2116942007897,309877509.4893862,0.1599877450980392,1.2228273278563822,203,-0.671875,-1.0859375,-0.90234375,-5.625,-14.90625,-0.01904296875,-0.02294921875,nan,nan,ok,
pm_periodic,hernquist3d,2006,256,0.1,8,16,600,,nan,nan,31.96875,2.37109375,0.11669921875,654.442891374237,385290993.2147912,0.17714460784313726,1.2241174351670305,209,-0.40234375,0.02734375,-0.76953125,-0.3125,-1.53125,-0.00390625,-0.02392578125,nan,nan,ok,
pm_periodic,hernquist3d,2007,256,0.1,8,16,600,,nan,nan,38.71875,3.03125,0.1484375,825.3802326965299,299302669.6874538,0.2192095588235294,1.1611551378966567,192,0.00390625,-0.2109375,-0.59375,-1.90625,-10.59375,0.02587890625,-0.02197265625,nan,nan,ok,
pm_periodic,hernquist3d,2008,256,0.1,8,16,600,,nan,nan,35.4375,2.39453125,0.13623046875,747.8247934571565,448334882.24971545,0.18774509803921569,1.2841879271230154,203,-0.6484375,-0.421875,-0.07421875,-5.96875,13.375,-0.037109375,-0.01953125,nan,nan,ok,
pm_periodic,hernquist3d,2009,256,0.1,8,16,600,,nan,nan,39.8125,2.71484375,0.15234375,825.86434556409,342110431.55193007,0.2216299019607843,1.2167195689751773,189,-0.74609375,-0.4453125,-0.71875,-9.53125,-2.53125,-0.029296875,-0.0302734375,nan,nan,ok,
pm_periodic,hernquist3d,2010,256,0.1,8,16,600,,nan,nan,34.09375,2.68359375,0.15380859375,836.632044433145,353895160.2269412,0.21268382352941176,1.177305645585753,186,0.140625,1.92578125,1.51171875,2.96875,51.78125,0.01953125,-0.00048828125,nan,nan,ok,
pm_periodic,hernquist3d,2011,256,0.1,8,16,600,,nan,nan,36.3125,2.86328125,0.14990234375,797.3167344688216,407743379.93306637,0.2142769607843137,1.1789788525572058,196,-0.60546875,0.70703125,-0.8125,-0.28125,6.40625,-0.015625,-0.01171875,nan,nan,ok,
pm_periodic,hernquist3d,2012,256,0.1,8,16,600,,nan,nan,35.1875,2.67578125,0.12255859375,695.4814836830496,320063331.10125923,0.20303308823529412,1.2480603942677209,201,-1.1015625,-1.1640625,-0.77734375,-6.40625,-5.46875,-0.03076171875,-0.03564453125,nan,nan,ok,
pm_periodic,hernquist3d,2013,256,0.1,8,16,600,,nan,nan,35.15625,2.1484375,0.1171875,594.2482380847642,320164491.23683745,0.16332720588235294,1.1951617788937408,210,-0.57421875,-0.97265625,-0.9296875,-7.84375,-4.375,-0.03173828125,-0.0419921875,nan,nan,ok,
pm_periodic,hernquist3d,2014,256,0.1,8,16,600,,nan,nan,25.15625,2.0078125,0.1103515625,629.4601661008111,333891013.04321057,0.1585171568627451,1.2239720298491605,205,-0.78515625,-1.02734375,-0.48828125,0.1875,2.3125,-0.03125,-0.02294921875,nan,nan,ok,
pm_periodic,hernquist3d,2015,256,0.1,8,16,600,,nan,nan,31.0,2.4140625,0.142578125,747.6230581864223,334689125.1391717,0.18063725490196078,1.2395443833205908,200,-0.74609375,-0.62890625,-0.6796875,-1.5,12.71875,-0.05322265625,-0.03271484375,nan,nan,ok,
pm_periodic,hernquist3d,2016,256,0.1,8,16,600,,nan,nan,39.0625,2.8046875,0.140625,801.0195478445945,345140113.0067235,0.22953431372549019,1.2435805741922066,192,-0.6328125,-0.7421875,-0.2578125,-0.75,2.9375,-0.03515625,-0.03662109375,nan,nan,ok,
pm_periodic,hernquist3d,2017,256,0.1,8,16,600,,nan,nan,36.75,2.3359375,0.11572265625,649.1380371191148,338039554.0219265,0.18700980392156863,1.258421969532539,203,-0.68359375,-1.02734375,-1.34765625,-0.9375,-13.96875,-0.02490234375,-0.0380859375,nan,nan,ok,
pm_periodic,hernquist3d,2018,256,0.1,8,16,600,,nan,nan,29.46875,2.609375,0.14697265625,782.9535870274422,372384383.89824116,0.18872549019607843,1.1938667899994846,194,-0.6015625,-0.12890625,-0.3671875,-1.125,12.71875,-0.02783203125,-0.0146484375,nan,nan,ok,
pm_periodic,hernquist3d,2019,256,0.1,8,16,600,,nan,nan,38.875,2.50390625,0.13330078125,682.2752099288721,363686397.8352503,0.19056372549019607,1.187072409337258,204,-0.3515625,-0.37109375,-0.33984375,1.90625,21.9375,-0.02685546875,-0.0205078125,nan,nan,ok,
pm_periodic,hernquist3d,2020,256,0.1,8,16,600,,nan,nan,32.75,2.23046875,0.12353515625,642.2413656138831,375395866.8748125,0.17411151960784313,1.2203029523628521,202,-0.55859375,-0.94140625,-0.90234375,-1.65625,-1.0625,-0.0283203125,-0.0390625,nan,nan,ok,
pm_periodic,hernquist3d,2021,256,0.1,8,16,600,,nan,nan,42.8125,2.765625,0.14599609375,839.2434500485122,286193519.9205529,0.21534926470588237,1.1888467296165262,194,-0.78125,-0.73828125,0.26171875,0.53125,13.625,-0.02783203125,-0.03125,nan,nan,ok,
pm_periodic,hernquist3d,2022,256,0.1,8,16,600,,nan,nan,31.03125,2.46875,0.13916015625,807.7086442300472,355346514.6430805,0.1853247549019608,1.2249212012417527,198,-0.52734375,-0.48828125,-0.39453125,3.8125,-3.625,-0.0439453125,-0.02099609375,nan,nan,ok,
pm_periodic,hernquist3d,2023,256,0.1,8,16,600,,nan,nan,37.28125,2.7734375,0.13916015625,739.6670362909965,351638847.6381128,0.21973039215686274,1.2730609693148884,194,-0.73828125,-1.21875,0.33984375,-3.53125,27.21875,-0.03955078125,-0.025390625,nan,nan,ok,
pm_periodic,hernquist3d,2024,256,0.1,8,16,600,,nan,nan,42.15625,3.5625,0.16845703125,939.7816227743101,315784569.71381605,0.2549019607843137,1.2625302836964307,188,-0.59375,0.01171875,-0.21875,-0.5625,-1.15625,-0.025390625,0.0009765625,nan,nan,ok,
pm_periodic,hernquist3d,2025,256,0.1,8,16,600,,nan,nan,37.0,2.72265625,0.138671875,713.82747632214,300174558.3582145,0.20557598039215685,1.1560631904801182,197,-0.078125,-0.140625,-0.08203125,-1.75,1.125,-0.00732421875,-0.017578125,nan,nan,ok,
pm_periodic,hernquist3d,2026,256,0.1,8,16,600,,nan,nan,40.4375,2.84375,0.125,670.5937946909849,291720592.23453814,0.19724264705882352,1.1925766942042353,201,-0.8046875,-1.28125,-1.38671875,-8.75,-15.46875,-0.03466796875,-0.02587890625,nan,nan,ok,
pm_periodic,hernquist3d,2027,256,0.1,8,16,600,,nan,nan,34.8125,2.7578125,0.17431640625,902.1543722340402,341977114.02504104,0.20337009803921569,1.1950391095206854,185,0.03515625,0.48828125,1.50390625,6.3125,16.59375,-0.01025390625,-0.02734375,nan,nan,ok,
pm_periodic,hernquist3d,2028,256,0.1,8,16,600,,nan,nan,38.46875,3.35546875,0.17138671875,879.4836846514468,379406700.3307216,0.23722426470588234,1.1773229882636898,192,-0.5390625,0.4296875,2.52734375,-1.75,70.875,-0.00927734375,0.03076171875,nan,nan,ok,
pm_periodic,hernquist3d,2029,256,0.1,8,16,600,,nan,nan,35.21875,2.06640625,0.11865234375,615.0196793567903,424883854.2249022,0.17714460784313726,1.2331879527579521,206,-0.515625,-0.9140625,-0.9375,-11.125,-13.25,-0.03662109375,-0.03173828125,nan,nan,ok,
pm_periodic,plummer3d,2000,256,0.1,8,16,600,,nan,nan,95.09375,5.875,0.20166015625,1295.3829617925355,261127861.0821224,0.48045343137254903,1.4956831293886035,155,-2.890625,-2.16015625,-2.3203125,-38.125,-18.59375,-0.0751953125,-0.08740234375,nan,nan,ok,
pm_periodic,plummer3d,2001,256,0.1,8,16,600,,nan,nan,78.0,5.25390625,0.1806640625,984.3075687145172,282345919.31508434,0.4074142156862745,1.4541984552026181,165,-3.16796875,-3.4453125,-2.9609375,-30.65625,-10.875,-0.08203125,-0.07275390625,nan,nan,ok,
pm_periodic,plummer3d,2002,256,0.1,8,16,600,,nan,nan,81.4375,6.02734375,0.1962890625,1249.4317232600504,266608336.49833056,0.4390012254901961,1.547752119258787,148,-3.5546875,-3.60546875,-3.85546875,-37.0,-24.34375,-0.083984375,-0.0986328125,nan,nan,ok,
pm_periodic,plummer3d,2003,256,0.1,8,16,600,,nan,nan,74.5625,5.75390625,0.20458984375,1182.6027107834866,283057069.58793485,0.41623774509803924,1.502428421250873,158,-3.71875,-4.2578125,-3.55078125,-21.4375,-14.375,-0.11328125,-0.1044921875,nan,nan,ok,
pm_periodic,plummer3d,2004,256,0.1,8,16,600,,nan,nan,93.65625,6.484375,0.2109375,1306.76073530127,280136342.0343147,0.4884191176470588,1.5218071376862738,142,-3.51171875,-3.9296875,-4.21875,-47.8125,-32.28125,-0.09521484375,-0.1083984375,nan,nan,ok,
pm_periodic,plummer3d,2005,256,0.1,8,16,600,,nan,nan,74.71875,5.109375,0.1689453125,945.8599735758033,277095100.2692354,0.39136029411764706,1.511937408475812,170,-3.17578125,-4.109375,-3.12890625,-27.28125,-30.96875,-0.07763671875,-0.080078125,nan,nan,ok,
pm_periodic,plummer3d,2006,256,0.1,8,16,600,,nan,nan,78.28125,5.58203125,0.1806640625,1058.1641631489874,276320058.6409099,0.42953431372549017,1.5427581340878473,164,-3.56640625,-4.046875,-3.0703125,-34.71875,1.625,-0.087890625,-0.07958984375,nan,nan,ok,
pm_periodic,plummer3d,2007,256,0.1,8,16,600,,nan,nan,83.96875,6.52734375,0.20947265625,1375.3644785779225,273737285.90756017,0.47738970588235297,1.4455845748929588,147,-2.671875,-2.05078125,-2.81640625,-21.25,-32.28125,-0.05224609375,-0.0654296875,nan,nan,ok,
pm_periodic,plummer3d,2008,256,0.1,8,16,600,,nan,nan,78.21875,5.83984375,0.205078125,1184.1289255726733,306554828.7339066,0.4287683823529412,1.6009254252452525,153,-4.09765625,-3.875,-4.140625,-36.59375,-33.96875,-0.1162109375,-0.12158203125,nan,nan,ok,
pm_periodic,plummer3d,2009,256,0.1,8,16,600,,nan,nan,83.0625,6.28515625,0.23193359375,1323.0017517588103,282058959.51880264,0.4778186274509804,1.522215567817896,138,-3.58984375,-3.77734375,-2.91796875,-33.875,22.8125,-0.10888671875,-0.11572265625,nan,nan,ok,
pm_periodic,plummer3d,2010,256,0.1,8,16,600,,nan,nan,85.78125,5.80859375,0.21728515625,1270.554697746209,277167604.71340007,0.46109068627450983,1.4748975930698718,149,-3.0,-2.0078125,-3.375,-32.8125,-9.65625,-0.09765625,-0.1005859375,nan,nan,ok,
pm_periodic,plummer3d,2011,256,0.1,8,16,600,,nan,nan,87.90625,5.671875,0.20947265625,1286.100581878458,261252263.50327662,0.45327818627450983,1.4609441522512103,144,-2.30078125,-2.6171875,-1.5546875,-27.96875,-22.0625,-0.08251953125,-0.0634765625,nan,nan,ok,
pm_periodic,plummer3d,2012,256,0.1,8,16,600,,nan,nan,82.8125,5.40234375,0.2001953125,1206.6245268916282,286593969.7340536,0.4378370098039216,1.5564235820475598,149,-3.421875,-3.265625,-2.19140625,-44.71875,-26.6875,-0.10791015625,-0.08642578125,nan,nan,ok,
pm_periodic,plummer3d,2013,256,0.1,8,16,600,,nan,nan,80.71875,5.4296875,0.18310546875,1025.9104624942997,260398228.72471178,0.4245404411764706,1.513505762466412,159,-3.546875,-4.18359375,-3.28515625,-39.90625,-24.65625,-0.08935546875,-0.07177734375,nan,nan,ok,
pm_periodic,plummer3d,2014,256,0.1,8,16,600,,nan,nan,78.28125,4.4921875,0.1513671875,954.7112120648347,254452336.21404707,0.38354779411764706,1.530179813860407,156,-3.02734375,-3.5703125,-3.18359375,-39.625,-45.3125,-0.06201171875,-0.0751953125,nan,nan,ok,
pm_periodic,plummer3d,2015,256,0.1,8,16,600,,nan,nan,81.96875,5.3046875,0.19580078125,1158.1463113951224,267217598.67813998,0.42270220588235297,1.5415327797958978,150,-3.296875,-3.57421875,-3.04296875,-38.4375,-33.28125,-0.103515625,-0.10400390625,nan,nan,ok,
pm_periodic,plummer3d,2016,256,0.1,8,16,600,,nan,nan,83.875,6.43359375,0.21630859375,1382.0957204479287,280451458.2493534,0.5032475490196079,1.5429258360787903,144,-4.1875,-4.46484375,-4.39453125,-35.53125,-13.25,-0.12548828125,-0.1201171875,nan,nan,ok,
pm_periodic,plummer3d,2017,256,0.1,8,16,600,,nan,nan,75.90625,5.72265625,0.173828125,1135.3058203482165,313185746.00402546,0.4435049019607843,1.5868054780276013,153,-4.2109375,-4.83203125,-4.04296875,-39.25,-36.125,-0.0888671875,-0.08349609375,nan,nan,ok,
pm_periodic,plummer3d,2018,256,0.1,8,16,600,,nan,nan,71.21875,5.17578125,0.1943359375,1185.859492922942,282040669.85101223,0.3859987745098039,1.495992287977231,157,-2.87890625,-3.26171875,-2.703125,-34.75,-11.6875,-0.091796875,-0.08203125,nan,nan,ok,
pm_periodic,plummer3d,2019,256,0.1,8,16,600,,nan,nan,82.8125,6.1796875,0.20556640625,1215.5020414349601,300830181.00067663,0.4532169117647059,1.4881586670647773,147,-3.26171875,-3.73828125,-3.30078125,-28.3125,-28.84375,-0.08642578125,-0.0947265625,nan,nan,ok,
pm_periodic,plummer3d,2020,256,0.1,8,16,600,,nan,nan,75.15625,5.59765625,0.1865234375,1070.3360283442048,287611849.8732332,0.4091605392156863,1.5230334407835828,157,-3.55078125,-4.03125,-3.58203125,-31.25,-26.4375,-0.0966796875,-0.0966796875,nan,nan,ok,
pm_periodic,plummer3d,2021,256,0.1,8,16,600,,nan,nan,86.03125,6.41796875,0.2138671875,1332.3609791265587,251795028.62926546,0.4791666666666667,1.497872152502,147,-3.5625,-2.60546875,-2.57421875,-32.84375,-7.8125,-0.10400390625,-0.09228515625,nan,nan,ok,
pm_periodic,plummer3d,2022,256,0.1,8,16,600,,nan,nan,80.28125,5.37109375,0.1953125,1248.691887404334,278878249.96801615,0.4495404411764706,1.5298899057793154,158,-2.734375,-3.2734375,-2.84375,-37.25,12.0625,-0.07373046875,-0.08984375,nan,nan,ok,
pm_periodic,plummer3d,2023,256,0.1,8,16,600,,nan,nan,80.1875,5.89453125,0.19580078125,1283.4385400821634,268038832.3003952,0.45042892156862746,1.5743783210157785,148,-3.56640625,-3.48828125,-2.5625,-29.96875,13.6875,-0.0888671875,-0.06884765625,nan,nan,ok,
pm_periodic,plummer3d,2024,256,0.1,8,16,600,,nan,nan,83.46875,6.63671875,0.255859375,1545.770785472945,259391325.55673072,0.5021752450980392,1.5620705309126768,129,-2.3671875,-2.234375,-1.69140625,-27.78125,17.625,-0.119140625,-0.10498046875,nan,nan,ok,
pm_periodic,plummer3d,2025,256,0.1,8,16,600,,nan,nan,81.59375,6.0,0.203125,1202.2957511120212,261244204.46331716,0.45621936274509806,1.4491744352364133,147,-2.4453125,-2.34375,-2.5234375,-24.71875,-28.90625,-0.06884765625,-0.07373046875,nan,nan,ok,
pm_periodic,plummer3d,2026,256,0.1,8,16,600,,nan,nan,94.125,6.55078125,0.18701171875,1243.7981047345916,255255138.06645185,0.4681066176470588,1.4816691604867622,144,-4.02734375,-4.171875,-3.90234375,-41.65625,-35.125,-0.072265625,-0.07958984375,nan,nan,ok,
pm_periodic,plummer3d,2027,256,0.1,8,16,600,,nan,nan,84.5,5.9609375,0.2314453125,1368.1127853562457,246685631.04655796,0.4553921568627451,1.4872619425124212,151,-3.1796875,-2.73828125,-2.421875,-35.21875,-9.125,-0.1220703125,-0.10400390625,nan,nan,ok,
pm_periodic,plummer3d,2028,256,0.1,8,16,600,,nan,nan,86.1875,6.32421875,0.23046875,1396.6235937759343,263025212.164159,0.484375,1.4769312318101644,141,-2.29296875,0.29296875,-2.0625,-35.28125,64.34375,-0.06689453125,-0.09228515625,nan,nan,ok,
pm_periodic,plummer3d,2029,256,0.1,8,16,600,,nan,nan,84.375,5.984375,0.2021484375,1081.2500181625012,325799760.27746373,0.45729166666666665,1.521850936626533,152,-4.04296875,-4.4609375,-3.9453125,-37.90625,-31.28125,-0.1162109375,-0.1123046875,nan,nan,ok,
direct_isolated,bimodal3d,2000,512,0.02,8,16,600,0.0008539829691891891,2.982025079706543,12.594022064275741,180.222412109375,24.740047454833984,1.518734872341156,12346.057919025196,364296200.94745785,0.040051862329090054,2.1819635119047174,246,-22.9014892578125,-23.862178802490234,-24.061336517333984,-130.7890625,-163.941162109375,-1.4031848907470703,-1.4760255217552185,0.2697733535293806,2.5855466811680157,ok,
direct_isolated,bimodal3d,2001,512,0.02,8,16,600,0.0006292266777489718,3.1364731062911178,15.376134851501337,187.703125,22.573974609375,1.4140586853027344,8922.74527407171,208474494.18728986,0.030846666035532835,2.1721486444034284,239,-21.10968017578125,-22.18796157836914,-22.38848876953125,-148.80078125,-185.86328125,-1.302800178527832,-1.3957796096801758,0.3101384675579987,2.568717120124692,ok,
direct_isolated,bimodal3d,2002,512,0.02,8,16,600,0.0006358538418571808,2.9517790499998124,10.92892309957455,178.040771484375,23.20888900756836,1.4688095450401306,10433.203306972278,300228668.8532139,0.03466099118273031,2.091502609242955,229,-21.443157196044922,-22.382122039794922,-22.49038314819336,-128.908935546875,-161.650146484375,-1.347286880016327,-1.4213280081748962,0.24257901457859876,2.372898267443635,ok,
direct_isolated,bimodal3d,2003,512,0.02,8,16,600,0.0006152916284678253,3.087757757198723,13.957293031239733,179.923583984375,22.09133529663086,1.3363575339317322,10008.40076551904,302544377.84542763,0.03350898203592814,2.1176590422672525,265,-20.266399383544922,-21.639617919921875,-21.75927734375,-132.502685546875,-176.78125,-1.2200133204460144,-1.3042221069335938,0.30624720369281955,2.587724653172023,ok,
direct_isolated,bimodal3d,2004,512,0.02,8,16,600,0.0010991137001412964,2.7949456268715247,9.513109141129148,184.753662109375,24.712703704833984,1.674496591091156,13011.150236611948,378977312.2283416,0.0414034260568914,2.1061387812728682,192,-22.583446502685547,-23.77587890625,-24.31939697265625,-119.481201171875,-175.69140625,-1.5415565371513367,-1.648911476135254,0.21426535222050114,2.0434104678713947,ok,
direct_isolated,bimodal3d,2005,512,0.02,8,16,600,0.000702221846740901,3.199710745070092,16.8604352568697,187.7177734375,21.691390991210938,1.466918706893921,10647.96770536428,304855573.7868634,0.03440040063176548,2.197966329489982,252,-20.313034057617188,-21.227252960205078,-21.534748077392578,-149.8466796875,-185.770751953125,-1.3517539501190186,-1.450768768787384,0.30869947679486454,2.795337548711666,ok,
direct_isolated,bimodal3d,2006,512,0.02,8,16,600,0.0007833737596848731,3.1110095417108337,14.871101303834793,187.2724609375,22.808456420898438,1.451535940170288,9639.083398523806,264144272.7077667,0.033428560247329084,2.183507579460647,268,-21.3775634765625,-22.413818359375,-22.462997436523438,-159.6015625,-180.8818359375,-1.347696304321289,-1.4270951747894287,0.2934323552612752,2.782262524778456,ok,
direct_isolated,bimodal3d,2007,512,0.02,8,16,600,0.001084507285594392,2.891255941227419,10.191667588549638,178.359375,23.663818359375,1.6723594665527344,13479.24754747119,377530575.872721,0.0428460980150841,2.1718406006525734,203,-21.51565933227539,-21.867935180664062,-22.253116607666016,-118.736572265625,-151.840087890625,-1.551422655582428,-1.6248961091041565,0.21793785716771275,2.4163108565302283,ok,
direct_isolated,bimodal3d,2008,512,0.02,8,16,600,0.0008193824545000911,2.9530395151051994,10.795393682466512,180.15234375,23.63226318359375,1.5710363388061523,11471.537129185808,308797344.74603945,0.038645290581162325,2.1156121381110906,211,-21.740432739257812,-22.797000885009766,-23.19424819946289,-133.2314453125,-168.885009765625,-1.4525482654571533,-1.5393815636634827,0.23985788965436727,2.2420502087599234,ok,
direct_isolated,bimodal3d,2009,512,0.02,8,16,600,0.0007024371880492365,3.022422952675125,13.32024347554656,183.572021484375,24.34951400756836,1.6382431387901306,11060.231885796273,299028168.0190613,0.03830172057596807,2.2162771836254542,226,-22.59560775756836,-23.77749252319336,-23.7630615234375,-143.290771484375,-172.3671875,-1.5206283926963806,-1.601217269897461,0.29546356661710027,2.491227096486723,ok,
direct_isolated,bimodal3d,2010,512,0.02,8,16,600,0.0007891850351404525,2.9755621218303117,11.7167990638842,188.388427734375,24.75973129272461,1.621520459651947,13318.538702141048,408202966.37341887,0.04268830345126309,2.176581932863126,246,-23.03225326538086,-23.726787567138672,-24.18731689453125,-144.736083984375,-175.33203125,-1.501755177974701,-1.5906343460083008,0.2870128388368257,2.5438907772123476,ok,
direct_isolated,bimodal3d,2011,512,0.02,8,16,600,0.0010966348054631092,2.782667975735017,8.91614390775517,184.453125,23.855224609375,1.5131797790527344,10928.043579892714,296202801.37533665,0.03835715863548866,2.080599964071833,219,-22.05673599243164,-23.082046508789062,-23.014663696289062,-133.865478515625,-161.7197265625,-1.3955703377723694,-1.4617159366607666,0.23857925818516257,2.2608261898707753,ok,
direct_isolated,bimodal3d,2012,512,0.02,8,16,600,0.000888303610874606,2.961254682117663,10.516116679106759,182.421875,24.464599609375,1.4897422790527344,10631.08570892999,287573956.56680775,0.0371343368361261,2.150279010502152,234,-22.47393798828125,-23.32156753540039,-23.55197525024414,-130.23828125,-151.592041015625,-1.3715410232543945,-1.4413333535194397,0.22645079448941585,2.063994485075711,ok,
direct_isolated,bimodal3d,2013,512,0.02,8,16,600,0.0006165374318630702,2.919475206181941,12.015286553988423,177.4287109375,23.402206420898438,1.516477346420288,9276.955238332612,247489239.5509857,0.03335029155089422,2.1057748026984804,208,-21.652206420898438,-22.866016387939453,-23.032245635986328,-129.0849609375,-171.485595703125,-1.397397756576538,-1.4872897267341614,0.2646602523319507,2.530696394356937,ok,
direct_isolated,bimodal3d,2014,512,0.02,8,16,600,0.0007904424093679549,2.9884587794727744,12.335616741809108,183.191162109375,23.232234954833984,1.371273934841156,9521.768875330901,271322336.5961001,0.03285399968568285,2.1103089347526853,211,-21.421260833740234,-22.7493896484375,-22.937816619873047,-139.288818359375,-177.129638671875,-1.2555140852928162,-1.3464099764823914,0.2807058965951159,2.4668501760323127,ok,
direct_isolated,bimodal3d,2015,512,0.02,8,16,600,0.0008484464003323033,3.014222053548412,11.374542943526565,181.40234375,22.79241943359375,1.4973058700561523,11130.737380562077,340409447.3024678,0.03832464929859719,2.126984274327874,219,-20.963577270507812,-21.44003677368164,-21.66748046875,-132.0439453125,-158.78125,-1.3707077503204346,-1.4489059448242188,0.25372832625421093,2.3439369061577495,ok,
direct_isolated,bimodal3d,2016,512,0.02,8,16,600,0.0009269757756955215,2.922369407962177,12.322454638354882,187.509521484375,23.04873275756836,1.5449814200401306,10881.913337845785,293428787.28907245,0.037498733150907064,2.149917852415601,190,-21.22671127319336,-22.50018310546875,-22.721599578857422,-148.243896484375,-183.854248046875,-1.4274620413780212,-1.5237566828727722,0.2583670990099627,2.564668173239494,ok,
direct_isolated,bimodal3d,2017,512,0.02,8,16,600,0.0006920392768950473,3.0798394270366605,14.953915209814193,179.62109375,21.74163818359375,1.4611730575561523,10930.839864473122,294978501.5071276,0.03758717434869739,2.1491550419815595,191,-20.228713989257812,-21.38211441040039,-21.600051879882812,-145.2001953125,-177.9658203125,-1.3451263904571533,-1.445777177810669,0.28486522705517137,2.4738156435623373,ok,
direct_isolated,bimodal3d,2018,512,0.02,8,16,600,0.0009399017426756204,2.8715586888260476,10.468332451402004,183.078125,22.140380859375,1.4160118103027344,10154.472855249309,296222694.9110396,0.035027927672062864,2.0938240889000057,224,-20.350112915039062,-21.66015625,-21.783203125,-131.3447265625,-176.59375,-1.3019182682037354,-1.386383056640625,0.21933070329870585,2.224604308612975,ok,
direct_isolated,bimodal3d,2019,512,0.02,8,16,600,0.0008573101532861741,3.0171538531612394,12.091141557410177,180.433349609375,24.204769134521484,1.5833081603050232,9993.463823295371,232906514.59350595,0.03460511829421875,2.182292741335695,221,-22.186214447021484,-23.484039306640625,-23.344146728515625,-133.777099609375,-166.525390625,-1.4610089659690857,-1.5407776832580566,0.2551008685531857,2.526464740508961,ok,
direct_isolated,bimodal3d,2020,512,0.02,8,16,600,0.0007810049762030281,3.1006948517471384,14.362569713408625,180.923583984375,22.31399154663086,1.4799122214317322,10377.304450206419,261269967.94474533,0.035712574850299404,2.1719818118714307,242,-20.775970458984375,-21.827922821044922,-22.050823211669922,-144.130859375,-177.893310546875,-1.3645415306091309,-1.4555365443229675,0.29326391707418487,2.5803438793175744,ok,
direct_isolated,bimodal3d,2021,512,0.02,8,16,600,0.0008549471024711021,2.882456767241425,9.741449783828305,184.296875,24.413818359375,1.6171836853027344,11338.267744057486,271734293.9887924,0.03926441351888668,2.146692504465367,205,-22.28128433227539,-23.648452758789062,-23.505752563476562,-121.174072265625,-165.0244140625,-1.489899218082428,-1.5760786533355713,0.23210745639968167,2.105483212420673,ok,
direct_isolated,bimodal3d,2022,512,0.02,8,16,600,0.0008445714960217466,3.000944333969867,12.612526072607979,183.6318359375,22.577743530273438,1.4215028285980225,11548.24736681313,324355564.9145459,0.03786053391225517,2.1459989153080765,233,-20.960010528564453,-22.093994140625,-22.053058624267578,-149.487548828125,-169.286376953125,-1.2993934750556946,-1.387273132801056,0.2720321211484479,2.643169943120456,ok,
direct_isolated,bimodal3d,2023,512,0.02,8,16,600,0.0009281681201213924,2.891308879029707,11.085518184315227,187.6787109375,24.527206420898438,1.537473440170288,11329.97118149847,305750922.0936401,0.03788987594411615,2.112720443358201,213,-22.646591186523438,-23.937732696533203,-23.779895782470703,-139.3193359375,-163.397705078125,-1.4228837490081787,-1.5050752758979797,0.26646538315858626,2.324545193468246,ok,
direct_isolated,bimodal3d,2024,512,0.02,8,16,600,0.0008094901381679372,2.6978446546019117,7.096458724635859,178.384521484375,22.04482650756836,1.4566025137901306,11502.208750031039,336978110.3408804,0.038769480241052146,2.037520547498145,204,-19.70135498046875,-20.43764877319336,-20.718231201171875,-125.79296875,-143.560546875,-1.3259000778198242,-1.3940958976745605,0.23115619691194056,1.8841617289597083,ok,
direct_isolated,bimodal3d,2025,512,0.02,8,16,600,0.0008254133273812163,3.198022843301281,17.36036771529824,184.021240234375,23.90682601928711,1.617593228816986,11424.817170767805,293515459.7213533,0.04060917891126173,2.244931038923918,209,-22.573223114013672,-23.54656982421875,-23.66854476928711,-154.920654296875,-181.114990234375,-1.5081936717033386,-1.597817838191986,0.36897070003140486,3.0040041766505228,ok,
direct_isolated,bimodal3d,2026,512,0.02,8,16,600,0.0007933566953166293,3.130194704604717,15.96427147968983,189.120849609375,24.739925384521484,1.5374097228050232,9818.830738657385,271420597.56470513,0.03447046802848249,2.183189955927255,233,-23.279964447021484,-24.323482513427734,-24.51220703125,-151.183349609375,-186.375,-1.4243878722190857,-1.5179519653320312,0.28798866768290876,2.9177890401918685,ok,
direct_isolated,bimodal3d,2027,512,0.02,8,16,600,0.0006946484368610612,2.9034683827306127,9.217931996911041,184.703125,22.941162109375,1.4228477478027344,10303.044539911089,292776489.3087901,0.034160118653160404,2.049510005708185,229,-20.78580093383789,-22.077701568603516,-21.895263671875,-135.744384765625,-163.296875,-1.296854555606842,-1.3674430847167969,0.2268671415936362,2.1742498342813565,ok,
direct_isolated,bimodal3d,2028,512,0.02,8,16,600,0.0009460258512295343,2.7378644789009012,8.019926371049252,188.234375,25.269287109375,1.6552696228027344,13288.846575322861,371161297.3765099,0.042759317113193855,2.0678887474506213,212,-22.693359375,-22.687076568603516,-23.769287109375,-123.8125,-168.890625,-1.525543212890625,-1.5923423767089844,0.2354381529623355,2.0908780568313974,ok,
direct_isolated,bimodal3d,2029,512,0.02,8,16,600,0.0010363225801172191,2.8978181670502483,11.519431074571939,178.878662109375,23.865047454833984,1.497250497341156,10583.672808789885,288690074.1423793,0.035792865000785795,2.144045735951001,200,-22.116024017333984,-23.36968994140625,-23.343807220458984,-142.284912109375,-173.269287109375,-1.3842286467552185,-1.4654855132102966,0.2928979740738059,2.4648370981671976,ok,
direct_isolated,cold_clumpy3d,2000,512,0.02,8,16,600,0.0009682558394042577,0.005481473735828218,0.8813043800806609,563.84375,59.03125,2.55615234375,16277.71219903675,583720206.9938613,0.05175207925636008,0.08855218047052929,208,-4.75390625,21.41592025756836,-11.213138580322266,133.5,171.468505859375,1.7978515625,0.9704551100730896,-0.2082462073162864,-0.4755950553925212,ok,
direct_isolated,cold_clumpy3d,2001,512,0.02,8,16,600,0.0013716135400207736,0.005560140114756001,0.8469670592711753,540.9375,56.82421875,2.4638671875,17591.4523742055,666409741.2880143,0.055742416829745595,0.08776751957088424,219,2.90625,16.65816879272461,16.64453125,242.28125,1146.71875,2.0654296875,0.67620849609375,-0.0981081247294795,-0.4728938155135376,ok,
direct_isolated,cold_clumpy3d,2002,512,0.02,8,16,600,0.0005611459116109664,0.005547682990781606,0.8937817128351305,431.0,38.98046875,2.34912109375,17446.6201314816,657193376.8348465,0.05395364481409002,0.08781794909324676,120,25.484375,8.411922454833984,57.840999603271484,249.34375,725.745849609375,2.1591796875,3.367663323879242,-0.1197589260539188,-0.628059798708061,ok,
direct_isolated,cold_clumpy3d,2003,512,0.02,8,16,600,0.0009169134948885153,0.0055959455970961925,0.8662141246637595,507.25,37.5625,2.44482421875,16818.483755193985,636961428.5326142,0.05203491927592955,0.08754558574255963,156,16.591793060302734,102.25390625,27.84884262084961,311.921630859375,392.279052734375,1.7835082411766052,3.5286745429039,-0.0820984233043569,-0.5589665481988322,ok,
direct_isolated,cold_clumpy3d,2004,512,0.02,8,16,600,0.0008197124238793288,0.004677078014496263,0.8657082434726617,601.8125,58.19140625,3.17138671875,18823.18634573748,700151754.7429789,0.0572483488258317,0.08484090332197589,311,10.26171875,20.12054443359375,27.86922836303711,173.25,198.927490234375,1.732421875,2.41204971075058,-0.06795980839973109,-0.3730500201658071,ok,
direct_isolated,cold_clumpy3d,2005,512,0.02,8,16,600,0.0021111293752454994,0.005666046326945877,0.8939207201887565,497.90625,41.8046875,2.49658203125,16914.024788287395,622586440.3500533,0.05389249021526419,0.08997527019758744,173,14.50390625,45.470699310302734,86.09579086303711,99.71875,746.614990234375,0.74755859375,1.4813856482505798,-0.1185597792293257,-0.4073193044659289,ok,
direct_isolated,cold_clumpy3d,2006,512,0.02,8,16,600,9.900870893332217e-06,0.005298701089230221,0.8680657914684292,500.03125,48.69921875,2.42236328125,17210.142103535218,635832719.9490969,0.053861912915851275,0.08546838746387654,146,42.640625,41.013362884521484,19.984981536865234,641.375,205.554443359375,3.14599609375,1.6163730025291443,-0.13958980206447147,-0.5516751896176575,ok,
direct_isolated,cold_clumpy3d,2007,512,0.02,8,16,600,0.0011933877957172722,0.005188064515300998,0.8822299109849752,623.53125,44.81640625,2.50146484375,17524.394280824356,649655730.152902,0.055971746575342464,0.08823730684265649,200,30.546875,23.41598129272461,25.941341400146484,240.125,607.261474609375,2.5341796875,2.472319543361664,-0.17949647088598703,-0.4636786213179146,ok,
direct_isolated,cold_clumpy3d,2008,512,0.02,8,16,600,0.0008802790655877499,0.0048877758980053155,0.8494972275442226,804.375,87.1640625,2.60595703125,18246.854588560214,539956617.4734391,0.05899125489236791,0.08792560068230164,138,-13.80078125,79.91015625,-31.751602172851562,-151.65625,-174.7900390625,2.04248046875,1.7102410793304443,-0.048099193632101245,-0.561837878740241,ok,
direct_isolated,cold_clumpy3d,2009,512,0.02,8,16,600,0.002243151677904729,0.005421725471287871,0.8546650357666469,599.375,44.7265625,2.27978515625,16293.364131141878,569841887.2831736,0.05204256360078278,0.08717749426943323,219,15.73046875,26.765625,39.296321868896484,279.5,397.261474609375,1.44482421875,2.6466893553733826,-0.09350518609595371,-0.44590756930590614,ok,
direct_isolated,cold_clumpy3d,2010,512,0.02,8,16,600,0.0030350113414562333,0.005075227465485049,0.874092027151168,543.34375,44.56640625,2.240234375,19454.83458687881,711609371.9758759,0.05638454011741683,0.0904417811285879,323,49.90625,40.49245834350586,39.029048919677734,1661.03125,1732.156005859375,3.96533203125,3.3425254225730896,-0.23840408333789717,-0.30471358658286973,ok,
direct_isolated,cold_clumpy3d,2011,512,0.02,8,16,600,0.00011710316519473407,0.004868093833906565,0.8960986767645748,630.46875,56.76953125,2.1494140625,17290.489891597474,666007984.6653987,0.054771587573385516,0.08517129066155912,184,24.0625,30.7578125,56.45193099975586,168.09375,528.407958984375,1.55712890625,3.5525631308555603,-0.12132496845075624,-0.40963732928011465,ok,
direct_isolated,cold_clumpy3d,2012,512,0.02,8,16,600,0.002595367858992772,0.004887500388588065,0.8631787663124909,707.90625,47.6171875,1.99658203125,15368.0148417319,529261211.8192967,0.050070327788649706,0.08593614224619786,233,144.65234375,159.33592224121094,84.88936996459961,941.96875,1212.060302734375,5.31103515625,3.753428876399994,-0.1731242490901712,-0.3047463523677113,ok,
direct_isolated,cold_clumpy3d,2013,512,0.02,8,16,600,0.00018276154011454378,0.004903949826818055,0.8879979133432937,845.46875,68.78515625,2.7626953125,17739.56747213588,667676049.0100689,0.05496269569471624,0.08455138151207284,170,17.12109375,45.42967224121094,27.95516586303711,43.6875,124.052490234375,5.126953125,1.1039442420005798,-0.16515576386875574,-0.5431177105991488,ok,
direct_isolated,cold_clumpy3d,2014,512,0.02,8,16,600,0.00034679259872469543,0.00564178870522602,0.8584050685321103,494.71875,49.30078125,2.53662109375,17971.39558179836,641632749.4413253,0.05467985567514677,0.08732681175133675,146,6.5078125,15.15035629272461,33.47715759277344,24.3125,415.6943359375,2.1044921875,2.231149435043335,-0.09263980337230948,-0.5678187989783784,ok,
direct_isolated,cold_clumpy3d,2015,512,0.02,8,16,600,0.00013901125677013914,0.0058313815165554825,0.8996532201035048,355.96875,42.95703125,2.04150390625,15796.427164414268,587413221.0196688,0.050460188356164386,0.08463334274297055,150,8.46875,26.4453125,53.87608337402344,81.65625,760.2880859375,1.55322265625,1.3462083339691162,-0.056773006745224563,-0.6110033765906661,ok,
direct_isolated,cold_clumpy3d,2016,512,0.02,8,16,600,0.0028664371745247895,0.005226772332563058,0.9138304126145353,782.78125,51.56640625,2.51953125,14665.202157264495,527596031.16083103,0.050070327788649706,0.08515533331225644,231,2.18359375,16.30078125,6.741943359375,-25.25,280.609375,2.47216796875,1.3660240173339844,-0.11218765251314833,-0.489677119362265,ok,
direct_isolated,cold_clumpy3d,2017,512,0.02,8,16,600,9.702367643588137e-05,0.005542630822292671,0.8636758070103355,594.09375,54.50390625,2.04931640625,14932.189177813394,510580784.08034337,0.04892367906066536,0.08831422420664886,203,-10.25390625,2.1874847412109375,23.11761474609375,101.0625,721.18359375,2.42626953125,3.691534996032715,-0.09214401372781278,-0.460317493805078,ok,
direct_isolated,cold_clumpy3d,2018,512,0.02,8,16,600,0.001095460569972839,0.005423252433167915,0.8634933796332932,485.1875,44.80859375,2.5029296875,17592.090596558635,675787477.5942776,0.05594116927592955,0.08613427020310901,201,7.21484375,26.15234375,2.3581809997558594,2.0625,335.626708984375,2.2548828125,1.7058834433555603,-0.062246761597208655,-0.5985873481205559,ok,
direct_isolated,cold_clumpy3d,2019,512,0.02,8,16,600,0.0005432847358841606,0.004805003619902691,0.8740828307041469,828.53125,53.12109375,2.4169921875,16538.762204133498,592677899.6431522,0.05373960371819961,0.08897182846753399,233,22.7109375,58.07810974121094,86.45404052734375,347.9375,458.02734375,2.107421875,5.772170066833496,-0.18744933686235343,-0.3569752256827977,ok,
direct_isolated,cold_clumpy3d,2020,512,0.02,8,16,600,0.002560770851739772,0.004356221368276264,0.8879619971322075,514.65625,34.38671875,2.15966796875,17585.5105630635,662362543.3689141,0.05623929794520548,0.08705090790707709,404,153.3359375,112.1708984375,117.43859481811523,2280.375,1567.366943359375,5.02197265625,3.0240954756736755,-0.2430044946182734,-0.27754971707541565,ok,
direct_isolated,cold_clumpy3d,2021,512,0.02,8,16,600,0.00018239476347278508,0.0055298308232504,0.8724875353044544,645.4375,60.70703125,2.62841796875,17819.51748533092,664016981.9787041,0.056254586594911934,0.08822350862265557,166,49.58203125,94.64447021484375,55.51792907714844,392.40625,820.8349609375,4.9658203125,2.2351434230804443,-0.12262491192843239,-0.5725328426755039,ok,
direct_isolated,cold_clumpy3d,2022,512,0.02,8,16,600,0.0014120598997332283,0.0052853503297927915,0.8779978148483095,637.3125,64.1875,2.33544921875,17172.237802120864,656040596.01771,0.05453461350293542,0.08671781022273949,144,-4.46484375,-21.265869140625,15.0703125,-139.65625,292.625,1.837890625,0.91302490234375,-0.137986418305532,-0.48155995002573115,ok,
direct_isolated,cold_clumpy3d,2023,512,0.02,8,16,600,0.001978577262180528,0.005252842564816488,0.8538028106676837,505.75,48.5703125,2.25732421875,16003.252033476845,564066720.0002384,0.05152274951076321,0.08639381034315424,265,12.890625,9.749984741210938,33.12217712402344,299.09375,750.0380859375,1.9375,3.021013021469116,-0.13189320556654932,-0.3696035776885147,ok,
direct_isolated,cold_clumpy3d,2024,512,0.02,8,16,600,0.0012040956939328947,0.005397480222021681,0.9015321961041427,499.25,45.21875,2.287109375,15896.805603966153,549360017.6174158,0.050651296477495104,0.08567487178547802,177,4.9140625,35.790828704833984,61.76681137084961,-27.34375,745.185302734375,2.287109375,2.6619753241539,-0.09204954683896516,-0.44444171401468535,ok,
direct_isolated,cold_clumpy3d,2025,512,0.02,8,16,600,3.191092173978474e-05,0.006096995664101874,0.8968234560764662,525.46875,47.18359375,2.6318359375,18788.207638965505,706010896.2159622,0.05704195205479452,0.09096515276500969,117,12.51953125,27.640625,24.83639144897461,1.8125,150.138427734375,1.8193359375,1.2286753058433533,-0.0490024724824869,-0.6782444768039742,ok,
direct_isolated,cold_clumpy3d,2026,512,0.02,8,16,600,0.00020218263330364577,0.005478364564327609,0.8735295205750162,541.09375,50.01953125,3.009765625,16472.679471323805,590068140.4819891,0.05207314090019569,0.08894897832891381,218,0.87109375,6.716609954833984,21.622798919677734,-9.625,415.874755859375,1.05078125,1.5031699538230896,-0.13379656283527175,-0.3935011526437747,ok,
direct_isolated,cold_clumpy3d,2027,512,0.02,8,16,600,0.0012345493580503456,0.0054161149004490075,0.8830275535605345,557.65625,53.48828125,2.84130859375,16045.401797472547,552508527.8108845,0.050299657534246575,0.08803323503210012,153,5.53515625,-3.5117340087890625,66.16930770874023,-71.65625,963.070068359375,1.82421875,1.1274928450584412,-0.07190029112571439,-0.39231054575263663,ok,
direct_isolated,cold_clumpy3d,2028,512,0.02,8,16,600,0.0015217756823619523,0.00505362680989038,0.8481802464993633,549.96875,59.6640625,2.369140625,16727.130459285356,614858472.64918,0.054205907534246575,0.08540302287185284,182,-2.4336090087890625,-0.80474853515625,-4.007175445556641,98.6552734375,74.587646484375,1.948364019393921,1.0922645926475525,-0.10131001228502068,-0.3724066786305743,ok,
direct_isolated,cold_clumpy3d,2029,512,0.02,8,16,600,3.729071808926574e-05,0.005200359261279914,0.906437796690554,585.96875,66.14453125,2.61669921875,16526.829840963142,588892735.7164469,0.0522336717221135,0.0893566153860103,264,-17.1875,23.212581634521484,68.95013427734375,-3.96875,1011.99609375,1.90673828125,4.380568504333496,-0.15133838648898734,-0.3702636062862054,ok,
direct_isolated,hernquist3d,2000,512,0.02,8,16,600,0.001070141921768281,1.89973896545409,1.8378168224329006,138.009521484375,9.58877182006836,0.4262832999229431,5734.042349582883,245217221.78989238,0.019545225664537674,1.2351036999774618,256,-1.6795921325683594,-1.5720634460449219,-0.93780517578125,-21.884521484375,-5.89453125,-0.058378636837005615,-0.11999988555908203,0.09136025674784576,0.4072177683003274,ok,
direct_isolated,hernquist3d,2001,512,0.02,8,16,600,0.0006262567267371955,2.174157739275152,2.3562201953656667,121.6865234375,6.4902191162109375,0.3169858455657959,2342.754609444268,130066883.03406075,0.010979648486347584,1.232648806270671,287,-2.147174835205078,-3.080524444580078,-3.0789794921875,-32.216064453125,-70.7734375,-0.13172465562820435,-0.1800670623779297,0.15616469427218072,1.1143833784226433,ok,
direct_isolated,hernquist3d,2002,512,0.02,8,16,600,0.0021900665535552317,1.967517406328497,1.9482154456854486,131.880615234375,8.68783187866211,0.36557525396347046,3249.2707977722334,148437905.51548648,0.01439498797989364,1.1913059319689139,247,-1.2704887390136719,0.624755859375,1.8434028625488281,-11.514404296875,20.087158203125,-0.05583161115646362,-0.10428398847579956,0.11556129408915866,0.7483883129428921,ok,
direct_isolated,hernquist3d,2003,512,0.02,8,16,600,0.00040263894275141895,2.185785181359067,2.357835947147085,124.2880859375,7.4727630615234375,0.2832047939300537,2286.998841491806,145469526.59869534,0.010009029552654536,1.2058158291172065,261,-3.297687530517578,-4.487060546875,-3.7042083740234375,-31.255126953125,-66.5380859375,-0.09208422899246216,-0.1465013027191162,0.13240422256096385,0.9030224332721024,ok,
direct_isolated,hernquist3d,2004,512,0.02,8,16,600,0.0003026226473049836,1.640306468503636,1.5169024598327385,162.7568359375,10.060165405273438,0.5029542446136475,7897.269367063498,265299118.96053514,0.01876751785691221,1.1775808528049674,253,2.6761474609375,2.6302642822265625,1.2037353515625,-3.7890625,-8.0546875,0.12311363220214844,-0.08861351013183594,0.03433784571918941,0.16474816509509405,ok,
direct_isolated,hernquist3d,2005,512,0.02,8,16,600,0.0005931685776374406,2.209498744898718,2.3879127323428664,121.4375,8.3779296875,0.3810882568359375,2941.1027762080157,154469371.71018648,0.01273545788413695,1.242217846826669,254,-3.66802978515625,-4.13873291015625,-2.063720703125,-29.84765625,-11.171875,-0.1832284927368164,-0.16945266723632812,0.12497652342457544,1.1484254122919506,ok,
direct_isolated,hernquist3d,2006,512,0.02,8,16,600,0.00046006123398589186,2.222105236841053,2.3914168537138973,121.6396484375,7.0988616943359375,0.325824499130249,2884.929211804266,147534870.7940024,0.013345052369442613,1.2248531949037884,255,-2.127685546875,-2.951171875,-1.6747627258300781,-28.484375,-22.544189453125,-0.08573532104492188,-0.11402827501296997,0.14961754650007564,1.0721307991707127,ok,
direct_isolated,hernquist3d,2007,512,0.02,8,16,600,0.000385396986123732,1.6743512542043464,1.5251586297874862,150.200927734375,11.49312973022461,0.5294031500816345,5728.133228143358,216481575.20759636,0.022639943232785745,1.256260268695173,238,-1.7353172302246094,-3.178081512451172,-1.426971435546875,-20.388427734375,-25.763671875,-0.011336743831634521,-0.11275053024291992,0.10611203273461706,0.2815516813516215,ok,
direct_isolated,hernquist3d,2008,512,0.02,8,16,600,0.0026784256086918477,2.0455877555670527,2.0710271389811887,134.052490234375,8.36483383178711,0.3531431555747986,5109.803764778672,216996590.42023006,0.01521902754779467,1.1827645829302114,253,-2.315582275390625,-2.118499755859375,0.07265090942382812,-41.353515625,-16.897216796875,-0.055712223052978516,-0.054376304149627686,0.1601526566082737,0.6968315219958953,ok,
direct_isolated,hernquist3d,2009,512,0.02,8,16,600,0.002470196182710979,1.9612839573660794,1.9376725280676852,139.638427734375,9.01852035522461,0.4442285895347595,4796.079684084841,202265058.04691952,0.01743334714739605,1.2602214642045964,260,-1.6380615234375,-1.530487060546875,-0.4757957458496094,-28.3984375,-25.091552734375,-0.10671043395996094,-0.08607810735702515,0.13645921236468805,0.8074244067957626,ok,
direct_isolated,hernquist3d,2010,512,0.02,8,16,600,0.001379854656398896,1.9427811779688793,1.9098410223300655,140.034912109375,9.287899017333984,0.4444093108177185,4464.294300503852,192360366.31264856,0.01932953326937186,1.2554124989235698,237,-1.99285888671875,0.041309356689453125,3.2081336975097656,-32.60546875,43.804931640625,-0.10267162322998047,-0.017286241054534912,0.10947538594108924,0.6984159231958895,ok,
direct_isolated,hernquist3d,2011,512,0.02,8,16,600,0.00010184330149969345,1.7466180247979215,1.6258742602943006,135.7802734375,10.212875366210938,0.4286191463470459,4672.841432958079,192406895.60453588,0.016472646524459997,1.174917433643263,252,-2.236438751220703,-2.350208282470703,-2.2562255859375,-16.897705078125,-42.2734375,-0.018922626972198486,-0.0002193450927734375,0.09183758043887552,0.6314496348947025,ok,
direct_isolated,hernquist3d,2012,512,0.02,8,16,600,0.0002862757129802739,2.195615033823186,2.3667797620196174,112.364990234375,7.247646331787109,0.3516783118247986,2995.4786371863906,151056176.23149264,0.01278037031461689,1.2242328491262964,271,-1.7902641296386719,-1.4511528015136719,-1.0343284606933594,-17.842529296875,-17.837646484375,-0.08684128522872925,-0.16017383337020874,0.14479343027874725,0.9228739676865594,ok,
direct_isolated,hernquist3d,2013,512,0.02,8,16,600,0.0010822162089455007,1.9684041751130679,1.946589605278188,141.87109375,7.96429443359375,0.33891963958740234,3464.385198570312,161456810.97852182,0.013346665507347187,1.1955819590394094,269,-1.9142189025878906,-3.22900390625,-2.66748046875,-26.931884765625,-59.96875,-0.06430298089981079,-0.08684539794921875,0.09362118888625315,0.7458103332290209,ok,
direct_isolated,hernquist3d,2014,512,0.02,8,16,600,0.002684853476996461,2.049468145513238,2.0855933160832896,110.453125,7.206787109375,0.3470420837402344,3140.7111094653933,150030957.52933484,0.013163120567375886,1.2077557264008398,273,-1.4401283264160156,-2.7543067932128906,-1.9820709228515625,-21.465087890625,-32.6025390625,-0.12977129220962524,-0.12227845191955566,0.13367871834247647,0.9979583430818504,ok,
direct_isolated,hernquist3d,2015,512,0.02,8,16,600,0.0006333168228217317,1.9005724453752832,1.8554300065173617,140.316162109375,9.569149017333984,0.4336671233177185,3941.3082521704446,152765181.0747977,0.016634685930357242,1.1932403927159971,244,-1.49676513671875,-1.3458976745605469,-1.066925048828125,-20.94921875,-22.158203125,-0.04163646697998047,-0.09034013748168945,0.09131900904698514,0.37908250291383444,ok,
direct_isolated,hernquist3d,2016,512,0.02,8,16,600,0.000469661789521415,1.9003237005723617,1.84474739935234,153.075927734375,9.34664535522461,0.3787989020347595,2902.850472583147,149200150.1664159,0.0123221439425335,1.2164518644275863,270,-1.773590087890625,-3.6069602966308594,2.66339111328125,-24.822265625,47.14453125,-0.07892084121704102,-0.06183910369873047,0.12951100387584952,0.4997449846170929,ok,
direct_isolated,hernquist3d,2017,512,0.02,8,16,600,0.00020290013712595458,2.124098967997452,2.230363567470648,138.43359375,7.56634521484375,0.3429555892944336,3233.065036039736,160405726.42591882,0.012567698930704068,1.2266182040743845,275,-1.7544708251953125,-3.23919677734375,-1.4544410705566406,-33.2861328125,-42.818603515625,-0.13233304023742676,-0.1487937569618225,0.11878837772004303,1.0460201282245394,ok,
direct_isolated,hernquist3d,2018,512,0.02,8,16,600,0.0006193061740961239,1.767552692745086,1.6786419944055095,136.282958984375,10.03054428100586,0.47774165868759155,5736.0079451306165,197648430.01619917,0.0199229867738155,1.18295522440568,243,-0.5296287536621094,3.2055397033691406,7.390583038330078,-8.224365234375,100.356689453125,-0.07269805669784546,-0.12320011854171753,0.10556814320060876,0.43431773607857255,ok,
direct_isolated,hernquist3d,2019,512,0.02,8,16,600,0.00038156770003295107,2.215983572120726,2.411604431147842,123.0771484375,7.0676116943359375,0.292133092880249,2939.005819408866,166926001.29858354,0.011557899362777412,1.2353969946606924,263,-2.637195587158203,-3.610675811767578,-2.447834014892578,-31.264892578125,-60.645751953125,-0.10147839784622192,-0.13166171312332153,0.11985712204039034,1.2394219804355866,ok,
direct_isolated,hernquist3d,2020,512,0.02,8,16,600,0.0004223964411295039,2.2235400863088537,2.405294415822573,119.484375,7.845458984375,0.3257713317871094,3612.4968309256406,179374721.67206293,0.014051377282575054,1.2123637099696432,253,-2.838623046875,-1.3104896545410156,-0.3144569396972656,-30.578125,6.265380859375,-0.12791061401367188,-0.14782720804214478,0.1547167618817643,1.1705325161835725,ok,
direct_isolated,hernquist3d,2021,512,0.02,8,16,600,4.2535229010621615e-05,1.798274935758693,1.7154715514045358,145.0927734375,10.044906616210938,0.4784238338470459,4253.969274961327,174563615.40104017,0.0167687235044748,1.215891255576161,258,-0.9295539855957031,-0.10640335083007812,4.3817901611328125,-15.319580078125,23.1533203125,0.05813807249069214,0.1310265064239502,0.12161816801649805,0.4001816553126558,ok,
direct_isolated,hernquist3d,2022,512,0.02,8,16,600,0.0004038025679570756,1.8243786451444062,1.7413627150679094,150.21875,10.01171875,0.46728515625,4454.912604592322,191089254.14328003,0.0175016318537859,1.2082351395882205,256,-2.1670875549316406,-2.3131141662597656,0.4201927185058594,-29.771728515625,-9.935791015625,-0.09279018640518188,-0.023372232913970947,0.07672952787139437,0.41537626166116853,ok,
direct_isolated,hernquist3d,2023,512,0.02,8,16,600,0.000694499100431334,1.8237467726390948,1.738165031658136,152.05859375,10.01947021484375,0.4749135971069336,4590.738793995141,188989920.03983647,0.016835824076293988,1.1913856277712762,256,-1.11346435546875,2.4408531188964844,3.1589813232421875,-24.16796875,27.5810546875,-0.06244182586669922,-0.09315800666809082,0.07789274147239289,0.46594160158883324,ok,
direct_isolated,hernquist3d,2024,512,0.02,8,16,600,0.00010640046781563031,1.6485520856700313,1.5333469703206692,144.734130859375,10.446285247802734,0.4426726698875427,4276.551311331337,193599030.52302337,0.016759394693314014,1.153940915862818,252,-0.4855918884277344,0.9970130920410156,0.8740272521972656,-5.156005859375,66.703369140625,0.00642019510269165,0.014297544956207275,0.06460601537264216,0.3043077089807272,ok,
direct_isolated,hernquist3d,2025,512,0.02,8,16,600,0.0002817239614960352,2.2583301519191448,2.5452139680967654,120.179443359375,8.162227630615234,0.36029237508773804,2449.423483146568,130095008.75901143,0.0111199481560033,1.268473409631756,260,-3.802703857421875,-4.858287811279297,-3.7327880859375,-28.560546875,-48.4921875,-0.2006525993347168,-0.21408653259277344,0.15931731751252753,1.1717461185463132,ok,
direct_isolated,hernquist3d,2026,512,0.02,8,16,600,0.022198153855153224,1.9956654910994418,1.9920358848360724,147.7177734375,9.205062866210938,0.3721616268157959,3355.8533381280363,150541883.55509064,0.013618062140138242,1.2654176523126441,267,-4.372119903564453,-4.307392120361328,-2.3224945068359375,-39.487548828125,-47.8271484375,-0.17753678560256958,-0.13998770713806152,0.11140962257515191,0.8455750351122104,ok,
direct_isolated,hernquist3d,2027,512,0.02,8,16,600,8.767127338336127e-05,1.7504775144970601,1.6562442403830708,124.9365234375,9.560531616210938,0.4727475643157959,4308.692702411455,152766834.10141712,0.018675021643237005,1.1828715187810288,246,0.13016891479492188,4.410400390625,6.739147186279297,-3.778564453125,108.696044921875,0.049427688121795654,-0.025773823261260986,0.13048776013072727,0.493947598949274,ok,
direct_isolated,hernquist3d,2028,512,0.02,8,16,600,9.045129515690194e-05,1.7988652110789247,1.733651398961805,139.027099609375,9.824886322021484,0.4723309874534607,4420.779139792189,169834289.9318417,0.01875222816399287,1.1589313329121615,239,-0.581787109375,0.60345458984375,4.266845703125,-11.203125,67.796875,0.014774322509765625,0.023761749267578125,0.07022376749100095,0.30560743164382215,ok,
direct_isolated,hernquist3d,2029,512,0.02,8,16,600,0.0012797939468612988,1.9065876041991205,1.8434853539983103,145.263427734375,8.69234848022461,0.4004969000816345,5489.926605282142,255110940.42805895,0.01528966006613916,1.2119131629518263,268,-0.7884521484375,-1.4150047302246094,-1.2431449890136719,-28.2421875,-27.639404296875,-0.04100608825683594,-0.09538239240646362,0.13293413552870298,0.6906974179438614,ok,
direct_isolated,plummer3d,2000,512,0.02,8,16,600,0.00018981895936664322,1.710398212379044,1.4453448777940539,344.77734375,22.58441162109375,0.7243413925170898,3330.92263404346,142012532.98355326,0.01313893994337092,1.5433344172487942,312,-13.031925201416016,-11.1201171875,-9.498367309570312,-149.090087890625,-124.8955078125,-0.42429643869400024,-0.38205456733703613,0.1652871609398368,0.18602328426310177,ok,
direct_isolated,plummer3d,2001,512,0.02,8,16,600,0.00033031231668799335,1.793166970872012,1.564308976756004,325.5458984375,20.893295288085938,0.5704152584075928,2231.279433091377,135523801.78330636,0.009255077153016728,1.5337426361899833,314,-13.318649291992188,-15.921188354492188,-13.562000274658203,-124.8935546875,-125.296142578125,-0.32516932487487793,-0.3666608929634094,0.16744805574735455,0.21881230117520772,ok,
direct_isolated,plummer3d,2002,512,0.02,8,16,600,0.0002263982200339712,1.6989714587409046,1.4257916945115972,310.167724609375,21.882747650146484,0.6515187621116638,2778.491528321784,125297621.16244441,0.011306111502229373,1.4834914177199923,304,-12.132320404052734,-7.410335540771484,-11.640560150146484,-98.984130859375,-106.417724609375,-0.356468141078949,-0.3586110472679138,0.15522148551240172,0.20084258126750004,ok,
direct_isolated,plummer3d,2003,512,0.02,8,16,600,0.00019161874114362218,1.8091398639810765,1.6092025726953916,297.935302734375,20.42061996459961,0.5463976263999939,2285.537209559584,127130221.23603815,0.009595972612389715,1.4963399163991848,328,-13.020000457763672,-13.08642578125,-12.18035888671875,-117.733154296875,-106.32421875,-0.3193737864494324,-0.31489086151123047,0.1632877683647036,0.20225868502072203,ok,
direct_isolated,plummer3d,2004,512,0.02,8,16,600,7.451001635984084e-05,1.5267696523213765,1.280902434283069,347.491943359375,25.508907318115234,0.7784900069236755,3666.236826973078,144668066.70701277,0.014019601479846823,1.4777375906496695,311,-10.1785888671875,-8.004283905029297,-8.27972412109375,-101.5546875,-121.02734375,-0.2822704315185547,-0.24741268157958984,0.08732055408672446,0.056713042814084014,ok,
direct_isolated,plummer3d,2005,512,0.02,8,16,600,0.0003300479546943311,1.8516620124703103,1.6622604656186268,319.349365234375,20.48958969116211,0.616261899471283,2465.899897943272,132630342.03914666,0.010092474104836179,1.5583858974653624,334,-12.723907470703125,-14.524394989013672,-11.181488037109375,-134.830078125,-109.990234375,-0.37739992141723633,-0.368741512298584,0.19518536790047952,0.2729284008917901,ok,
direct_isolated,plummer3d,2006,512,0.02,8,16,600,0.00020426864499034094,1.856022449993307,1.6813537611454354,305.93359375,20.64300537109375,0.5934820175170898,2415.3760496103623,129924783.74188662,0.009885251602006855,1.5427037486840187,330,-12.86663818359375,-12.827468872070312,-11.982364654541016,-120.55859375,-152.855712890625,-0.33385372161865234,-0.34197908639907837,0.1791636695864678,0.29736824975518417,ok,
direct_isolated,plummer3d,2007,512,0.02,8,16,600,0.0002784749165453011,1.5698187130139465,1.2609689920438165,341.429443359375,24.422969818115234,0.7980212569236755,3764.465548900578,132107637.44852914,0.01510676965015902,1.5480762253693372,315,-10.601329803466797,-12.60186767578125,-10.233531951904297,-116.188232421875,-136.086669921875,-0.3868066668510437,-0.34626978635787964,0.11279318161345556,0.12918517298108287,ok,
direct_isolated,plummer3d,2008,512,0.02,8,16,600,0.0003205916051869372,1.757472343670997,1.5258030359591737,308.2255859375,21.681747436523438,0.6106889247894287,2731.221734547507,139954002.20873973,0.011168148240891448,1.5010999554192601,316,-12.343769073486328,-11.580921173095703,-11.5511474609375,-130.798095703125,-110.3671875,-0.2958071827888489,-0.34161949157714844,0.15271947681879183,0.1812876445710151,ok,
direct_isolated,plummer3d,2009,512,0.02,8,16,600,0.00027270566986593224,1.7446557174111106,1.4723723795078658,320.068115234375,23.63412094116211,0.703175961971283,3023.68496824615,129919892.21464592,0.011846987146984733,1.574824731936338,328,-14.54754638671875,-13.807403564453125,-13.899394989013672,-131.26171875,-107.139404296875,-0.41901683807373047,-0.4149014353752136,0.1752687629722431,0.24019624424549274,ok,
direct_isolated,plummer3d,2010,512,0.02,8,16,600,0.0003939017413126966,1.750272332359788,1.4871450420900434,330.583740234375,22.44588851928711,0.6673979163169861,3191.2030530575084,149155014.2022587,0.012722835139101898,1.557428084865207,322,-12.87677001953125,-12.62542724609375,-10.28375244140625,-140.55078125,-123.78515625,-0.3330965042114258,-0.34165287017822266,0.17050443969754447,0.2206340023823472,ok,
direct_isolated,plummer3d,2011,512,0.02,8,16,600,7.47300714588909e-06,1.5594249105890037,1.2805948999452927,342.0,22.6044921875,0.7206878662109375,3191.985054157465,137822175.18886662,0.012561094819159336,1.4708934855647502,322,-11.251846313476562,-11.071304321289062,-5.980503082275391,-132.4306640625,-88.361572265625,-0.3110029697418213,-0.20224052667617798,0.1283673700732253,0.15309883197052765,ok,
direct_isolated,plummer3d,2012,512,0.02,8,16,600,0.00031224644968258855,1.8153248466266398,1.6188222443549303,304.2958984375,19.252670288085938,0.5860402584075928,2340.2357630709703,119220090.48470178,0.009296137832488852,1.5219127281336815,322,-9.32861328125,-12.755661010742188,-10.7158203125,-105.40625,-136.5625,-0.25452423095703125,-0.3072052001953125,0.13200889612638528,0.20929119578852218,ok,
direct_isolated,plummer3d,2013,512,0.02,8,16,600,6.018219697602544e-05,1.6839268149993964,1.3838517891862474,317.105224609375,22.734310150146484,0.6139211058616638,2579.624434057584,132723892.9173235,0.010325522142881089,1.489249974555998,300,-13.207225799560547,-12.65240478515625,-13.089427947998047,-116.215576171875,-139.426513671875,-0.29385679960250854,-0.3212520480155945,0.17063384226989536,0.18055500951591846,ok,
direct_isolated,plummer3d,2014,512,0.02,8,16,600,0.00023867714674121815,1.7182836656464204,1.430760264954848,316.8583984375,20.093002319335938,0.614124059677124,2475.9019647545283,134868910.6463808,0.009906830541481823,1.5107263433508074,359,-12.144821166992188,-13.346576690673828,-11.432846069335938,-140.0185546875,-156.0458984375,-0.36298060417175293,-0.312915563583374,0.17578179391637994,0.20817115684550563,ok,
direct_isolated,plummer3d,2015,512,0.02,8,16,600,0.000261122107464257,1.697894988497934,1.4471196395604775,314.6162109375,23.337265014648438,0.7305505275726318,3189.596174528539,132661400.10387501,0.012651139111620212,1.4986890421487498,303,-10.503192901611328,-11.083484649658203,-12.4793701171875,-95.188720703125,-151.2109375,-0.366352379322052,-0.3830394744873047,0.13696159230573707,0.14686324588606003,ok,
direct_isolated,plummer3d,2016,512,0.02,8,16,600,0.00018563831299493646,1.664457959656071,1.3702832599672947,326.90234375,23.75628662109375,0.6828374862670898,2824.6102546187462,127015907.97941959,0.011425165168148626,1.4978249301542643,318,-14.94482421875,-13.297183990478516,-12.72723388671875,-123.25,-129.35546875,-0.35308074951171875,-0.33802318572998047,0.15869339374422242,0.15515966140599502,ok,
direct_isolated,plummer3d,2017,512,0.02,8,16,600,1.2238489737086392e-05,1.7951636738774015,1.5497577925563344,303.552490234375,22.23495101928711,0.6151518225669861,2661.280111888728,124573666.21216327,0.010504790646283745,1.5293376280733877,316,-15.01739501953125,-16.4989013671875,-15.735748291015625,-116.70703125,-156.087890625,-0.3721590042114258,-0.39382028579711914,0.19910373414794758,0.23635874343161134,ok,
direct_isolated,plummer3d,2018,512,0.02,8,16,600,0.0002300483911505532,1.5949390673610795,1.3278962724482786,296.28125,21.2255859375,0.7558441162109375,3281.4694302943503,137574939.5071638,0.012878787878787878,1.4631986594929312,304,-9.57427978515625,-8.376113891601562,-2.94097900390625,-99.12890625,-20.69140625,-0.3997201919555664,-0.35247135162353516,0.12334167773288462,0.14265307751736794,ok,
direct_isolated,plummer3d,2019,512,0.02,8,16,600,0.0003796630393731448,1.8205892067584186,1.6099494662477902,310.08984375,20.99066162109375,0.5651617050170898,2292.4223901172463,148238272.55330902,0.009719669498120644,1.5364096664150597,342,-13.266666412353516,-15.31317138671875,-13.90622329711914,-133.207275390625,-165.138916015625,-0.3204813599586487,-0.3260188698768616,0.189572444194273,0.23774035604866572,ok,
direct_isolated,plummer3d,2020,512,0.02,8,16,600,0.0003086399308290346,1.869285804413511,1.7301679324466126,307.279052734375,19.83858871459961,0.6010851263999939,2465.5503785831356,127127429.44006895,0.009896652148140513,1.5127961873840203,315,-11.992706298828125,-12.287578582763672,-10.25075912475586,-147.564453125,-117.689208984375,-0.35547685623168945,-0.3047909140586853,0.19639122799621828,0.2513162926009757,ok,
direct_isolated,plummer3d,2021,512,0.02,8,16,600,0.00012818748279616365,1.6283004397540926,1.3341762468953344,331.132568359375,25.739131927490234,0.7913035750389099,3314.368257723019,128003252.43546495,0.012996360364781417,1.5169356730458956,328,-12.240997314453125,-11.9705810546875,-13.887237548828125,-115.173828125,-105.376953125,-0.3724179267883301,-0.40912675857543945,0.1260453932560052,0.16202390508883632,ok,
direct_isolated,plummer3d,2022,512,0.02,8,16,600,0.0002462946607565745,1.6495717569456247,1.3299345616777092,319.65234375,23.79925537109375,0.7570562362670898,3258.3332904806844,130879606.56430972,0.01313893994337092,1.5237161188121586,325,-13.09326171875,-11.476200103759766,-11.858474731445312,-108.28125,-94.0986328125,-0.40142059326171875,-0.447800874710083,0.14148068990113272,0.17234808471335517,ok,
direct_isolated,plummer3d,2023,512,0.02,8,16,600,0.0001773538336511095,1.6470249538936537,1.3724896275238827,326.882568359375,24.114131927490234,0.7786082625389099,3338.500875442944,142151689.69312286,0.013127223653539443,1.4950437221244472,305,-12.490325927734375,-10.832942962646484,-11.516368865966797,-120.037109375,-140.531982421875,-0.3964552879333496,-0.3933526873588562,0.1518915151910709,0.13049583071701792,ok,
direct_isolated,plummer3d,2024,512,0.02,8,16,600,5.4873590902317956e-05,1.486118116528839,1.2169093831868316,321.396240234375,23.54745101928711,0.7738432288169861,3284.902932161213,146048009.5117345,0.013283530401226934,1.4430264910385842,287,-9.324321746826172,-8.72768783569336,-7.5465087890625,-78.647216796875,-48.5703125,-0.29208534955978394,-0.27715492248535156,0.0862703185520251,0.10203418767782368,ok,
direct_isolated,plummer3d,2025,512,0.02,8,16,600,0.0007843235298701644,1.9218094877490552,1.8042470927857488,309.9990234375,20.758285522460938,0.6111524105072021,2567.8303148449195,134402656.32710624,0.010343251007151421,1.5757321789948235,310,-14.6912841796875,-17.705612182617188,-14.787353515625,-153.0546875,-190.453125,-0.4083232879638672,-0.4326515197753906,0.2237489621182986,0.37169578409450316,ok,
direct_isolated,plummer3d,2026,512,0.02,8,16,600,0.0002929080850214493,1.7286288446191629,1.4053320077865958,325.8583984375,23.530014038085938,0.6836965084075928,2956.991362688106,129602339.12160307,0.011751566464921861,1.5546770910862886,303,-16.603595733642578,-16.742786407470703,-14.762939453125,-131.302001953125,-125.296875,-0.4454358220100403,-0.4346504211425781,0.19241160862891826,0.23018723541381797,ok,
direct_isolated,plummer3d,2027,512,0.02,8,16,600,0.00013002905806204458,1.5722901541036867,1.2863051986125924,324.875,21.7333984375,0.7480316162109375,3321.415978874441,141895377.54419926,0.01330237862495927,1.4696570490392022,300,-9.02127456665039,-7.99908447265625,-9.74176025390625,-100.189697265625,-147.91015625,-0.28283363580703735,-0.27288150787353516,0.0960014425534228,0.11101333743732406,ok,
direct_isolated,plummer3d,2028,512,0.02,8,16,600,7.123540784607824e-05,1.622598398050619,1.3629418683051235,327.761474609375,22.757747650146484,0.7662648558616638,3169.520936656074,129892681.6190088,0.01278118609406953,1.4742976888040966,294,-10.272289276123047,-7.963573455810547,-5.535797119140625,-117.410888671875,-73.384765625,-0.3682987093925476,-0.32074975967407227,0.1193809284247308,0.12213947525240348,ok,
direct_isolated,plummer3d,2029,512,0.02,8,16,600,0.00010883211194524384,1.6627062053165864,1.3641189819847435,317.198974609375,23.253841400146484,0.6808156371116638,3001.9972103785035,137272374.1080395,0.011817358945992154,1.5068206688795802,325,-13.793163299560547,-13.279979705810547,-11.854488372802734,-117.246826171875,-123.765380859375,-0.36807554960250854,-0.3548735976219177,0.1590233464979634,0.17925880853479215,ok,
pm_periodic,bimodal3d,2000,512,0.02,8,16,600,,nan,nan,185.3125,24.73046875,1.52001953125,12179.984603650406,366007884.79052836,0.038963123776908026,2.1849513639534424,161,-22.671875,-23.50390625,-22.91015625,-137.90625,-159.9375,-1.37890625,-1.380859375,nan,nan,ok,
pm_periodic,bimodal3d,2001,512,0.02,8,16,600,,nan,nan,187.15625,22.55859375,1.41552734375,8783.942453021751,210738620.50558257,0.029889310176125245,2.1716407012707943,184,-20.859375,-21.4140625,-21.4609375,-147.0,-174.0625,-1.27490234375,-1.283203125,nan,nan,ok,
pm_periodic,bimodal3d,2002,512,0.02,8,16,600,,nan,nan,177.78125,23.203125,1.47021484375,10331.570056026798,301442153.931303,0.033994312622309196,2.0967370939220884,184,-21.37890625,-21.91015625,-21.53125,-135.40625,-158.96875,-1.32861328125,-1.32763671875,nan,nan,ok,
pm_periodic,bimodal3d,2003,512,0.02,8,16,600,,nan,nan,183.5,22.09375,1.33837890625,9794.728408374813,304938776.90711915,0.032083231409001954,2.111805527564009,203,-20.19140625,-20.953125,-20.84765625,-139.75,-174.15625,-1.1943359375,-1.205078125,nan,nan,ok,
pm_periodic,bimodal3d,2004,512,0.02,8,16,600,,nan,nan,185.34375,24.70703125,1.67578125,12833.835367346903,380352313.4167659,0.040277947651663405,2.107695274936407,165,-22.7265625,-23.46484375,-23.125,-132.46875,-160.40625,-1.53271484375,-1.53759765625,nan,nan,ok,
pm_periodic,bimodal3d,2005,512,0.02,8,16,600,,nan,nan,188.0,21.69140625,1.46728515625,10607.16689300521,305358926.1445461,0.03413191046966732,2.1965638482580605,190,-20.171875,-20.46484375,-20.4453125,-153.53125,-168.71875,-1.3134765625,-1.33740234375,nan,nan,ok,
pm_periodic,bimodal3d,2006,512,0.02,8,16,600,,nan,nan,188.4375,22.80078125,1.45263671875,9526.74344434517,265844723.46142545,0.0326489114481409,2.1843666870489145,187,-21.24609375,-21.640625,-21.7421875,-160.53125,-173.53125,-1.31787109375,-1.32275390625,nan,nan,ok,
pm_periodic,bimodal3d,2007,512,0.02,8,16,600,,nan,nan,179.5625,23.7578125,1.673828125,13269.579731509444,380172552.01518875,0.0415163282778865,2.170964665902903,167,-21.609375,-22.328125,-21.04296875,-129.21875,-124.1875,-1.51806640625,-1.50390625,nan,nan,ok,
pm_periodic,bimodal3d,2008,512,0.02,8,16,600,,nan,nan,182.40625,23.69921875,1.57373046875,11207.272299081897,314249699.0889759,0.036876223091976516,2.117310814637233,166,-22.03515625,-22.45703125,-22.5234375,-141.78125,-163.28125,-1.43115234375,-1.44091796875,nan,nan,ok,
pm_periodic,bimodal3d,2009,512,0.02,8,16,600,,nan,nan,182.4375,24.33984375,1.63916015625,10952.338459774393,300239690.42440844,0.037556568003913895,2.2157304129021274,172,-22.5078125,-22.97265625,-22.94921875,-141.0625,-164.09375,-1.48681640625,-1.5078125,nan,nan,ok,
pm_periodic,bimodal3d,2010,512,0.02,8,16,600,,nan,nan,189.4375,24.75390625,1.6220703125,13240.8212418007,408296571.17012775,0.04218902886497065,2.176733766733697,165,-23.0,-23.453125,-22.73046875,-153.25,-162.15625,-1.48974609375,-1.47216796875,nan,nan,ok,
pm_periodic,bimodal3d,2011,512,0.02,8,16,600,,nan,nan,187.75,23.95703125,1.51611328125,10760.914015589555,298466981.05056167,0.0371896404109589,2.0847545677280275,172,-22.19140625,-22.875,-22.7578125,-144.28125,-175.4375,-1.37158203125,-1.3876953125,nan,nan,ok,
pm_periodic,bimodal3d,2012,512,0.02,8,16,600,,nan,nan,182.4375,24.44921875,1.4912109375,10465.759267580368,289754759.9165828,0.035981837084148725,2.1504256223012423,178,-22.41015625,-23.37109375,-22.78125,-131.0,-143.125,-1.3466796875,-1.353515625,nan,nan,ok,
pm_periodic,bimodal3d,2013,512,0.02,8,16,600,,nan,nan,179.28125,23.390625,1.517578125,9168.894147884523,248322575.5064996,0.03257246819960861,2.10640353658973,175,-21.62109375,-22.1484375,-22.265625,-135.4375,-165.71875,-1.38037109375,-1.38427734375,nan,nan,ok,
pm_periodic,bimodal3d,2014,512,0.02,8,16,600,,nan,nan,185.75,23.23046875,1.373046875,9392.139588772796,272588429.9705549,0.031960922211350294,2.1115549744605504,188,-21.33203125,-22.0859375,-21.55078125,-145.84375,-156.03125,-1.232421875,-1.23828125,nan,nan,ok,
pm_periodic,bimodal3d,2015,512,0.02,8,16,600,,nan,nan,183.125,22.87109375,1.5,10873.80626368732,343600451.5582552,0.03656280577299413,2.131691151989744,191,-21.14453125,-21.59765625,-21.49609375,-142.375,-164.625,-1.357421875,-1.36572265625,nan,nan,ok,
pm_periodic,bimodal3d,2016,512,0.02,8,16,600,,nan,nan,189.3125,23.05859375,1.5458984375,10776.130806770248,294586922.8506998,0.036769202544031314,2.1520399177534237,166,-21.34765625,-21.953125,-21.828125,-150.4375,-172.375,-1.408203125,-1.4208984375,nan,nan,ok,
pm_periodic,bimodal3d,2017,512,0.02,8,16,600,,nan,nan,180.875,21.73046875,1.46337890625,10675.49231194684,298084270.8579187,0.03584423923679061,2.151151176705219,177,-20.328125,-20.4609375,-20.45703125,-145.3125,-165.46875,-1.32958984375,-1.326171875,nan,nan,ok,
pm_periodic,bimodal3d,2018,512,0.02,8,16,600,,nan,nan,182.40625,22.125,1.41748046875,9996.23507392501,298151842.7971674,0.033940802348336595,2.09334169902675,195,-20.37890625,-21.03515625,-20.8515625,-135.53125,-164.28125,-1.28369140625,-1.28857421875,nan,nan,ok,
pm_periodic,bimodal3d,2019,512,0.02,8,16,600,,nan,nan,180.09375,24.19140625,1.5849609375,9818.182799742994,234649183.19742218,0.03339805528375734,2.1772820555572263,181,-22.2265625,-22.9296875,-22.93359375,-137.71875,-164.0,-1.43701171875,-1.4541015625,nan,nan,ok,
pm_periodic,bimodal3d,2020,512,0.02,8,16,600,,nan,nan,184.40625,22.3984375,1.48388671875,10164.95837151607,263977970.56245163,0.034223642367906065,2.168605798014007,183,-20.75,-21.30859375,-21.34375,-150.5,-172.5625,-1.34716796875,-1.35888671875,nan,nan,ok,
pm_periodic,bimodal3d,2021,512,0.02,8,16,600,,nan,nan,187.15625,24.40234375,1.61865234375,11162.511275624314,273650619.6240197,0.03804580479452055,2.147645797626888,158,-22.6171875,-23.18359375,-23.015625,-133.9375,-165.71875,-1.47265625,-1.48779296875,nan,nan,ok,
pm_periodic,bimodal3d,2022,512,0.02,8,16,600,,nan,nan,183.5625,22.5703125,1.423828125,11323.412092845447,326597291.4805471,0.03640227495107632,2.1485125667480167,183,-20.90625,-21.2890625,-20.80078125,-147.40625,-149.15625,-1.28173828125,-1.28369140625,nan,nan,ok,
pm_periodic,bimodal3d,2023,512,0.02,8,16,600,,nan,nan,187.21875,24.51953125,1.53857421875,11197.519699321801,307562458.7706257,0.03700617661448141,2.1173626331145785,173,-22.8515625,-23.46484375,-23.22265625,-145.15625,-170.8125,-1.40625,-1.40966796875,nan,nan,ok,
pm_periodic,bimodal3d,2024,512,0.02,8,16,600,,nan,nan,177.21875,22.03515625,1.45751953125,11390.101357014133,338383172.95182335,0.038015227495107634,2.037162570671809,180,-19.80078125,-20.72265625,-19.47265625,-126.5,-130.4375,-1.3037109375,-1.2890625,nan,nan,ok,
pm_periodic,bimodal3d,2025,512,0.02,8,16,600,,nan,nan,191.71875,23.88671875,1.62109375,11002.828597164691,298372365.4828741,0.03764829990215264,2.2421309571971837,182,-22.359375,-22.88671875,-22.84765625,-161.90625,-183.0,-1.48779296875,-1.4931640625,nan,nan,ok,
pm_periodic,bimodal3d,2026,512,0.02,8,16,600,,nan,nan,192.5625,24.7421875,1.5390625,9647.231682128804,273811512.32211447,0.033268101761252444,2.1827924419076212,186,-23.3125,-23.67578125,-23.515625,-162.4375,-176.46875,-1.40673828125,-1.4072265625,nan,nan,ok,
pm_periodic,bimodal3d,2027,512,0.02,8,16,600,,nan,nan,184.46875,22.9296875,1.42431640625,10142.43933527953,294644271.66349626,0.03309992661448141,2.051687869250369,180,-21.01171875,-21.7890625,-21.59765625,-142.875,-165.03125,-1.28173828125,-1.2998046875,nan,nan,ok,
pm_periodic,bimodal3d,2028,512,0.02,8,16,600,,nan,nan,187.78125,25.25390625,1.65673828125,13081.614842423045,372885794.9704406,0.04143224070450098,2.0690995069811016,163,-22.87890625,-23.6875,-22.1875,-137.34375,-91.46875,-1.5107421875,-1.47998046875,nan,nan,ok,
pm_periodic,bimodal3d,2029,512,0.02,8,16,600,,nan,nan,182.90625,23.85546875,1.49853515625,10439.64964841874,290716795.9818925,0.03481989970645793,2.140923911697856,171,-22.03515625,-22.703125,-22.37109375,-142.4375,-157.90625,-1.35400390625,-1.365234375,nan,nan,ok,
pm_periodic,cold_clumpy3d,2000,512,0.02,8,16,600,,nan,nan,563.84375,59.03125,2.55615234375,16277.71219903675,583720206.9938613,0.05175207925636008,0.08855218047052929,48,4.6640625,15.06640625,4.72265625,185.375,138.5,2.212890625,0.2421875,nan,nan,ok,
pm_periodic,cold_clumpy3d,2001,512,0.02,8,16,600,,nan,nan,540.9375,56.82421875,2.4638671875,17591.4523742055,666409741.2880143,0.055742416829745595,0.08776751957088424,39,17.05859375,11.53515625,18.9140625,383.6875,624.3125,2.958984375,2.02587890625,nan,nan,ok,
pm_periodic,cold_clumpy3d,2002,512,0.02,8,16,600,,nan,nan,431.0,38.98046875,2.34912109375,17446.6201314816,657193376.8348465,0.05395364481409002,0.08781794909324678,42,48.35546875,32.7890625,34.203125,317.71875,1256.3125,2.70751953125,2.68994140625,nan,nan,ok,
pm_periodic,cold_clumpy3d,2003,512,0.02,8,16,600,,nan,nan,507.25,37.5625,2.44482421875,16818.483755193985,636961428.5326142,0.05203491927592955,0.08754558574255965,55,23.52734375,17.0703125,14.40625,304.09375,370.15625,3.1875,0.642578125,nan,nan,ok,
pm_periodic,cold_clumpy3d,2004,512,0.02,8,16,600,,nan,nan,601.8125,58.19140625,3.17138671875,18823.18634573748,700151754.7429789,0.0572483488258317,0.08484090332197589,41,3.1953125,37.2109375,54.19140625,7.65625,523.0,1.3935546875,1.22509765625,nan,nan,ok,
pm_periodic,cold_clumpy3d,2005,512,0.02,8,16,600,,nan,nan,497.90625,41.8046875,2.49658203125,16914.024788287395,622586440.3500533,0.05389249021526419,0.08997527019758744,40,7.515625,49.72265625,38.19921875,22.3125,366.15625,0.53857421875,0.39501953125,nan,nan,ok,
pm_periodic,cold_clumpy3d,2006,512,0.02,8,16,600,,nan,nan,500.03125,48.69921875,2.42236328125,17210.142103535218,635832719.9490969,0.053861912915851275,0.08546838746387654,54,33.2421875,51.33203125,68.953125,397.09375,1244.09375,1.4150390625,4.67041015625,nan,nan,ok,
pm_periodic,cold_clumpy3d,2007,512,0.02,8,16,600,,nan,nan,623.53125,44.81640625,2.50146484375,17524.394280824356,649655730.152902,0.055971746575342464,0.08823730684265649,43,34.12890625,80.375,35.875,221.3125,720.71875,3.1416015625,3.32763671875,nan,nan,ok,
pm_periodic,cold_clumpy3d,2008,512,0.02,8,16,600,,nan,nan,804.375,87.1640625,2.60595703125,18246.854588560214,539956617.4734391,0.05899125489236791,0.08792560068230164,35,-3.359375,-11.15625,-14.546875,-71.71875,459.125,1.1923828125,3.18603515625,nan,nan,ok,
pm_periodic,cold_clumpy3d,2009,512,0.02,8,16,600,,nan,nan,599.375,44.7265625,2.27978515625,16293.364131141878,569841887.2831736,0.05204256360078278,0.08717749426943323,41,27.40234375,20.5,35.6328125,325.96875,266.78125,2.87109375,1.58251953125,nan,nan,ok,
pm_periodic,cold_clumpy3d,2010,512,0.02,8,16,600,,nan,nan,543.34375,44.56640625,2.240234375,19454.83458687881,711609371.9758759,0.05638454011741683,0.0904417811285879,43,42.5546875,24.9453125,28.390625,1449.1875,1499.59375,2.435546875,3.091796875,nan,nan,ok,
pm_periodic,cold_clumpy3d,2011,512,0.02,8,16,600,,nan,nan,630.46875,56.76953125,2.1494140625,17290.489891597474,666007984.6653987,0.054771587573385516,0.08517129066155912,42,21.3125,46.828125,77.91015625,47.5,933.03125,3.5498046875,1.2998046875,nan,nan,ok,
pm_periodic,cold_clumpy3d,2012,512,0.02,8,16,600,,nan,nan,707.90625,47.6171875,1.99658203125,15368.0148417319,529261211.8192967,0.050070327788649706,0.08593614224619786,41,130.1953125,16.99609375,15.0625,804.96875,1053.375,5.4716796875,0.8037109375,nan,nan,ok,
pm_periodic,cold_clumpy3d,2013,512,0.02,8,16,600,,nan,nan,845.46875,68.78515625,2.7626953125,17739.56747213588,667676049.0100689,0.05496269569471624,0.08455138151207284,34,27.484375,27.734375,-16.63671875,72.71875,-272.5,5.798828125,0.04443359375,nan,nan,ok,
pm_periodic,cold_clumpy3d,2014,512,0.02,8,16,600,,nan,nan,494.71875,49.30078125,2.53662109375,17971.39558179836,641632749.4413253,0.05467985567514677,0.08732681175133675,33,23.3203125,97.9765625,58.8671875,114.53125,716.40625,3.2392578125,4.0146484375,nan,nan,ok,
pm_periodic,cold_clumpy3d,2015,512,0.02,8,16,600,,nan,nan,355.96875,42.95703125,2.04150390625,15796.427164414268,587413221.0196688,0.050460188356164386,0.08463334274297055,39,9.0546875,10.875,46.3125,59.78125,578.5,1.74462890625,3.0888671875,nan,nan,ok,
pm_periodic,cold_clumpy3d,2016,512,0.02,8,16,600,,nan,nan,782.78125,51.56640625,2.51953125,14665.202157264495,527596031.16083103,0.050070327788649706,0.08515533331225644,38,8.8828125,20.3828125,27.87890625,117.0,-79.09375,1.68798828125,2.43994140625,nan,nan,ok,
pm_periodic,cold_clumpy3d,2017,512,0.02,8,16,600,,nan,nan,594.09375,54.50390625,2.04931640625,14932.189177813394,510580784.08034337,0.04892367906066536,0.08831422420664886,40,-4.2890625,64.48828125,55.671875,-46.0,901.1875,2.37353515625,1.45166015625,nan,nan,ok,
pm_periodic,cold_clumpy3d,2018,512,0.02,8,16,600,,nan,nan,485.1875,44.80859375,2.5029296875,17592.090596558635,675787477.5942776,0.05594116927592955,0.08613427020310901,46,15.11328125,17.69140625,0.91015625,93.71875,475.28125,2.14892578125,1.7451171875,nan,nan,ok,
pm_periodic,cold_clumpy3d,2019,512,0.02,8,16,600,,nan,nan,828.53125,53.12109375,2.4169921875,16538.762204133498,592677899.6431522,0.05373960371819961,0.08897182846753399,31,27.1796875,40.84375,89.53515625,594.1875,647.5625,2.48583984375,1.29248046875,nan,nan,ok,
pm_periodic,cold_clumpy3d,2020,512,0.02,8,16,600,,nan,nan,514.65625,34.38671875,2.15966796875,17585.5105630635,662362543.3689141,0.05623929794520548,0.08705090790707709,40,127.5859375,104.8984375,106.328125,1820.125,1349.4375,4.56787109375,2.1396484375,nan,nan,ok,
pm_periodic,cold_clumpy3d,2021,512,0.02,8,16,600,,nan,nan,645.4375,60.70703125,2.62841796875,17819.51748533092,664016981.9787041,0.056254586594911934,0.08822350862265557,46,46.09765625,0.578125,24.8671875,351.125,92.03125,6.03759765625,2.19189453125,nan,nan,ok,
pm_periodic,cold_clumpy3d,2022,512,0.02,8,16,600,,nan,nan,637.3125,64.1875,2.33544921875,17172.237802120864,656040596.01771,0.05453461350293542,0.08671781022273949,45,1.7578125,-13.015625,18.44140625,-112.78125,188.46875,2.4130859375,1.76416015625,nan,nan,ok,
pm_periodic,cold_clumpy3d,2023,512,0.02,8,16,600,,nan,nan,505.75,48.5703125,2.25732421875,16003.252033476845,564066720.0002384,0.05152274951076321,0.08639381034315424,50,9.42578125,62.40625,42.51171875,276.9375,558.375,2.17626953125,3.97216796875,nan,nan,ok,
pm_periodic,cold_clumpy3d,2024,512,0.02,8,16,600,,nan,nan,499.25,45.21875,2.287109375,15896.805603966153,549360017.6174158,0.050651296477495104,0.08567487178547802,53,11.859375,30.546875,28.90625,27.625,611.6875,2.359375,0.9267578125,nan,nan,ok,
pm_periodic,cold_clumpy3d,2025,512,0.02,8,16,600,,nan,nan,525.46875,47.18359375,2.6318359375,18788.207638965505,706010896.2159622,0.05704195205479452,0.09096515276500969,36,13.16015625,7.9921875,136.24609375,60.21875,1607.03125,2.55224609375,4.07421875,nan,nan,ok,
pm_periodic,cold_clumpy3d,2026,512,0.02,8,16,600,,nan,nan,541.09375,50.01953125,3.009765625,16472.679471323805,590068140.4819891,0.05207314090019569,0.08894897832891381,48,12.23046875,55.2734375,5.22265625,13.59375,217.8125,1.9609375,0.39306640625,nan,nan,ok,
pm_periodic,cold_clumpy3d,2027,512,0.02,8,16,600,,nan,nan,557.65625,53.48828125,2.84130859375,16045.401797472547,552508527.8108845,0.050299657534246575,0.08803323503210012,44,25.609375,34.8515625,56.39453125,117.40625,1025.03125,2.75537109375,4.427734375,nan,nan,ok,
pm_periodic,cold_clumpy3d,2028,512,0.02,8,16,600,,nan,nan,549.96875,59.6640625,2.369140625,16727.130459285356,614858472.64918,0.054205907534246575,0.08540302287185284,48,9.38671875,20.50390625,13.87109375,253.0625,108.09375,2.74267578125,2.47705078125,nan,nan,ok,
pm_periodic,cold_clumpy3d,2029,512,0.02,8,16,600,,nan,nan,585.96875,66.14453125,2.61669921875,16526.829840963142,588892735.7164469,0.0522336717221135,0.0893566153860103,40,-1.4609375,-13.3984375,1.1171875,19.15625,209.84375,3.4228515625,2.97705078125,nan,nan,ok,
pm_periodic,hernquist3d,2000,512,0.02,8,16,600,,nan,nan,134.84375,9.83203125,0.453125,4372.978693914241,278974693.3654672,0.011328889432485324,1.241518690223847,385,-2.296875,-2.3125,2.7890625,-22.6875,36.21875,-0.12548828125,-0.078125,nan,nan,ok,
pm_periodic,hernquist3d,2001,512,0.02,8,16,600,,nan,nan,121.59375,6.6328125,0.34619140625,1767.1666567816233,161762308.93080515,0.006161325831702544,1.2254630851500314,419,-2.28125,-3.125,-2.12109375,-36.125,-55.78125,-0.1474609375,-0.1376953125,nan,nan,ok,
pm_periodic,hernquist3d,2002,512,0.02,8,16,600,,nan,nan,131.8125,8.80859375,0.39697265625,2375.2311183843617,187201343.57483065,0.007583170254403131,1.1988490065564168,401,-1.703125,4.0234375,-2.1328125,-11.46875,113.0,-0.05078125,-0.10205078125,nan,nan,ok,
pm_periodic,hernquist3d,2003,512,0.02,8,16,600,,nan,nan,121.4375,7.78515625,0.32470703125,1674.922459374286,185079890.73079777,0.005259295499021526,1.2084994266420417,413,-3.41796875,-4.15625,-3.84765625,-29.1875,-53.40625,-0.10693359375,-0.12646484375,nan,nan,ok,
pm_periodic,hernquist3d,2004,512,0.02,8,16,600,,nan,nan,164.40625,10.3203125,0.53369140625,6098.685007491838,298659736.2761348,0.011229513209393346,1.1904371551166513,375,1.73828125,1.4375,0.36328125,-2.78125,-14.0625,-0.04052734375,-0.11328125,nan,nan,ok,
pm_periodic,hernquist3d,2005,512,0.02,8,16,600,,nan,nan,125.3125,8.70703125,0.41650390625,2149.0816544482573,196652672.54835778,0.006749938845401174,1.253385171568295,403,-3.75,-4.51171875,-3.30859375,-35.28125,-46.375,-0.19287109375,-0.158203125,nan,nan,ok,
pm_periodic,hernquist3d,2006,512,0.02,8,16,600,,nan,nan,125.40625,7.2421875,0.359375,2110.884060095467,187264266.9046358,0.0070557118395303325,1.2388570037771096,410,-2.09765625,-1.66796875,0.5,-28.53125,27.625,-0.12353515625,-0.0361328125,nan,nan,ok,
pm_periodic,hernquist3d,2007,512,0.02,8,16,600,,nan,nan,149.4375,11.51953125,0.5546875,4345.960782844127,251594392.3357497,0.01296477495107632,1.2288039821934134,368,-1.640625,-2.8671875,-0.6328125,-17.78125,22.6875,-0.041015625,-0.16845703125,nan,nan,ok,
pm_periodic,hernquist3d,2008,512,0.02,8,16,600,,nan,nan,140.53125,8.48828125,0.38525390625,3668.496656906902,258421701.1151799,0.0078125,1.2018008119357044,402,-2.5234375,-2.4609375,-2.57421875,-45.71875,-52.03125,-0.09814453125,-0.11083984375,nan,nan,ok,
pm_periodic,hernquist3d,2009,512,0.02,8,16,600,,nan,nan,143.09375,9.33984375,0.47265625,3594.0581246796996,239442334.1185109,0.009746514187866928,1.243497483503712,393,-2.171875,-1.85546875,1.796875,-33.9375,16.875,-0.12548828125,-0.07080078125,nan,nan,ok,
pm_periodic,hernquist3d,2010,512,0.02,8,16,600,,nan,nan,134.0625,9.36328125,0.4765625,3305.567522168327,227823073.9137712,0.01054152397260274,1.2460865165917658,379,-2.546875,1.67578125,2.078125,-25.6875,151.53125,-0.1435546875,-0.10498046875,nan,nan,ok,
pm_periodic,hernquist3d,2011,512,0.02,8,16,600,,nan,nan,134.21875,10.390625,0.455078125,3542.6568923497734,227569814.79051453,0.009410163894324853,1.1730616510605971,386,-2.2265625,-3.18359375,1.6484375,-9.03125,16.0,-0.06005859375,0.0361328125,nan,nan,ok,
pm_periodic,hernquist3d,2012,512,0.02,8,16,600,,nan,nan,117.21875,7.7578125,0.38720703125,2174.537268749552,188859445.27739996,0.006612340998043053,1.2057245775145902,419,-2.84765625,-0.46484375,-2.10546875,-26.0625,17.78125,-0.13525390625,-0.138671875,nan,nan,ok,
pm_periodic,hernquist3d,2013,512,0.02,8,16,600,,nan,nan,141.96875,8.10546875,0.37255859375,2536.972193608401,200547392.13124424,0.0071321550880626226,1.1866604261535247,408,-2.23046875,-2.5078125,-2.98828125,-27.78125,-75.34375,-0.0830078125,-0.12255859375,nan,nan,ok,
pm_periodic,hernquist3d,2014,512,0.02,8,16,600,,nan,nan,109.5625,7.59765625,0.3837890625,2347.2631987123423,184977013.71563742,0.007277397260273972,1.2070647308237148,410,-1.73046875,-2.359375,-1.3828125,-17.15625,-18.25,-0.119140625,-0.14306640625,nan,nan,ok,
pm_periodic,hernquist3d,2015,512,0.02,8,16,600,,nan,nan,139.96875,9.828125,0.46435546875,2923.821541066182,188776778.8082609,0.009089102250489237,1.210000056228089,378,-1.9375,-1.9296875,0.140625,-26.5625,77.78125,-0.1220703125,-0.0810546875,nan,nan,ok,
pm_periodic,hernquist3d,2016,512,0.02,8,16,600,,nan,nan,150.53125,9.5078125,0.4111328125,2200.2077088349415,184058714.24878258,0.006986912915851272,1.2050973420756836,403,-2.4921875,-3.62109375,1.33984375,-29.15625,103.1875,-0.13232421875,-0.09423828125,nan,nan,ok,
pm_periodic,hernquist3d,2017,512,0.02,8,16,600,,nan,nan,135.46875,7.7421875,0.3720703125,2421.123230007818,194443978.86644697,0.006986912915851272,1.2280835511660224,408,-2.0234375,-3.77734375,-3.09765625,-28.3125,-35.15625,-0.140625,-0.1474609375,nan,nan,ok,
pm_periodic,hernquist3d,2018,512,0.02,8,16,600,,nan,nan,140.6875,10.27734375,0.513671875,4095.285600736134,239417030.06570417,0.01015930772994129,1.1747552772792123,389,-0.609375,1.68359375,2.4140625,-1.46875,69.65625,-0.03369140625,-0.06591796875,nan,nan,ok,
pm_periodic,hernquist3d,2019,512,0.02,8,16,600,,nan,nan,120.8125,7.1328125,0.3232421875,2143.102793742266,208677230.85842028,0.006107815557729941,1.2266048702317236,416,-2.5546875,-3.59765625,-2.0390625,-35.5625,-43.78125,-0.1171875,-0.08984375,nan,nan,ok,
pm_periodic,hernquist3d,2020,512,0.02,8,16,600,,nan,nan,117.6875,8.04296875,0.3583984375,2564.7543233161177,218573753.8569468,0.007017490215264188,1.2137090750640653,413,-2.890625,-1.28515625,-1.5390625,-22.40625,50.1875,-0.1142578125,-0.1181640625,nan,nan,ok,
pm_periodic,hernquist3d,2021,512,0.02,8,16,600,,nan,nan,147.53125,10.5390625,0.5224609375,3268.312237590475,206573716.38616943,0.009777091487279843,1.2067829445641647,383,-0.3671875,2.96484375,6.8125,2.96875,97.3125,0.0283203125,-0.08984375,nan,nan,ok,
pm_periodic,hernquist3d,2022,512,0.02,8,16,600,,nan,nan,144.46875,10.234375,0.49560546875,3358.705510706968,223438489.93955207,0.009914689334637964,1.2195172851922693,389,-3.234375,-3.6015625,-0.6640625,-31.78125,31.15625,-0.134765625,-0.1611328125,nan,nan,ok,
pm_periodic,hernquist3d,2023,512,0.02,8,16,600,,nan,nan,153.6875,10.47265625,0.50341796875,3511.056374060584,223447541.072176,0.009800024461839531,1.206809149079409,381,-1.36328125,2.4296875,4.99609375,-23.40625,79.53125,-0.0888671875,-0.09521484375,nan,nan,ok,
pm_periodic,hernquist3d,2024,512,0.02,8,16,600,,nan,nan,144.8125,10.58203125,0.47119140625,3219.386528488413,229235881.56932318,0.009456029843444227,1.1567856879921679,383,-1.125,1.0234375,-1.97265625,-5.9375,27.0625,-0.04736328125,-0.0146484375,nan,nan,ok,
pm_periodic,hernquist3d,2025,512,0.02,8,16,600,,nan,nan,124.25,8.359375,0.39453125,1802.2949320372866,163209463.60984573,0.005870841487279843,1.257444900729328,408,-3.64453125,-4.38671875,-3.9921875,-24.90625,-45.125,-0.1962890625,-0.18798828125,nan,nan,ok,
pm_periodic,hernquist3d,2026,512,0.02,8,16,600,,nan,nan,148.6875,9.36328125,0.3994140625,2522.902257985437,188881102.58095056,0.007651969178082192,1.2437529227256594,396,-4.62890625,-2.765625,-4.28515625,-37.53125,-59.59375,-0.19091796875,-0.158203125,nan,nan,ok,
pm_periodic,hernquist3d,2027,512,0.02,8,16,600,,nan,nan,128.125,9.73828125,0.5029296875,3233.7018728513776,190913003.87812537,0.01047272504892368,1.1864351937764235,378,0.1328125,4.26953125,10.796875,7.09375,166.09375,0.02197265625,0.1318359375,nan,nan,ok,
pm_periodic,hernquist3d,2028,512,0.02,8,16,600,,nan,nan,138.53125,10.1875,0.50146484375,3262.2908963929567,204882700.4470549,0.010121086105675147,1.1743133479639567,381,-0.30078125,0.0,6.88671875,-2.4375,104.1875,-0.0078125,0.037109375,nan,nan,ok,
pm_periodic,hernquist3d,2029,512,0.02,8,16,600,,nan,nan,144.6875,8.79296875,0.4267578125,4167.953363296021,288898307.84541583,0.008752751956947162,1.1967315995217613,408,-1.1953125,-0.52734375,0.0,-26.8125,33.8125,-0.0859375,-0.15283203125,nan,nan,ok,
pm_periodic,plummer3d,2000,512,0.02,8,16,600,,nan,nan,345.875,22.59375,0.72900390625,3204.1013610824107,147649901.39775023,0.012139187866927593,1.5465870659696332,300,-13.7890625,-14.51171875,-11.08203125,-167.59375,-86.75,-0.45166015625,-0.40283203125,nan,nan,ok,
pm_periodic,plummer3d,2001,512,0.02,8,16,600,,nan,nan,327.09375,20.93359375,0.57373046875,2156.2089572700306,139483635.12315875,0.00861515410958904,1.5320721892571518,324,-13.63671875,-17.2578125,-14.7734375,-136.3125,-133.78125,-0.34765625,-0.3486328125,nan,nan,ok,
pm_periodic,plummer3d,2002,512,0.02,8,16,600,,nan,nan,307.375,21.875,0.65625,2655.5335025643417,130534401.2386324,0.010312194227005871,1.4931510824148542,310,-12.87109375,-11.9453125,-10.93359375,-109.03125,-74.90625,-0.3671875,-0.294921875,nan,nan,ok,
pm_periodic,plummer3d,2003,512,0.02,8,16,600,,nan,nan,297.84375,20.43359375,0.55224609375,2160.2595269293215,134375427.5096603,0.008561643835616438,1.4935238078397217,321,-13.25390625,-15.2734375,-11.39453125,-133.25,-98.84375,-0.3095703125,-0.25146484375,nan,nan,ok,
pm_periodic,plummer3d,2004,512,0.02,8,16,600,,nan,nan,344.46875,25.48828125,0.78125,3559.767038183424,149137843.9064944,0.013209393346379647,1.4853237874170022,277,-11.6875,-10.29296875,-8.859375,-108.8125,-109.90625,-0.3466796875,-0.24658203125,nan,nan,ok,
pm_periodic,plummer3d,2005,512,0.02,8,16,600,,nan,nan,320.625,20.48046875,0.61865234375,2405.001858489143,135673590.59273332,0.009593627690802348,1.5688438334708725,311,-13.34375,-16.72265625,-15.76953125,-148.4375,-176.84375,-0.3916015625,-0.4150390625,nan,nan,ok,
pm_periodic,plummer3d,2006,512,0.02,8,16,600,,nan,nan,301.96875,20.62109375,0.59716796875,2322.642202294587,135543758.86438996,0.009134968199608611,1.5386534575589432,318,-13.375,-12.92578125,-13.01953125,-130.3125,-123.6875,-0.33935546875,-0.33740234375,nan,nan,ok,
pm_periodic,plummer3d,2007,512,0.02,8,16,600,,nan,nan,340.125,24.39453125,0.80078125,3654.61178798561,135920188.09564573,0.014233732876712328,1.5448603536452103,274,-11.54296875,-13.8203125,-13.47265625,-128.75,-173.875,-0.4189453125,-0.4638671875,nan,nan,ok,
pm_periodic,plummer3d,2008,512,0.02,8,16,600,,nan,nan,309.0,21.70703125,0.61669921875,2618.99312166469,145066589.31052798,0.01024339530332681,1.5035977342478455,302,-13.171875,-13.83984375,-11.95703125,-142.125,-136.15625,-0.3330078125,-0.31640625,nan,nan,ok,
pm_periodic,plummer3d,2009,512,0.02,8,16,600,,nan,nan,320.90625,23.64453125,0.70751953125,2950.1820837379946,132973403.83807723,0.011260090508806261,1.5682553467406057,312,-15.4921875,-15.05859375,-13.453125,-152.25,-115.25,-0.4140625,-0.37353515625,nan,nan,ok,
pm_periodic,plummer3d,2010,512,0.02,8,16,600,,nan,nan,328.125,22.4140625,0.67138671875,3073.805178449079,154772828.87015593,0.01179519324853229,1.5607853108967902,301,-13.76171875,-12.109375,-12.203125,-153.75,-104.375,-0.353515625,-0.37548828125,nan,nan,ok,
pm_periodic,plummer3d,2011,512,0.02,8,16,600,,nan,nan,341.8125,22.59765625,0.7236328125,3093.903363561847,141757042.799551,0.01178754892367906,1.4700248118394523,291,-12.37890625,-11.40625,-8.4296875,-146.84375,-102.0625,-0.33349609375,-0.29052734375,nan,nan,ok,
pm_periodic,plummer3d,2012,512,0.02,8,16,600,,nan,nan,302.40625,19.23046875,0.58935546875,2259.2638455419146,124161579.62846418,0.008653375733855186,1.5221673797137631,326,-10.3125,-13.5859375,-10.625,-126.25,-162.90625,-0.296875,-0.28173828125,nan,nan,ok,
pm_periodic,plummer3d,2013,512,0.02,8,16,600,,nan,nan,317.5,22.70703125,0.6181640625,2465.6304057607585,137239785.4125922,0.009417808219178082,1.4886342676843474,309,-14.46875,-16.07421875,-13.27734375,-135.125,-133.03125,-0.3134765625,-0.31005859375,nan,nan,ok,
pm_periodic,plummer3d,2014,512,0.02,8,16,600,,nan,nan,315.59375,20.08203125,0.61669921875,2409.581145420513,138376409.30584735,0.00937194227005871,1.5109934756309809,318,-12.9921875,-14.19921875,-10.5390625,-152.875,-146.0,-0.375,-0.294921875,nan,nan,ok,
pm_periodic,plummer3d,2015,512,0.02,8,16,600,,nan,nan,311.09375,23.3125,0.7353515625,3029.382320515303,139601584.11674082,0.011405332681017613,1.503536061011653,305,-11.703125,-12.8515625,-10.3515625,-106.71875,-101.53125,-0.40869140625,-0.30712890625,nan,nan,ok,
pm_periodic,plummer3d,2016,512,0.02,8,16,600,,nan,nan,324.8125,23.7578125,0.6875,2715.605559328593,132024910.57727443,0.010556812622309198,1.5038599066159717,302,-14.89453125,-16.0859375,-12.8515625,-132.5625,-106.5,-0.38427734375,-0.3486328125,nan,nan,ok,
pm_periodic,plummer3d,2017,512,0.02,8,16,600,,nan,nan,303.09375,22.33984375,0.6220703125,2569.8390767718356,131438701.35531771,0.0097923801369863,1.533539640368783,310,-15.9609375,-17.87890625,-15.8359375,-139.46875,-152.21875,-0.4052734375,-0.392578125,nan,nan,ok,
pm_periodic,plummer3d,2018,512,0.02,8,16,600,,nan,nan,296.15625,21.20703125,0.7587890625,3179.980823802208,141165254.53460827,0.01208567759295499,1.467432254679434,310,-10.1640625,-7.81640625,-7.26953125,-109.6875,42.65625,-0.41357421875,-0.38037109375,nan,nan,ok,
pm_periodic,plummer3d,2019,512,0.02,8,16,600,,nan,nan,307.8125,20.98828125,0.56884765625,2205.352053982289,153439926.50989467,0.008974437377690802,1.5319557967777122,312,-13.55078125,-16.26953125,-14.53515625,-138.46875,-174.53125,-0.333984375,-0.31005859375,nan,nan,ok,
pm_periodic,plummer3d,2020,512,0.02,8,16,600,,nan,nan,310.8125,19.8515625,0.607421875,2330.4180690299218,134154923.11739212,0.008836839530332681,1.512528789917669,321,-12.76953125,-12.8125,-12.44921875,-159.46875,-122.65625,-0.357421875,-0.35791015625,nan,nan,ok,
pm_periodic,plummer3d,2021,512,0.02,8,16,600,,nan,nan,329.8125,25.71484375,0.79443359375,3205.437389730432,132765294.35519095,0.012146832191780822,1.5175481458779991,294,-13.5234375,-12.32421875,-12.12890625,-123.96875,-47.65625,-0.388671875,-0.416015625,nan,nan,ok,
pm_periodic,plummer3d,2022,512,0.02,8,16,600,,nan,nan,317.25,23.78125,0.7607421875,3132.3197633257714,135869805.0631273,0.012131543542074364,1.5219017811980595,297,-14.91015625,-13.96875,-12.92578125,-128.59375,-55.25,-0.470703125,-0.4375,nan,nan,ok,
pm_periodic,plummer3d,2023,512,0.02,8,16,600,,nan,nan,328.6875,24.23828125,0.78271484375,3239.142627563806,146776688.8627318,0.01230736301369863,1.4953042072280645,274,-13.22265625,-12.01171875,-9.07421875,-123.3125,-49.09375,-0.42724609375,-0.3505859375,nan,nan,ok,
pm_periodic,plummer3d,2024,512,0.02,8,16,600,,nan,nan,319.3125,23.546875,0.77783203125,3164.7539609429577,150714332.83622625,0.012322651663405088,1.4382476259825276,276,-10.484375,-10.5234375,-11.84765625,-93.0,-57.40625,-0.3525390625,-0.3583984375,nan,nan,ok,
pm_periodic,plummer3d,2025,512,0.02,8,16,600,,nan,nan,311.0625,20.90625,0.6240234375,2442.991559467076,143542239.66576678,0.00928021037181996,1.5735425963605123,314,-14.76171875,-17.9921875,-14.65234375,-155.53125,-222.40625,-0.4072265625,-0.3818359375,nan,nan,ok,
pm_periodic,plummer3d,2026,512,0.02,8,16,600,,nan,nan,324.0,23.5,0.68701171875,2853.9503008258416,134970519.47180945,0.010939028864970645,1.5541641694171568,291,-16.87109375,-18.7109375,-16.21875,-147.375,-172.75,-0.4560546875,-0.4521484375,nan,nan,ok,
pm_periodic,plummer3d,2027,512,0.02,8,16,600,,nan,nan,321.8125,21.7109375,0.7509765625,3218.430865199589,146388020.4542169,0.012483182485322897,1.4688396079710548,302,-10.078125,-10.1796875,-7.9140625,-112.28125,-128.125,-0.34033203125,-0.255859375,nan,nan,ok,
pm_periodic,plummer3d,2028,512,0.02,8,16,600,,nan,nan,325.0,22.7265625,0.7705078125,3028.298079533764,136334729.04392424,0.011657595401174168,1.4792828857035754,304,-9.703125,-9.48828125,-7.01953125,-119.59375,-102.96875,-0.37353515625,-0.29541015625,nan,nan,ok,
pm_periodic,plummer3d,2029,512,0.02,8,16,600,,nan,nan,317.6875,23.38671875,0.6865234375,2878.016199505495,142325482.06337047,0.010786142367906067,1.4996923706859455,312,-14.203125,-15.17578125,-12.34375,-123.75,-79.21875,-0.392578125,-0.37939453125,nan,nan,ok,
direct_isolated,bimodal3d,2000,512,0.05,8,16,600,0.0006190238305201982,3.2321312664180515,17.03052824720881,180.222412109375,24.740047454833984,1.518734872341156,10832.810301975022,364296200.94745785,0.24636963696369638,2.1819635119047174,246,-23.292797088623047,-24.323055267333984,-24.34716796875,-140.098388671875,-167.09375,-1.40847510099411,-1.4938888549804688,0.32399110500028716,3.0050863860765706,ok,
direct_isolated,bimodal3d,2001,512,0.05,8,16,600,0.0004430156273674409,3.364212263596903,18.650046197376764,187.703125,22.573974609375,1.4140586853027344,8530.796722922363,208474494.18728986,0.21523241503360788,2.1721486444034284,239,-21.184329986572266,-22.286197662353516,-22.487979888916016,-158.343994140625,-186.808837890625,-1.3113213181495667,-1.4041395783424377,0.352465282724324,2.861476817738171,ok,
direct_isolated,bimodal3d,2002,512,0.05,8,16,600,0.0004636115274804366,3.1823842260772484,14.628307579213738,178.040771484375,23.20888900756836,1.4688095450401306,9551.729495980828,300228668.8532139,0.22234955679771734,2.091502609242955,229,-21.8060302734375,-22.782196044921875,-22.863525390625,-139.7109375,-172.921875,-1.368978500366211,-1.4392738342285156,0.2714419136590265,2.8111526376319214,ok,
direct_isolated,bimodal3d,2003,512,0.05,8,16,600,0.0004468491755700802,3.323548728638017,17.763689268063384,179.923583984375,22.09133529663086,1.3363575339317322,9189.568142051716,302544377.84542763,0.2136926147704591,2.1176590422672525,265,-20.648113250732422,-21.765178680419922,-21.89852523803711,-145.494873046875,-177.458740234375,-1.229212462902069,-1.3218702673912048,0.339451277949969,2.965388196503401,ok,
direct_isolated,bimodal3d,2004,512,0.05,8,16,600,0.0006960663936903969,3.0381383728764066,13.56574547123933,184.753662109375,24.712703704833984,1.674496591091156,11061.007692233565,378977312.2283416,0.24875058934464875,2.1061387812728682,192,-23.013763427734375,-24.218807220458984,-24.533538818359375,-137.568359375,-183.302734375,-1.5535597801208496,-1.6583609580993652,0.2608797692017816,2.501646993119911,ok,
direct_isolated,bimodal3d,2005,512,0.05,8,16,600,0.0005088209912189284,3.4508363247067475,20.76489300940902,187.7177734375,21.691390991210938,1.466918706893921,9435.756505435766,304855573.7868634,0.21636426672830233,2.197966329489982,252,-20.3380126953125,-21.406295776367188,-21.612079620361328,-157.2578125,-186.719970703125,-1.3573322296142578,-1.4584468007087708,0.3470318391739058,3.1994119815103454,ok,
direct_isolated,bimodal3d,2006,512,0.05,8,16,600,0.0005005337111293451,3.3487773448378966,18.783321696139225,187.2724609375,22.808456420898438,1.451535940170288,9250.666599664937,264144272.7077667,0.22432591085195477,2.183507579460647,268,-21.577987670898438,-22.526264190673828,-22.6201171875,-164.9912109375,-185.0625,-1.348020315170288,-1.4327850341796875,0.3333600530659978,3.0921630792624475,ok,
direct_isolated,bimodal3d,2007,512,0.05,8,16,600,0.0007274120207660174,3.146632407296623,14.089958191788151,178.359375,23.663818359375,1.6723594665527344,11386.004562085864,377530575.872721,0.24760169143866956,2.1718406006525734,203,-21.91143798828125,-23.15585708618164,-23.13345718383789,-132.42578125,-162.869384765625,-1.5531816482543945,-1.636393129825592,0.2557927944665359,2.7668931726873924,ok,
direct_isolated,bimodal3d,2008,512,0.05,8,16,600,0.000584311091797425,3.196670995468312,14.85073340262821,180.15234375,23.63226318359375,1.5710363388061523,10295.098608121678,308797344.74603945,0.24012825651302605,2.1156121381110906,211,-22.12607192993164,-23.21649169921875,-23.424392700195312,-141.740478515625,-176.6611328125,-1.4605575203895569,-1.5532619953155518,0.26418768970848083,2.6609419307422773,ok,
direct_isolated,bimodal3d,2009,512,0.05,8,16,600,0.00058306426992841,3.271511269937538,17.431679368027616,183.572021484375,24.34951400756836,1.6382431387901306,10407.017148335359,299028168.0190613,0.2435702536036984,2.2162771836254542,226,-22.969402313232422,-23.9525146484375,-24.07171630859375,-153.557373046875,-178.43359375,-1.5290324091911316,-1.6133642196655273,0.3339128986056096,2.8380336548447693,ok,
direct_isolated,bimodal3d,2010,512,0.05,8,16,600,0.000611739105720934,3.236075848286193,16.814074521968003,188.388427734375,24.75973129272461,1.621520459651947,11026.000066832348,408202966.37341887,0.2449221106693687,2.176581932863126,246,-23.27633285522461,-24.29317855834961,-24.503570556640625,-153.732177734375,-183.978515625,-1.5109400153160095,-1.6015572547912598,0.3207890832496847,2.837081065494316,ok,
direct_isolated,bimodal3d,2011,512,0.05,8,16,600,0.0006516639298717914,3.0086611313690024,12.847782675660989,184.453125,23.855224609375,1.5131797790527344,10157.326205464584,296202801.37533665,0.2333854018744675,2.080599964071833,219,-22.36212158203125,-23.423828125,-23.59698486328125,-146.76953125,-179.30078125,-1.3973207473754883,-1.4911394119262695,0.2863344631680861,2.5434743297809286,ok,
direct_isolated,bimodal3d,2012,512,0.05,8,16,600,0.000583503374330538,3.199119707699685,14.351598160374552,182.421875,24.464599609375,1.4897422790527344,10113.480215339448,287573956.56680775,0.23460033450093093,2.150279010502152,234,-22.78653335571289,-23.919315338134766,-24.127212524414062,-138.572509765625,-172.2666015625,-1.381704866886139,-1.4634134769439697,0.259654948295829,2.4980396715686726,ok,
direct_isolated,bimodal3d,2013,512,0.05,8,16,600,0.000525890021472402,3.1390592044342904,15.353443400421785,177.4287109375,23.402206420898438,1.516477346420288,9138.703789408153,247489239.5509857,0.22761319610221892,2.1057748026984804,208,-21.857990264892578,-23.028644561767578,-23.167987823486328,-139.927001953125,-174.798095703125,-1.4112637639045715,-1.4997866749763489,0.3050100049202099,2.942177763279563,ok,
direct_isolated,bimodal3d,2014,512,0.05,8,16,600,0.0004939793161771685,3.211673882434657,15.694968894593583,183.191162109375,23.232234954833984,1.371273934841156,9051.52799296643,271322336.5961001,0.2164937922363665,2.1103089347526853,211,-21.7569580078125,-22.908721923828125,-23.010162353515625,-146.8828125,-179.431640625,-1.2527942657470703,-1.3537354469299316,0.3110670700002536,2.848000098519363,ok,
direct_isolated,bimodal3d,2015,512,0.05,8,16,600,0.0005648007048874679,3.2619204328009976,15.49571212649897,181.40234375,22.79241943359375,1.4973058700561523,10262.674241449033,340409447.3024678,0.2271503006012024,2.126984274327874,219,-21.15594482421875,-22.414920806884766,-22.40789794921875,-139.73046875,-177.01171875,-1.389277458190918,-1.466517448425293,0.2885194452151625,2.700110311597113,ok,
direct_isolated,bimodal3d,2016,512,0.05,8,16,600,0.0006133590792586152,3.16197272491596,16.22856516508966,187.509521484375,23.04873275756836,1.5449814200401306,10292.8779455651,293428787.28907245,0.23309243710581504,2.149917852415601,190,-21.649089813232422,-22.70208740234375,-22.958831787109375,-152.807373046875,-186.427734375,-1.4343058466911316,-1.535062313079834,0.29824299669586374,2.895530781068539,ok,
direct_isolated,bimodal3d,2017,512,0.05,8,16,600,0.0005288016831440189,3.330204951282172,18.85695410755082,179.62109375,21.74163818359375,1.4611730575561523,10217.059004473569,294978501.5071276,0.2354549098196393,2.1491550419815595,191,-20.483036041259766,-21.478103637695312,-21.652347564697266,-150.054931640625,-178.609619140625,-1.3572483658790588,-1.4512634873390198,0.3277548395625094,2.8976672824167284,ok,
direct_isolated,bimodal3d,2018,512,0.05,8,16,600,0.0006194360164124331,3.0973025604570874,13.844355795120475,183.078125,22.140380859375,1.4160118103027344,9439.888684614518,296222694.9110396,0.21586354886553694,2.0938240889000057,224,-20.654190063476562,-21.69464111328125,-21.932510375976562,-143.6806640625,-181.1494140625,-1.3069136142730713,-1.3962843418121338,0.2553670335217453,2.649717403013892,ok,
direct_isolated,bimodal3d,2019,512,0.05,8,16,600,0.0005531210191956284,3.2524118452206636,16.22335056191076,180.433349609375,24.204769134521484,1.5833081603050232,9558.304019295847,232906514.59350595,0.23708743554608602,2.182292741335695,221,-22.695140838623047,-23.7764892578125,-23.911571502685547,-139.379638671875,-175.699951171875,-1.47860449552536,-1.5577918887138367,0.3013834757328221,2.834627031069128,ok,
direct_isolated,bimodal3d,2020,512,0.05,8,16,600,0.0005246502812577163,3.343649913350512,17.889916955923464,180.923583984375,22.31399154663086,1.4799122214317322,9792.466664689884,261269967.94474533,0.2276566866267465,2.1719818118714307,242,-20.985748291015625,-21.92303466796875,-22.14803695678711,-151.775390625,-178.771240234375,-1.3748993873596191,-1.4630979895591736,0.3187160619988689,2.8661530383047396,ok,
direct_isolated,bimodal3d,2021,512,0.05,8,16,600,0.0006490582958140713,3.1189742384041685,14.154515533973758,184.296875,24.413818359375,1.6171836853027344,10621.578620600027,271734293.9887924,0.24953453879895232,2.146692504465367,205,-22.603397369384766,-23.94791030883789,-24.205093383789062,-136.508056640625,-181.2822265625,-1.504453718662262,-1.596588373184204,0.2634423059500377,2.4540394225376887,ok,
direct_isolated,bimodal3d,2022,512,0.05,8,16,600,0.0005841204825295779,3.245943899734374,16.51787479074614,183.6318359375,22.577743530273438,1.4215028285980225,10262.766989263462,324355564.9145459,0.22791071243966252,2.1459989153080765,233,-21.246688842773438,-22.235004425048828,-22.3291015625,-151.5068359375,-177.90625,-1.309945821762085,-1.3998565673828125,0.3280270800184403,3.113156639288025,ok,
direct_isolated,bimodal3d,2023,512,0.05,8,16,600,0.0005878571393538321,3.126695977559228,15.280504480591045,187.6787109375,24.527206420898438,1.537473440170288,10460.027089138885,305750922.0936401,0.23850819864595155,2.112720443358201,213,-23.120838165283203,-24.156818389892578,-24.343612670898438,-150.811767578125,-184.8349609375,-1.428554356098175,-1.518186330795288,0.3075151172900843,2.733062208954022,ok,
direct_isolated,bimodal3d,2024,512,0.05,8,16,600,0.000699093484433654,2.923385614415804,9.926231655585356,178.384521484375,22.04482650756836,1.4566025137901306,10543.27222174729,336978110.3408804,0.2252028907547302,2.037520547498145,204,-20.39288330078125,-21.470378875732422,-21.13082504272461,-133.89453125,-160.732177734375,-1.344944953918457,-1.411254346370697,0.28859156440553424,2.4463000831329524,ok,
direct_isolated,bimodal3d,2025,512,0.05,8,16,600,0.0005913520521565231,3.4647666602094045,21.559767294305257,184.021240234375,23.90682601928711,1.617593228816986,10654.423087204064,293515459.7213533,0.24554329721796203,2.244931038923918,209,-22.825775146484375,-23.67788314819336,-23.762451171875,-163.162109375,-182.578125,-1.5182738304138184,-1.6033439636230469,0.405492457861356,3.3211225418851997,ok,
direct_isolated,bimodal3d,2026,512,0.05,8,16,600,0.0004933936566106131,3.3714212888892248,19.740934471560028,189.120849609375,24.739925384521484,1.5374097228050232,9542.788463838147,271420597.56470513,0.2276302345290805,2.183189955927255,233,-23.513423919677734,-24.445018768310547,-24.579376220703125,-158.499755859375,-187.642578125,-1.4394492506980896,-1.5217480659484863,0.34498729326148003,3.2529111110022355,ok,
direct_isolated,bimodal3d,2027,512,0.05,8,16,600,0.0004985433122866152,3.1280391420189693,13.643381458358425,184.703125,22.941162109375,1.4228477478027344,9466.024647281505,292776489.3087901,0.2191059989270725,2.049510005708185,229,-21.322525024414062,-22.52353286743164,-22.605224609375,-146.8603515625,-181.453125,-1.3082621097564697,-1.3916587829589844,0.2705861805122628,2.5526655396341713,ok,
direct_isolated,bimodal3d,2028,512,0.05,8,16,600,0.0006571845638611782,2.9791403656071043,11.519314622755005,188.234375,25.269287109375,1.6552696228027344,11474.700067897742,371161297.3765099,0.25270598630439584,2.0678887474506213,212,-23.529800415039062,-24.712223052978516,-24.749210357666016,-146.5947265625,-170.621337890625,-1.5401995182037354,-1.6224547028541565,0.27169801972328356,2.5717821503267775,ok,
direct_isolated,bimodal3d,2029,512,0.05,8,16,600,0.0005931700098794425,3.130281078068223,15.331776314756327,178.878662109375,23.865047454833984,1.497250497341156,9818.300807782658,288690074.1423793,0.23246110325318245,2.144045735951001,200,-22.360626220703125,-23.544734954833984,-23.719921112060547,-151.955078125,-177.371826171875,-1.3817944526672363,-1.483264148235321,0.32293718036673325,2.8108438032875953,ok,
direct_isolated,cold_clumpy3d,2000,512,0.05,8,16,600,0.00023681774528862715,0.00609529918548469,0.7330926838215317,563.84375,59.03125,2.55615234375,15389.912785468261,583720206.9938613,0.18951810176125244,0.08855218047052929,208,-0.15234375,17.4921875,8.064266204833984,108.90625,1049.066162109375,2.59130859375,2.226742684841156,-0.2135497785749853,-0.322103226558413,ok,
direct_isolated,cold_clumpy3d,2001,512,0.05,8,16,600,8.568934467129873e-05,0.006238861464330249,0.6434033533871601,540.9375,56.82421875,2.4638671875,16319.920212524801,666409741.2880143,0.19395181017612526,0.08776751957088424,219,10.53515625,-8.3046875,11.983139038085938,362.9375,633.9208984375,2.7431640625,1.4971730709075928,-0.09663159537576038,-0.4148921359654465,ok,
direct_isolated,cold_clumpy3d,2002,512,0.05,8,16,600,0.00013429240559152436,0.006225122082807567,0.7445942580718448,431.0,38.98046875,2.34912109375,15735.74548655589,657193376.8348465,0.189135885518591,0.08781794909324676,120,31.6015625,22.332015991210938,33.572021484375,268.34375,664.453125,2.47119140625,1.5565452575683594,-0.1124909420155843,-0.5585047711092925,ok,
direct_isolated,cold_clumpy3d,2003,512,0.05,8,16,600,0.00013327175121391035,0.006271538723946582,0.6063135023731594,507.25,37.5625,2.44482421875,15102.252728467829,636961428.5326142,0.18938814823874756,0.08754558574255963,156,24.95703125,33.59765625,13.6748046875,385.40625,395.4375,2.21826171875,1.9692230224609375,-0.07652595119797811,-0.3823449698455145,ok,
direct_isolated,cold_clumpy3d,2004,512,0.05,8,16,600,0.000300526742977853,0.005209595559216343,0.7344437152251154,601.8125,58.19140625,3.17138671875,16693.310892437825,700151754.7429789,0.2104100415851272,0.08484090332197589,311,14.1796875,62.56634521484375,17.62542724609375,144.59375,144.99609375,2.19189453125,0.9469060897827148,-0.07465451762225578,-0.36339565941708246,ok,
direct_isolated,cold_clumpy3d,2005,512,0.05,8,16,600,0.00016631341149385485,0.006316159836455426,0.8947175640496636,497.90625,41.8046875,2.49658203125,15936.206369332493,622586440.3500533,0.19090172455968688,0.08997527019758744,173,13.09375,61.875,79.14585876464844,102.9375,673.5849609375,0.50634765625,0.7608239650726318,-0.12265762617876885,-0.3993663684413279,ok,
direct_isolated,cold_clumpy3d,2006,512,0.05,8,16,600,0.0005128831870802105,0.005911826263118831,0.7957176844609161,500.03125,48.69921875,2.42236328125,15837.388724114422,635832719.9490969,0.1923312133072407,0.08546838746387654,146,40.4609375,46.95703125,33.82931137084961,587.96875,338.404052734375,2.541015625,3.6116823554039,-0.12169200417103287,-0.5509740699114186,ok,
direct_isolated,cold_clumpy3d,2007,512,0.05,8,16,600,0.00017181359990026276,0.00578673705582612,0.6954895164913869,623.53125,44.81640625,2.50146484375,16348.526280475924,649655730.152902,0.19556476272015655,0.08823730684265649,200,28.28125,57.806636810302734,35.31195068359375,274.53125,450.08984375,2.55224609375,2.4645910263061523,-0.12044824600957432,-0.43718596572552904,ok,
direct_isolated,cold_clumpy3d,2008,512,0.05,8,16,600,0.00030052326489038087,0.005490163141362349,0.6595803571424534,804.375,87.1640625,2.60595703125,16446.830101110856,539956617.4734391,0.2557561766144814,0.08792560068230164,138,-4.67578125,20.1796875,-8.122940063476562,-36.0,531.1943359375,2.6103515625,1.2561967372894287,-0.05503462576125773,-0.4863118871743993,ok,
direct_isolated,cold_clumpy3d,2009,512,0.05,8,16,600,0.0002914970319839385,0.006046787131560528,0.7724648988534085,599.375,44.7265625,2.27978515625,15098.338115607752,569841887.2831736,0.19022902397260275,0.08717749426943323,219,25.26953125,27.6328125,56.40353012084961,343.84375,442.122802734375,1.93017578125,1.2220339179039001,-0.09295509993504514,-0.4660011536155009,ok,
direct_isolated,cold_clumpy3d,2010,512,0.05,8,16,600,0.0003363884396524637,0.005637267313330009,0.8853296428721164,543.34375,44.56640625,2.240234375,16615.26975251702,711609371.9758759,0.19323324363992173,0.0904417811285879,323,62.3046875,94.206787109375,72.70159912109375,1747.0,1921.68359375,4.28662109375,4.77902889251709,-0.24206118947286887,-0.32115786077257386,ok,
direct_isolated,cold_clumpy3d,2011,512,0.05,8,16,600,0.00022496944791796833,0.005431833331542236,0.7274208918960571,630.46875,56.76953125,2.1494140625,16036.269645141034,666007984.6653987,0.19272107387475537,0.08517129066155912,184,31.30859375,4.97265625,13.51321029663086,168.03125,761.798583984375,2.9970703125,2.137138783931732,-0.09458010768494024,-0.40208499242270546,ok,
direct_isolated,cold_clumpy3d,2012,512,0.05,8,16,600,0.0003663313228267999,0.005387386818011213,0.910587013254889,707.90625,47.6171875,1.99658203125,14762.082507951141,529261211.8192967,0.1918037548923679,0.08593614224619786,233,141.20703125,71.51524353027344,88.29354476928711,942.5,1819.614990234375,5.6796875,1.976968228816986,-0.17876049284639228,-0.3194733984712055,ok,
direct_isolated,cold_clumpy3d,2013,512,0.05,8,16,600,0.00024825216381530417,0.0054833081762061895,0.7866261885208852,845.46875,68.78515625,2.7626953125,16026.521804214095,667676049.0100689,0.19146740459882583,0.08455138151207284,170,23.13671875,7.828125,0.427490234375,63.34375,-0.921875,5.6728515625,0.7597312927246094,-0.1658313158891731,-0.5236872943507154,ok,
direct_isolated,cold_clumpy3d,2014,512,0.05,8,16,600,0.00015116585323475464,0.0063559960005694135,0.5681759903017786,494.71875,49.30078125,2.53662109375,16057.86256233466,641632749.4413253,0.1932561766144814,0.08732681175133675,146,7.546875,4.375,18.275630950927734,41.4375,400.531005859375,1.77587890625,0.8819617629051208,-0.08742538778594722,-0.39601883124425097,ok,
direct_isolated,cold_clumpy3d,2015,512,0.05,8,16,600,8.252608966937588e-05,0.006558739800959006,0.6609998634546725,355.96875,42.95703125,2.04150390625,14609.144117871267,587413221.0196688,0.18833323140900196,0.08463334274297055,150,6.65234375,46.5390625,15.131526947021484,66.15625,408.370849609375,1.3828125,0.4837140440940857,-0.05513710192343979,-0.43679562767383817,ok,
direct_isolated,cold_clumpy3d,2016,512,0.05,8,16,600,0.00043173621172202945,0.0058085947276787135,0.9010384185709693,782.78125,51.56640625,2.51953125,14192.963462601921,527596031.16083103,0.19583231409001958,0.08515533331225644,231,5.21484375,19.203125,19.42083740234375,38.40625,173.15234375,2.7216796875,3.273604393005371,-0.09835129401384635,-0.5103745524370079,ok,
direct_isolated,cold_clumpy3d,2017,512,0.05,8,16,600,0.0002964464379224928,0.0061581320036377726,0.9042556970139494,594.09375,54.50390625,2.04931640625,14313.656995020458,510580784.08034337,0.18961747798434442,0.08831422420664886,203,-8.05859375,21.30078125,27.8271484375,62.8125,490.21875,2.91162109375,3.6757659912109375,-0.09609821341652469,-0.507436857751739,ok,
direct_isolated,cold_clumpy3d,2018,512,0.05,8,16,600,0.0005290883705079249,0.0061166758696028,0.8038590173512778,485.1875,44.80859375,2.5029296875,16024.736037685792,675787477.5942776,0.1922777030332681,0.08613427020310901,201,11.640625,29.484375,28.12200927734375,30.5,852.08984375,2.396484375,2.002638816833496,-0.06822570241266324,-0.5281617860511458,ok,
direct_isolated,cold_clumpy3d,2019,512,0.05,8,16,600,0.0003178845463923751,0.0053061282342407754,0.7866237918396478,828.53125,53.12109375,2.4169921875,15560.42483207292,592677899.6431522,0.2116484222113503,0.08897182846753399,233,24.9765625,69.58203125,28.743282318115234,698.9375,217.210693359375,2.74560546875,2.0338611006736755,-0.20003325751672485,-0.3650416710892219,ok,
direct_isolated,cold_clumpy3d,2020,512,0.05,8,16,600,0.00026734989811052785,0.004789486715337225,0.7416516383552691,514.65625,34.38671875,2.15966796875,16407.95724140113,662362543.3689141,0.218482448630137,0.08705090790707709,404,178.61328125,150.51739120483398,114.07531356811523,2610.5625,1464.085693359375,6.38134765625,3.7682361006736755,-0.24092033600951035,-0.2646730555607665,ok,
direct_isolated,cold_clumpy3d,2021,512,0.05,8,16,600,0.00022744406522954885,0.006207120212096237,0.6935104851865925,645.4375,60.70703125,2.62841796875,16373.421833167327,664016981.9787041,0.19187255381604695,0.08822350862265557,166,57.5546875,66.65232849121094,23.06557846069336,526.3125,681.743896484375,6.5322265625,1.3026298880577087,-0.12515202878783005,-0.48241276873025357,ok,
direct_isolated,cold_clumpy3d,2022,512,0.05,8,16,600,0.0004396133249830088,0.0059128874314970225,1.0314907803693678,637.3125,64.1875,2.33544921875,15754.052111373261,656040596.01771,0.191673801369863,0.08671781022273949,144,3.35546875,7.685512542724609,72.04502868652344,-94.5625,1104.2255859375,2.5244140625,4.793794393539429,-0.11370502458529974,-0.5216044334032508,ok,
direct_isolated,cold_clumpy3d,2023,512,0.05,8,16,600,0.00017998954626081078,0.005835103760775425,0.6490773465061023,505.75,48.5703125,2.25732421875,15238.232361919112,564066720.0002384,0.18906708659491195,0.08639381034315424,265,16.4453125,25.0390625,42.45852279663086,338.8125,417.486083984375,2.2021484375,2.906670033931732,-0.1359162300113072,-0.17730419118156143,ok,
direct_isolated,cold_clumpy3d,2024,512,0.05,8,16,600,0.00023791486568085804,0.006035384758652394,0.6235119277275728,499.25,45.21875,2.287109375,15011.251351176463,549360017.6174158,0.1884784735812133,0.08567487178547802,177,4.421875,23.375,56.80599594116211,-34.65625,599.568115234375,1.90869140625,2.359425961971283,-0.09832118956760116,-0.30961830741480645,ok,
direct_isolated,cold_clumpy3d,2025,512,0.05,8,16,600,0.0006210709210046709,0.00692732707731905,0.9948796884495203,525.46875,47.18359375,2.6318359375,16767.950323802957,706010896.2159622,0.1906188845401174,0.09096515276500969,117,23.94921875,16.703125,100.88061141967773,91.21875,746.249755859375,2.369140625,3.1862754225730896,-0.05031461435693663,-0.6788006551830343,ok,
direct_isolated,cold_clumpy3d,2026,512,0.05,8,16,600,9.408672931973504e-05,0.006106004394487093,0.7312758713088641,541.09375,50.01953125,3.009765625,15376.155257923201,590068140.4819891,0.19036662181996086,0.08894897832891381,218,4.0390625,9.04879379272461,6.836208343505859,-0.59375,287.345458984375,1.03466796875,0.947300374507904,-0.13049494086342978,-0.3358939231380792,ok,
direct_isolated,cold_clumpy3d,2027,512,0.05,8,16,600,1.1774743092131691e-05,0.006042166270332674,0.7118745963585537,557.65625,53.48828125,2.84130859375,15106.607648960662,552508527.8108845,0.19003791585127203,0.08803323503210012,153,9.11328125,3.46484375,2.0510520935058594,-45.71875,511.657958984375,1.5029296875,0.03567928075790405,-0.08145327951477477,-0.4095410082873877,ok,
direct_isolated,cold_clumpy3d,2028,512,0.05,8,16,600,0.0007055179595353904,0.0056298976758593815,0.9846217592738936,549.96875,59.6640625,2.369140625,15400.825656388639,614858472.64918,0.19071061643835616,0.08540302287185284,182,3.8125,30.41015625,5.407558441162109,123.625,172.849365234375,3.05126953125,2.562550961971283,-0.11198157728180413,-0.40401295894466294,ok,
direct_isolated,cold_clumpy3d,2029,512,0.05,8,16,600,0.00024390009327933778,0.00576431038434446,0.6590637619038362,585.96875,66.14453125,2.61669921875,15507.609931991981,588892735.7164469,0.19282045009784735,0.0893566153860103,264,-8.58984375,1.5408287048339844,-18.77524185180664,4.1875,-100.599853515625,2.45654296875,0.26947253942489624,-0.1415615364663244,-0.17150688969042338,ok,
direct_isolated,hernquist3d,2000,512,0.05,8,16,600,0.023784807133268897,1.9951573096948896,1.9914356382683505,138.009521484375,9.58877182006836,0.4262832999229431,4504.5782427774975,245217221.78989238,0.11777489200434633,1.2351036999774618,256,-3.6991233825683594,-3.963298797607422,-3.83880615234375,-33.759521484375,-38.68359375,-0.22488254308700562,-0.2190999984741211,0.10745879847962736,0.6405166364535564,ok,
direct_isolated,hernquist3d,2001,512,0.05,8,16,600,0.0002910493091437589,2.2477517782429013,2.5556329242898963,121.6865234375,6.4902191162109375,0.3169858455657959,2338.3588984806242,130066883.03406075,0.0823404927787168,1.232648806270671,287,-2.815143585205078,-3.884754180908203,-3.690052032470703,-36.591064453125,-78.678955078125,-0.16492778062820435,-0.19825154542922974,0.1600428945646135,1.195706656496855,ok,
direct_isolated,hernquist3d,2002,512,0.05,8,16,600,0.0014065827423126527,2.0461912659942283,2.0815728068665793,131.880615234375,8.68783187866211,0.36557525396347046,3177.1565234539885,148437905.51548648,0.11177970423253442,1.1913059319689139,247,-3.426738739013672,-0.5711479187011719,-1.5399436950683594,-20.826904296875,14.896728515625,-0.16862457990646362,-0.18260043859481812,0.1290005757167227,0.9244473665171908,ok,
direct_isolated,hernquist3d,2003,512,0.05,8,16,600,0.00023814007160595998,2.2568492710199197,2.532198844659059,124.2880859375,7.4727630615234375,0.2832047939300537,2271.1739904598076,145469526.59869534,0.08937726695336771,1.2058158291172065,261,-4.164875030517578,-5.078876495361328,-3.7413787841796875,-40.630126953125,-55.8232421875,-0.14433032274246216,-0.16520953178405762,0.13581286199648313,1.0001965335538427,ok,
direct_isolated,hernquist3d,2004,512,0.05,8,16,600,0.0003033563899537942,1.724415380799151,1.5945953400977904,162.7568359375,10.060165405273438,0.5029542446136475,4270.900255529472,265299118.96053514,0.12761395487012567,1.1775808528049674,253,-0.6871337890625,-1.1843452453613281,-0.4556732177734375,-11.5703125,-26.2880859375,-0.15178871154785156,-0.10074782371520996,0.06892804854830259,0.20130398426449003,ok,
direct_isolated,hernquist3d,2005,512,0.05,8,16,600,0.00025325598511558955,2.29307095372919,2.6146590339815123,121.4375,8.3779296875,0.3810882568359375,2849.60141313504,154469371.71018648,0.10111361213126407,1.242217846826669,254,-4.38287353515625,-5.6286773681640625,-3.8134193420410156,-33.91015625,-45.668212890625,-0.2115488052368164,-0.22447115182876587,0.12754276876128423,1.2473546621153502,ok,
direct_isolated,hernquist3d,2006,512,0.05,8,16,600,0.0002796097078357335,2.3050984058334527,2.6063758869867235,121.6396484375,7.0988616943359375,0.325824499130249,2852.260709640798,147534870.7940024,0.09493884128030469,1.2248531949037884,255,-3.201904296875,-3.5873870849609375,-2.6545867919921875,-36.421875,-35.5810546875,-0.15311813354492188,-0.16367030143737793,0.15880666479581707,1.158633303292753,ok,
direct_isolated,hernquist3d,2007,512,0.05,8,16,600,0.0005011499376456389,1.7628293556857861,1.6090820258314138,150.200927734375,11.49312973022461,0.5294031500816345,4949.461359299504,216481575.20759636,0.14515805117082378,1.256260268695173,238,-3.535125732421875,-4.087871551513672,-4.117214202880859,-29.810546875,-52.048583984375,-0.2288203239440918,-0.23391765356063843,0.13718674411441661,0.3800175731183842,ok,
direct_isolated,hernquist3d,2008,512,0.05,8,16,600,0.0005677022492149898,2.137784577158827,2.238813519560344,134.052490234375,8.36483383178711,0.3531431555747986,3727.646681922406,216996590.42023006,0.10666867379196146,1.1827645829302114,253,-2.901519775390625,-4.023662567138672,-2.755596160888672,-40.634765625,-47.311279296875,-0.14457941055297852,-0.1434895396232605,0.16783755618864515,0.8321406671910324,ok,
direct_isolated,hernquist3d,2009,512,0.05,8,16,600,0.0017232021484267007,2.05191346139114,2.098699211972633,139.638427734375,9.01852035522461,0.4442285895347595,4127.579084391216,202265058.04691952,0.11826219091034673,1.2602214642045964,260,-3.0013427734375,-2.376567840576172,-1.824310302734375,-31.5859375,-31.255859375,-0.19313621520996094,-0.2056899070739746,0.13893079477081938,0.9402684547821529,ok,
direct_isolated,hernquist3d,2010,512,0.05,8,16,600,0.0026674525882755566,2.0356199645565,2.0632282607055012,140.034912109375,9.287899017333984,0.4444093108177185,4173.318745511889,192360366.31264856,0.12511992776116035,1.2554124989235698,237,-3.51629638671875,-2.562652587890625,1.0441322326660156,-37.32421875,5.590087890625,-0.17591381072998047,-0.1255616545677185,0.11918253089405823,0.8072747785085779,ok,
direct_isolated,hernquist3d,2011,512,0.05,8,16,600,0.00040144446040351337,1.8259619521459012,1.7143698869943031,135.7802734375,10.212875366210938,0.4286191463470459,3894.358772221673,192406895.60453588,0.1190498620550434,1.174917433643263,252,-3.451282501220703,-4.073566436767578,-3.0880126953125,-24.991455078125,-42.2578125,-0.09655934572219849,-0.1250934600830078,0.1108683959488917,0.7427536032928581,ok,
direct_isolated,hernquist3d,2012,512,0.05,8,16,600,0.0002288529979919845,2.275686064645879,2.56748083747884,112.364990234375,7.247646331787109,0.3516783118247986,2911.3487744391246,151056176.23149264,0.09306036429324101,1.2242328491262964,271,-3.251201629638672,-2.8141136169433594,-2.419281005859375,-27.280029296875,-38.333984375,-0.19475144147872925,-0.22163915634155273,0.17212334388535522,1.0297323924735144,ok,
direct_isolated,hernquist3d,2013,512,0.05,8,16,600,0.00138733736658856,2.0444839468152987,2.083105117017819,141.87109375,7.96429443359375,0.33891963958740234,3162.078315838263,161456810.97852182,0.09770164913195954,1.1955819590394094,269,-3.5626564025878906,-3.5998878479003906,-3.2697296142578125,-34.775634765625,-67.1376953125,-0.1482873558998108,-0.17395329475402832,0.1084109618243696,0.833122937224857,ok,
direct_isolated,hernquist3d,2014,512,0.05,8,16,600,0.0006374291986576629,2.128363096703806,2.256888989548736,110.453125,7.206787109375,0.3470420837402344,3056.2214313198533,150030957.52933484,0.09719148936170213,1.2077557264008398,273,-3.2174720764160156,-2.8904762268066406,-2.96759033203125,-31.340087890625,-48.98828125,-0.18690019845962524,-0.19193744659423828,0.1430363900628262,1.102395321167457,ok,
direct_isolated,hernquist3d,2015,512,0.05,8,16,600,0.004303542342374059,1.9844312467838354,1.9750363227348569,140.316162109375,9.569149017333984,0.4336671233177185,3747.967049640543,152765181.0747977,0.1256419662509171,1.1932403927159971,244,-2.333568572998047,-1.629852294921875,-3.2100181579589844,-24.426513671875,-44.331787109375,-0.18938559293746948,-0.19368070363998413,0.12116327399183208,0.5005014253299445,ok,
direct_isolated,hernquist3d,2016,512,0.05,8,16,600,0.0018423016478625737,1.9707590884035253,1.9472236263262206,153.075927734375,9.34664535522461,0.3787989020347595,2876.127741736376,149200150.1664159,0.10600911728139245,1.2164518644275863,270,-3.953277587890625,-4.356964111328125,-3.0187644958496094,-38.072265625,-20.997802734375,-0.18194818496704102,-0.14906638860702515,0.14276849726353963,0.677725118971856,ok,
direct_isolated,hernquist3d,2017,512,0.05,8,16,600,0.0003188031382020665,2.2035967714279603,2.4365284963969054,138.43359375,7.56634521484375,0.3429555892944336,3030.05346355213,160405726.42591882,0.08964032773225941,1.2266182040743845,275,-2.8716583251953125,-4.38671875,-3.7418861389160156,-33.9736328125,-61.933837890625,-0.16895413398742676,-0.20998674631118774,0.13891536942004556,1.1633949463858517,ok,
direct_isolated,hernquist3d,2018,512,0.05,8,16,600,0.0006652890737229183,1.8547658765303308,1.7681683333350848,136.282958984375,10.03054428100586,0.47774165868759155,4260.640969836384,197648430.01619917,0.13898908725628967,1.18295522440568,243,-2.8421287536621094,-0.7693290710449219,0.461181640625,-17.068115234375,94.203125,-0.14252227544784546,-0.18291854858398438,0.11794265360180295,0.503820084813202,ok,
direct_isolated,hernquist3d,2019,512,0.05,8,16,600,0.00023620942768701178,2.2957497696600693,2.6038545109859705,123.0771484375,7.0676116943359375,0.292133092880249,2765.3388792551887,166926001.29858354,0.08440635757708928,1.2353969946606924,263,-2.941883087158203,-3.716064453125,-2.673694610595703,-32.077392578125,-57.007080078125,-0.14835339784622192,-0.16705113649368286,0.13372797367986433,1.2896452631210558,ok,
direct_isolated,hernquist3d,2020,512,0.05,8,16,600,0.00023526081783968724,2.312928656764445,2.607367330583969,119.484375,7.845458984375,0.3257713317871094,3284.919448012432,179374721.67206293,0.09820489012689569,1.2123637099696432,253,-3.502685546875,-3.697265625,0.2884368896484375,-33.203125,4.2724609375,-0.16794967651367188,-0.13953614234924316,0.17207505327418537,1.2884981471393648,ok,
direct_isolated,hernquist3d,2021,512,0.05,8,16,600,0.00044416780475109316,1.878085281486373,1.805986041471492,145.0927734375,10.044906616210938,0.4784238338470459,3818.3778155347427,174563615.40104017,0.12421775116075634,1.215891255576161,258,-2.910022735595703,-2.511474609375,-1.7037353515625,-22.194580078125,-12.1640625,-0.15475255250930786,-0.17066383361816406,0.14394316836148546,0.4305717836557146,ok,
direct_isolated,hernquist3d,2022,512,0.05,8,16,600,0.0009940353364301675,1.9093546302772761,1.841765477415383,150.21875,10.01171875,0.46728515625,3995.815447258911,191089254.14328003,0.12232104003481288,1.2082351395882205,256,-3.9678688049316406,-4.591159820556641,-2.6652984619140625,-33.084228515625,-31.9541015625,-0.22902065515518188,-0.21004128456115723,0.09065298680538475,0.46837284491553105,ok,
direct_isolated,hernquist3d,2023,512,0.05,8,16,600,0.0008983713872625233,1.908234613611848,1.8503328351039081,152.05859375,10.01947021484375,0.4749135971069336,3947.266919163717,188989920.03983647,0.12054130371080743,1.1913856277712762,256,-2.46893310546875,-1.0105743408203125,-1.9185523986816406,-29.76171875,17.072021484375,-0.17132854461669922,-0.20993953943252563,0.10468989229571579,0.5989217242065659,ok,
direct_isolated,hernquist3d,2024,512,0.05,8,16,600,0.00011813675957825196,1.7217829801772901,1.5826181264351789,144.734130859375,10.446285247802734,0.4426726698875427,3781.7060958989387,193599030.52302337,0.12546307055076347,1.153940915862818,252,-2.6418418884277344,0.3355598449707031,-2.3501548767089844,-9.843505859375,9.480712890625,-0.12102121114730835,-0.12641233205795288,0.0869402523861465,0.4227918396181282,ok,
direct_isolated,hernquist3d,2025,512,0.05,8,16,600,0.00021457115729406895,2.3376276538373295,2.7978696088631145,120.179443359375,8.162227630615234,0.36029237508773804,2449.423483146568,130095008.75901143,0.09929892777188641,1.268473409631756,260,-4.583953857421875,-5.822521209716797,-5.19091796875,-31.904296875,-66.15625,-0.2221369743347168,-0.25713348388671875,0.17831680171552466,1.2913657254058506,ok,
direct_isolated,hernquist3d,2026,512,0.05,8,16,600,0.0011464934401992238,2.074447386068147,2.1515217385298344,147.7177734375,9.205062866210938,0.3721616268157959,3248.6298252703627,150541883.55509064,0.10505558532932074,1.2654176523126441,267,-5.028369903564453,-5.305927276611328,-3.5041351318359375,-42.018798828125,-42.6083984375,-0.21073991060256958,-0.19714713096618652,0.1326043438404983,0.9685444169584527,ok,
direct_isolated,hernquist3d,2027,512,0.05,8,16,600,0.0003691641165956803,1.832612519801051,1.7458104362708928,124.9365234375,9.560531616210938,0.4727475643157959,4037.7403482894556,152766834.10141712,0.12925478556018194,1.1828715187810288,246,-1.8151435852050781,1.8372917175292969,3.431346893310547,-10.622314453125,94.778076171875,-0.07850199937820435,-0.1671188473701477,0.13546848247324017,0.6665837998081837,ok,
direct_isolated,hernquist3d,2028,512,0.05,8,16,600,0.000477807160074106,1.8849570845311987,1.8266764018091957,139.027099609375,9.824886322021484,0.4723309874534607,4047.872356074519,169834289.9318417,0.1287843137254902,1.1589313329121615,239,-1.734130859375,-0.4494590759277344,1.3774909973144531,-15.484375,63.643798828125,-0.10583114624023438,-0.14757460355758667,0.0941421354845346,0.4984618507674469,ok,
direct_isolated,hernquist3d,2029,512,0.05,8,16,600,0.01161745700699427,1.9921871874026158,1.9852206649438304,145.263427734375,8.69234848022461,0.4004969000816345,3752.5091548452438,255110940.42805895,0.09268854346574554,1.2119131629518263,268,-2.9212646484375,-3.233428955078125,-4.235561370849609,-34.5859375,-55.122802734375,-0.19139671325683594,-0.22496360540390015,0.1452545908474166,0.8425759386335201,ok,
direct_isolated,plummer3d,2000,512,0.05,8,16,600,0.0004109866150857117,1.7765667988853515,1.5130333171687367,344.77734375,22.58441162109375,0.7243413925170898,3330.92263404346,142012532.98355326,0.14282284370705214,1.5433344172487942,312,-14.938175201416016,-14.93035888671875,-14.394535064697266,-166.496337890625,-172.515869140625,-0.49656206369400024,-0.4908753037452698,0.1917017402448865,0.23828198283748603,ok,
direct_isolated,plummer3d,2001,512,0.05,8,16,600,0.0004527429842516005,1.850790134600864,1.6877620038275045,325.5458984375,20.893295288085938,0.5704152584075928,2231.279433091377,135523801.78330636,0.11407477970945464,1.5337426361899833,314,-14.145160675048828,-16.9322509765625,-12.799118041992188,-135.712158203125,-133.9560546875,-0.35367804765701294,-0.36099696159362793,0.1887642870026251,0.20340548601927017,ok,
direct_isolated,plummer3d,2002,512,0.05,8,16,600,0.0002822019028127919,1.759767167086347,1.4978836987555961,310.167724609375,21.882747650146484,0.6515187621116638,2778.491528321784,125297621.16244441,0.13026752489188373,1.4834914177199923,304,-14.335445404052734,-13.2685546875,-13.516536712646484,-109.015380859375,-127.948974609375,-0.424827516078949,-0.3789510130882263,0.1843669825947052,0.2754596668328935,ok,
direct_isolated,plummer3d,2003,512,0.05,8,16,600,0.0005344672693552551,1.8686507813856061,1.7091661511802834,297.935302734375,20.42061996459961,0.5463976263999939,2285.537209559584,127130221.23603815,0.11891446096750084,1.4963399163991848,328,-14.00750732421875,-14.983989715576172,-13.424041748046875,-135.26171875,-124.482421875,-0.33654308319091797,-0.3495821952819824,0.19615469106817662,0.236156408321058,ok,
direct_isolated,plummer3d,2004,512,0.05,8,16,600,0.0001823117597976941,1.5886641900321323,1.2820174338331827,347.491943359375,25.508907318115234,0.7784900069236755,3656.6804141583966,144668066.70701277,0.1560329720257026,1.4777375906496695,311,-13.727657318115234,-11.659435272216797,-13.4337158203125,-106.585693359375,-158.2890625,-0.40892213582992554,-0.4066181182861328,0.12139305566627101,0.111121362942121,ok,
direct_isolated,plummer3d,2005,512,0.05,8,16,600,0.001031596224140184,1.914475537575709,1.7744418247326381,319.349365234375,20.48958969116211,0.616261899471283,2465.899897943272,132630342.03914666,0.11645781522885128,1.5583858974653624,334,-14.21834945678711,-17.37728500366211,-14.75228500366211,-149.458740234375,-155.411865234375,-0.4142088294029236,-0.43524688482284546,0.2230142061474244,0.46980325110037374,ok,
direct_isolated,plummer3d,2006,512,0.05,8,16,600,0.000910328791473918,1.918212519382873,1.8014011357241047,305.93359375,20.64300537109375,0.5934820175170898,2415.3760496103623,129924783.74188662,0.11812627291242363,1.5427037486840187,330,-14.583805084228516,-14.50430679321289,-13.83432388305664,-139.160400390625,-158.318603515625,-0.37505823373794556,-0.374028742313385,0.20778328676792623,0.37725453333805015,ok,
direct_isolated,plummer3d,2007,512,0.05,8,16,600,0.0002780191909997838,1.635539351795812,1.2776871112587929,341.429443359375,24.422969818115234,0.7980212569236755,3764.465548900578,132107637.44852914,0.15976504186408774,1.5480762253693372,315,-13.451141357421875,-15.453887939453125,-13.897823333740234,-135.123046875,-180.163818359375,-0.4812312126159668,-0.44978898763656616,0.14554185929933097,0.15818736125671443,ok,
direct_isolated,plummer3d,2008,512,0.05,8,16,600,0.00040999663335648914,1.8205413252195477,1.6197939930238445,308.2255859375,21.681747436523438,0.6106889247894287,2731.221734547507,139954002.20873973,0.12562914736446726,1.5010999554192601,316,-13.921894073486328,-14.187397003173828,-11.600692749023438,-141.829345703125,-123.2255859375,-0.3675845265388489,-0.3513047695159912,0.18791158535066527,0.2503978190839387,ok,
direct_isolated,plummer3d,2009,512,0.05,8,16,600,0.00046345245851596645,1.8094241460933025,1.558914204156528,320.068115234375,23.63412094116211,0.703175961971283,3023.68496824615,129919892.21464592,0.13658642586377576,1.574824731936338,328,-16.688751220703125,-16.57265853881836,-15.79061508178711,-160.236328125,-140.052490234375,-0.45113039016723633,-0.4805845618247986,0.20708201207304655,0.30729116013310515,ok,
direct_isolated,plummer3d,2010,512,0.05,8,16,600,0.0006109485628232864,1.8177001894471878,1.5801116801823232,330.583740234375,22.44588851928711,0.6673979163169861,3191.2030530575084,149155014.2022587,0.14183941028051253,1.557428084865207,322,-14.94384765625,-14.35824203491211,-13.48260498046875,-159.65625,-175.07421875,-0.39402008056640625,-0.4230680465698242,0.1977099602181796,0.30728613501531227,ok,
direct_isolated,plummer3d,2011,512,0.05,8,16,600,0.000208122426333776,1.6188063919011741,1.2698964923076694,342.0,22.6044921875,0.7206878662109375,3191.985054157465,137822175.18886662,0.13976865428478333,1.4708934855647502,322,-13.28146743774414,-11.983642578125,-12.119400024414062,-147.592041015625,-118.1103515625,-0.4073825478553772,-0.4166605472564697,0.1654519306746945,0.16841909517268305,ok,
direct_isolated,plummer3d,2012,512,0.05,8,16,600,0.000559302543128207,1.8733940560327247,1.7104382063920114,304.2958984375,19.252670288085938,0.5860402584075928,2340.2357630709703,119220090.48470178,0.11292508068423517,1.5219127281336815,322,-11.389545440673828,-14.372730255126953,-11.925537109375,-132.290283203125,-166.015625,-0.33625632524490356,-0.3768882751464844,0.1665799810578365,0.29540093481379015,ok,
direct_isolated,plummer3d,2013,512,0.05,8,16,600,0.00022785171288692787,1.7426299810652608,1.4312452363372206,317.105224609375,22.734310150146484,0.6139211058616638,2579.624434057584,132723892.9173235,0.12692346374333702,1.489249974555998,300,-15.195507049560547,-15.994579315185547,-15.916011810302734,-134.496826171875,-162.827880859375,-0.36172789335250854,-0.3892211318016052,0.1967621869825093,0.24826772306050676,ok,
direct_isolated,plummer3d,2014,512,0.05,8,16,600,0.0003521343947467704,1.7753174353277184,1.5147963281140984,316.8583984375,20.093002319335938,0.614124059677124,2475.9019647545283,134868910.6463808,0.11682141039005114,1.5107263433508074,359,-13.885334014892578,-14.211933135986328,-12.599994659423828,-157.927001953125,-180.196533203125,-0.38562899827957153,-0.3617003560066223,0.2054931199276956,0.24942721174844146,ok,
direct_isolated,plummer3d,2015,512,0.05,8,16,600,0.00038385029321654526,1.7630093772481992,1.5096837181204559,314.6162109375,23.337265014648438,0.7305505275726318,3189.596174528539,132661400.10387501,0.14220864621781001,1.4986890421487498,303,-13.405536651611328,-14.119220733642578,-14.222949981689453,-108.782470703125,-170.190673828125,-0.445453941822052,-0.4786117672920227,0.1809621187804651,0.21577578375642642,ok,
direct_isolated,plummer3d,2016,512,0.05,8,16,600,0.00024181596916913559,1.7245665601467564,1.416598709876153,326.90234375,23.75628662109375,0.6828374862670898,2824.6102546187462,127015907.97941959,0.1375656119086649,1.4978249301542643,318,-16.41971206665039,-15.492069244384766,-15.017276763916016,-138.814697265625,-162.746337890625,-0.43529945611953735,-0.44677263498306274,0.1945679690192551,0.23142177843289702,ok,
direct_isolated,plummer3d,2017,512,0.05,8,16,600,0.0005222911217410079,1.8562396259937217,1.6516426914011169,303.552490234375,22.23495101928711,0.6151518225669861,2661.280111888728,124573666.21216327,0.12181929121522453,1.5293376280733877,316,-16.60723876953125,-18.26641845703125,-16.320293426513672,-134.05078125,-159.670654296875,-0.4165925979614258,-0.4416806101799011,0.23018146027279074,0.2769742062846613,ok,
direct_isolated,plummer3d,2018,512,0.05,8,16,600,0.0002863503317822706,1.6568511981827283,1.3668575508336103,296.28125,21.2255859375,0.7558441162109375,3281.4694302943503,137574939.5071638,0.13737373737373737,1.4631986594929312,304,-12.19537353515625,-9.918827056884766,-8.26373291015625,-113.72265625,-53.56640625,-0.4671030044555664,-0.4176950454711914,0.1692229546110124,0.1931690064557599,ok,
direct_isolated,plummer3d,2019,512,0.05,8,16,600,0.0006301125226089546,1.881346925446899,1.720968157434819,310.08984375,20.99066162109375,0.5651617050170898,2292.4223901172463,148238272.55330902,0.11376318447502194,1.5364096664150597,342,-14.602603912353516,-16.47031021118164,-13.830326080322266,-143.019775390625,-172.718994140625,-0.3453837037086487,-0.3743935227394104,0.22372935314303144,0.26535053617591287,ok,
direct_isolated,plummer3d,2020,512,0.05,8,16,600,0.0009246179563219338,1.932665445761484,1.846089234136188,307.279052734375,19.83858871459961,0.6010851263999939,2465.5503785831356,127127429.44006895,0.11907768700119413,1.5127961873840203,315,-13.833404541015625,-13.09503173828125,-11.237285614013672,-159.181640625,-142.764404296875,-0.38222360610961914,-0.3843533396720886,0.22780741583333602,0.3188642888831576,ok,
direct_isolated,plummer3d,2021,512,0.05,8,16,600,0.0002431217924114742,1.6910501026282827,1.4193463409792788,331.132568359375,25.739131927490234,0.7913035750389099,3314.368257723019,128003252.43546495,0.14661595714227293,1.5169356730458956,328,-14.934703826904297,-13.635101318359375,-12.944488525390625,-138.961669921875,-110.072265625,-0.45756739377975464,-0.4499382972717285,0.16413306869652142,0.177129184306798,ok,
direct_isolated,plummer3d,2022,512,0.05,8,16,600,0.00032547415952259714,1.7131951876965392,1.3813678479005855,319.65234375,23.79925537109375,0.7570562362670898,3258.3332904806844,130879606.56430972,0.14424684980047356,1.5237161188121586,325,-15.85498046875,-15.39910888671875,-14.059940338134766,-132.25,-119.383056640625,-0.49370574951171875,-0.5021877884864807,0.1881141756743096,0.2399501192397605,ok,
direct_isolated,plummer3d,2023,512,0.05,8,16,600,0.00027602752647368884,1.712449343189139,1.4435446969676726,326.882568359375,24.114131927490234,0.7786082625389099,3338.500875442944,142151689.69312286,0.14417044943360732,1.4950437221244472,305,-15.426204681396484,-14.636016845703125,-12.833919525146484,-131.167724609375,-157.542724609375,-0.48502248525619507,-0.4660024046897888,0.18145174951695736,0.1840301883768916,ok,
direct_isolated,plummer3d,2024,512,0.05,8,16,600,0.00011332065481547667,1.5446993811295087,1.232772866387002,321.396240234375,23.54745101928711,0.7738432288169861,3284.902932161213,146048009.5117345,0.14616006200629958,1.4430264910385842,287,-12.400726318359375,-11.4058837890625,-9.327129364013672,-97.927734375,-79.920654296875,-0.41580724716186523,-0.3749539256095886,0.1265152090258274,0.12893939425597217,ok,
direct_isolated,plummer3d,2025,512,0.05,8,16,600,0.00730969877327339,1.9881605659639194,1.9668398540280219,309.9990234375,20.758285522460938,0.6111524105072021,2567.8303148449195,134402656.32710624,0.12612900164767385,1.5757321789948235,310,-15.563217163085938,-18.270248413085938,-16.4984130859375,-161.2646484375,-218.9921875,-0.4062612056732178,-0.45950889587402344,0.25279131422631745,0.6057571471280476,ok,
direct_isolated,plummer3d,2026,512,0.05,8,16,600,0.0004475180613106866,1.7923173687376306,1.5230130336849437,325.8583984375,23.530014038085938,0.6836965084075928,2956.991362688106,129602339.12160307,0.13408775488416783,1.5546770910862886,303,-17.436206817626953,-19.343250274658203,-16.2969970703125,-148.839111328125,-156.6640625,-0.47901421785354614,-0.4528827667236328,0.2262999229842934,0.23813160164265257,ok,
direct_isolated,plummer3d,2027,512,0.05,8,16,600,0.00021563064240674284,1.6338651793256642,1.3206927989327577,324.875,21.7333984375,0.7480316162109375,3321.415978874441,141895377.54419926,0.1408357771260997,1.4696570490392022,300,-11.59158706665039,-10.606582641601562,-11.01840591430664,-125.345947265625,-164.131103515625,-0.41955238580703735,-0.40772777795791626,0.13853825998465324,0.1725827875235793,ok,
direct_isolated,plummer3d,2028,512,0.05,8,16,600,0.00022675180923915116,1.6851701500091671,1.407156601907085,327.761474609375,22.757747650146484,0.7662648558616638,3169.520936656074,129892681.6190088,0.14295651882396326,1.4742976888040966,294,-11.415191650390625,-11.545101165771484,-10.347240447998047,-129.541015625,-106.926513671875,-0.4402642250061035,-0.4218379855155945,0.15956980209678778,0.17241196807416626,ok,
direct_isolated,plummer3d,2029,512,0.05,8,16,600,0.0002708561398586502,1.723375864347993,1.4145605813283986,317.198974609375,23.253841400146484,0.6808156371116638,3001.9972103785035,137272374.1080395,0.13329310402628314,1.5068206688795802,325,-16.136913299560547,-15.761653900146484,-14.984081268310547,-127.653076171875,-147.528076171875,-0.44864195585250854,-0.4477187991142273,0.1896263847171491,0.2241177937522152,ok,
pm_periodic,bimodal3d,2000,512,0.05,8,16,600,,nan,nan,185.3125,24.73046875,1.52001953125,10687.425918864588,366007884.79052836,0.2398865582191781,2.1849513639534424,161,-22.671875,-23.50390625,-22.91015625,-137.90625,-159.9375,-1.37890625,-1.380859375,nan,nan,ok,
pm_periodic,bimodal3d,2001,512,0.05,8,16,600,,nan,nan,187.15625,22.55859375,1.41552734375,8398.118097984112,210738620.50558257,0.2086136252446184,2.1716407012707943,184,-20.859375,-21.4140625,-21.4609375,-147.0,-174.0625,-1.27490234375,-1.283203125,nan,nan,ok,
pm_periodic,bimodal3d,2002,512,0.05,8,16,600,,nan,nan,177.78125,23.203125,1.47021484375,9458.704387720809,301442153.931303,0.2180390777886497,2.0967370939220884,184,-21.37890625,-21.91015625,-21.53125,-135.40625,-158.96875,-1.32861328125,-1.32763671875,nan,nan,ok,
pm_periodic,bimodal3d,2003,512,0.05,8,16,600,,nan,nan,183.5,22.09375,1.33837890625,8993.487892052293,304938776.90711915,0.2046767979452055,2.111805527564009,203,-20.19140625,-20.953125,-20.84765625,-139.75,-174.15625,-1.1943359375,-1.205078125,nan,nan,ok,
pm_periodic,bimodal3d,2004,512,0.05,8,16,600,,nan,nan,185.34375,24.70703125,1.67578125,10910.354928067442,380352313.4167659,0.2420040362035225,2.107695274936407,165,-22.7265625,-23.46484375,-23.125,-132.46875,-160.40625,-1.53271484375,-1.53759765625,nan,nan,ok,
pm_periodic,bimodal3d,2005,512,0.05,8,16,600,,nan,nan,188.0,21.69140625,1.46728515625,9399.690893076415,305358926.1445461,0.21472908512720157,2.1965638482580605,190,-20.171875,-20.46484375,-20.4453125,-153.53125,-168.71875,-1.3134765625,-1.33740234375,nan,nan,ok,
pm_periodic,bimodal3d,2006,512,0.05,8,16,600,,nan,nan,188.4375,22.80078125,1.45263671875,9142.878404847925,265844723.46142545,0.21910163894324852,2.1843666870489145,187,-21.24609375,-21.640625,-21.7421875,-160.53125,-173.53125,-1.31787109375,-1.32275390625,nan,nan,ok,
pm_periodic,bimodal3d,2007,512,0.05,8,16,600,,nan,nan,179.5625,23.7578125,1.673828125,11209.043667770766,380172552.01518875,0.2399706457925636,2.170964665902903,167,-21.609375,-22.328125,-21.04296875,-129.21875,-124.1875,-1.51806640625,-1.50390625,nan,nan,ok,
pm_periodic,bimodal3d,2008,512,0.05,8,16,600,,nan,nan,182.40625,23.69921875,1.57373046875,10058.406555855203,314249699.0889759,0.22929916829745597,2.117310814637233,166,-22.03515625,-22.45703125,-22.5234375,-141.78125,-163.28125,-1.43115234375,-1.44091796875,nan,nan,ok,
pm_periodic,bimodal3d,2009,512,0.05,8,16,600,,nan,nan,182.4375,24.33984375,1.63916015625,10305.502772483995,300239690.42440844,0.2388316413894325,2.2157304129021274,172,-22.5078125,-22.97265625,-22.94921875,-141.0625,-164.09375,-1.48681640625,-1.5078125,nan,nan,ok,
pm_periodic,bimodal3d,2010,512,0.05,8,16,600,,nan,nan,189.4375,24.75390625,1.6220703125,10961.715450058266,408296571.17012775,0.24208812377690803,2.176733766733697,165,-23.0,-23.453125,-22.73046875,-153.25,-162.15625,-1.48974609375,-1.47216796875,nan,nan,ok,
pm_periodic,bimodal3d,2011,512,0.05,8,16,600,,nan,nan,187.75,23.95703125,1.51611328125,10002.239100136867,298466981.05056167,0.22644783512720157,2.0847545677280275,172,-22.19140625,-22.875,-22.7578125,-144.28125,-175.4375,-1.37158203125,-1.3876953125,nan,nan,ok,
pm_periodic,bimodal3d,2012,512,0.05,8,16,600,,nan,nan,182.4375,24.44921875,1.4912109375,9956.241359827178,289754759.9165828,0.22739573140900196,2.1504256223012423,178,-22.41015625,-23.37109375,-22.78125,-131.0,-143.125,-1.3466796875,-1.353515625,nan,nan,ok,
pm_periodic,bimodal3d,2013,512,0.05,8,16,600,,nan,nan,179.28125,23.390625,1.517578125,9032.262833127148,248322575.5064996,0.22231989970645794,2.10640353658973,175,-21.62109375,-22.1484375,-22.265625,-135.4375,-165.71875,-1.38037109375,-1.38427734375,nan,nan,ok,
pm_periodic,bimodal3d,2014,512,0.05,8,16,600,,nan,nan,185.75,23.23046875,1.373046875,8928.327780971898,272588429.9705549,0.2106164383561644,2.1115549744605504,188,-21.33203125,-22.0859375,-21.55078125,-145.84375,-156.03125,-1.232421875,-1.23828125,nan,nan,ok,
pm_periodic,bimodal3d,2015,512,0.05,8,16,600,,nan,nan,183.125,22.87109375,1.5,10026.088354397238,343600451.5582552,0.21701473825831702,2.131691151989744,191,-21.14453125,-21.59765625,-21.49609375,-142.375,-164.625,-1.357421875,-1.36572265625,nan,nan,ok,
pm_periodic,bimodal3d,2016,512,0.05,8,16,600,,nan,nan,189.3125,23.05859375,1.5458984375,10192.847713242307,294586922.8506998,0.22858060176125244,2.1520399177534237,166,-21.34765625,-21.953125,-21.828125,-150.4375,-172.375,-1.408203125,-1.4208984375,nan,nan,ok,
pm_periodic,bimodal3d,2017,512,0.05,8,16,600,,nan,nan,180.875,21.73046875,1.46337890625,9978.440690853524,298084270.8579187,0.224559686888454,2.151151176705219,177,-20.328125,-20.4609375,-20.45703125,-145.3125,-165.46875,-1.32958984375,-1.326171875,nan,nan,ok,
pm_periodic,bimodal3d,2018,512,0.05,8,16,600,,nan,nan,182.40625,22.125,1.41748046875,9292.816280956386,298151842.7971674,0.20916401663405088,2.09334169902675,195,-20.37890625,-21.03515625,-20.8515625,-135.53125,-164.28125,-1.28369140625,-1.28857421875,nan,nan,ok,
pm_periodic,bimodal3d,2019,512,0.05,8,16,600,,nan,nan,180.09375,24.19140625,1.5849609375,9390.67228917315,234649183.19742218,0.228832864481409,2.1772820555572263,181,-22.2265625,-22.9296875,-22.93359375,-137.71875,-164.0,-1.43701171875,-1.4541015625,nan,nan,ok,
pm_periodic,bimodal3d,2020,512,0.05,8,16,600,,nan,nan,184.40625,22.3984375,1.48388671875,9592.685460297744,263977970.56245163,0.2186200464774951,2.168605798014007,183,-20.75,-21.30859375,-21.34375,-150.5,-172.5625,-1.34716796875,-1.35888671875,nan,nan,ok,
pm_periodic,bimodal3d,2021,512,0.05,8,16,600,,nan,nan,187.15625,24.40234375,1.61865234375,10457.020419720877,273650619.6240197,0.24188937133072408,2.147645797626888,158,-22.6171875,-23.18359375,-23.015625,-133.9375,-165.71875,-1.47265625,-1.48779296875,nan,nan,ok,
pm_periodic,bimodal3d,2022,512,0.05,8,16,600,,nan,nan,183.5625,22.5703125,1.423828125,10063.038753919796,326597291.4805471,0.2191245719178082,2.1485125667480167,183,-20.90625,-21.2890625,-20.80078125,-147.40625,-149.15625,-1.28173828125,-1.28369140625,nan,nan,ok,
pm_periodic,bimodal3d,2023,512,0.05,8,16,600,,nan,nan,187.21875,24.51953125,1.53857421875,10337.770264294557,307562458.7706257,0.23295315557729943,2.1173626331145785,173,-22.8515625,-23.46484375,-23.22265625,-145.15625,-170.8125,-1.40625,-1.40966796875,nan,nan,ok,
pm_periodic,bimodal3d,2024,512,0.05,8,16,600,,nan,nan,177.21875,22.03515625,1.45751953125,10440.529443264404,338383172.95182335,0.22082161203522505,2.037162570671809,180,-19.80078125,-20.72265625,-19.47265625,-126.5,-130.4375,-1.3037109375,-1.2890625,nan,nan,ok,
pm_periodic,bimodal3d,2025,512,0.05,8,16,600,,nan,nan,191.71875,23.88671875,1.62109375,10261.023356545698,298372365.4828741,0.2277244373776908,2.2421309571971837,182,-22.359375,-22.88671875,-22.84765625,-161.90625,-183.0,-1.48779296875,-1.4931640625,nan,nan,ok,
pm_periodic,bimodal3d,2026,512,0.05,8,16,600,,nan,nan,192.5625,24.7421875,1.5390625,9376.041712921622,273811512.32211447,0.21974376223091976,2.1827924419076212,186,-23.3125,-23.67578125,-23.515625,-162.4375,-176.46875,-1.40673828125,-1.4072265625,nan,nan,ok,
pm_periodic,bimodal3d,2027,512,0.05,8,16,600,,nan,nan,184.46875,22.9296875,1.42431640625,9318.497878472284,294644271.66349626,0.21232112279843443,2.051687869250369,180,-21.01171875,-21.7890625,-21.59765625,-142.875,-165.03125,-1.28173828125,-1.2998046875,nan,nan,ok,
pm_periodic,bimodal3d,2028,512,0.05,8,16,600,,nan,nan,187.78125,25.25390625,1.65673828125,11295.814374176442,372885794.9704406,0.2448783023483366,2.0690995069811016,163,-22.87890625,-23.6875,-22.1875,-137.34375,-91.46875,-1.5107421875,-1.47998046875,nan,nan,ok,
pm_periodic,bimodal3d,2029,512,0.05,8,16,600,,nan,nan,182.90625,23.85546875,1.49853515625,9684.741717737783,290716795.9818925,0.2261879280821918,2.140923911697856,171,-22.03515625,-22.703125,-22.37109375,-142.4375,-157.90625,-1.35400390625,-1.365234375,nan,nan,ok,
pm_periodic,cold_clumpy3d,2000,512,0.05,8,16,600,,nan,nan,563.84375,59.03125,2.55615234375,15389.912785468261,583720206.9938613,0.18951810176125244,0.08855218047052929,48,4.6640625,15.06640625,4.72265625,185.375,138.5,2.212890625,0.2421875,nan,nan,ok,
pm_periodic,cold_clumpy3d,2001,512,0.05,8,16,600,,nan,nan,540.9375,56.82421875,2.4638671875,16319.920212524801,666409741.2880143,0.19395181017612526,0.08776751957088424,39,17.05859375,11.53515625,18.9140625,383.6875,624.3125,2.958984375,2.02587890625,nan,nan,ok,
pm_periodic,cold_clumpy3d,2002,512,0.05,8,16,600,,nan,nan,431.0,38.98046875,2.34912109375,15735.74548655589,657193376.8348465,0.189135885518591,0.08781794909324678,42,48.35546875,32.7890625,34.203125,317.71875,1256.3125,2.70751953125,2.68994140625,nan,nan,ok,
pm_periodic,cold_clumpy3d,2003,512,0.05,8,16,600,,nan,nan,507.25,37.5625,2.44482421875,15102.252728467829,636961428.5326142,0.18938814823874756,0.08754558574255965,55,23.52734375,17.0703125,14.40625,304.09375,370.15625,3.1875,0.642578125,nan,nan,ok,
pm_periodic,cold_clumpy3d,2004,512,0.05,8,16,600,,nan,nan,601.8125,58.19140625,3.17138671875,16693.310892437825,700151754.7429789,0.2104100415851272,0.08484090332197589,41,3.1953125,37.2109375,54.19140625,7.65625,523.0,1.3935546875,1.22509765625,nan,nan,ok,
pm_periodic,cold_clumpy3d,2005,512,0.05,8,16,600,,nan,nan,497.90625,41.8046875,2.49658203125,15936.206369332493,622586440.3500533,0.19090172455968688,0.08997527019758744,40,7.515625,49.72265625,38.19921875,22.3125,366.15625,0.53857421875,0.39501953125,nan,nan,ok,
pm_periodic,cold_clumpy3d,2006,512,0.05,8,16,600,,nan,nan,500.03125,48.69921875,2.42236328125,15837.388724114422,635832719.9490969,0.1923312133072407,0.08546838746387654,54,33.2421875,51.33203125,68.953125,397.09375,1244.09375,1.4150390625,4.67041015625,nan,nan,ok,
pm_periodic,cold_clumpy3d,2007,512,0.05,8,16,600,,nan,nan,623.53125,44.81640625,2.50146484375,16348.526280475924,649655730.152902,0.19556476272015655,0.08823730684265649,43,34.12890625,80.375,35.875,221.3125,720.71875,3.1416015625,3.32763671875,nan,nan,ok,
pm_periodic,cold_clumpy3d,2008,512,0.05,8,16,600,,nan,nan,804.375,87.1640625,2.60595703125,16446.830101110856,539956617.4734391,0.2557561766144814,0.08792560068230164,35,-3.359375,-11.15625,-14.546875,-71.71875,459.125,1.1923828125,3.18603515625,nan,nan,ok,
pm_periodic,cold_clumpy3d,2009,512,0.05,8,16,600,,nan,nan,599.375,44.7265625,2.27978515625,15098.338115607752,569841887.2831736,0.19022902397260275,0.08717749426943323,41,27.40234375,20.5,35.6328125,325.96875,266.78125,2.87109375,1.58251953125,nan,nan,ok,
pm_periodic,cold_clumpy3d,2010,512,0.05,8,16,600,,nan,nan,543.34375,44.56640625,2.240234375,16615.26975251702,711609371.9758759,0.19323324363992173,0.0904417811285879,43,42.5546875,24.9453125,28.390625,1449.1875,1499.59375,2.435546875,3.091796875,nan,nan,ok,
pm_periodic,cold_clumpy3d,2011,512,0.05,8,16,600,,nan,nan,630.46875,56.76953125,2.1494140625,16036.269645141034,666007984.6653987,0.19272107387475537,0.08517129066155912,42,21.3125,46.828125,77.91015625,47.5,933.03125,3.5498046875,1.2998046875,nan,nan,ok,
pm_periodic,cold_clumpy3d,2012,512,0.05,8,16,600,,nan,nan,707.90625,47.6171875,1.99658203125,14762.082507951141,529261211.8192967,0.1918037548923679,0.08593614224619786,41,130.1953125,16.99609375,15.0625,804.96875,1053.375,5.4716796875,0.8037109375,nan,nan,ok,
pm_periodic,cold_clumpy3d,2013,512,0.05,8,16,600,,nan,nan,845.46875,68.78515625,2.7626953125,16026.521804214095,667676049.0100689,0.19146740459882583,0.08455138151207284,34,27.484375,27.734375,-16.63671875,72.71875,-272.5,5.798828125,0.04443359375,nan,nan,ok,
pm_periodic,cold_clumpy3d,2014,512,0.05,8,16,600,,nan,nan,494.71875,49.30078125,2.53662109375,16057.86256233466,641632749.4413253,0.1932561766144814,0.08732681175133675,33,23.3203125,97.9765625,58.8671875,114.53125,716.40625,3.2392578125,4.0146484375,nan,nan,ok,
pm_periodic,cold_clumpy3d,2015,512,0.05,8,16,600,,nan,nan,355.96875,42.95703125,2.04150390625,14609.144117871267,587413221.0196688,0.18833323140900196,0.08463334274297055,39,9.0546875,10.875,46.3125,59.78125,578.5,1.74462890625,3.0888671875,nan,nan,ok,
pm_periodic,cold_clumpy3d,2016,512,0.05,8,16,600,,nan,nan,782.78125,51.56640625,2.51953125,14192.963462601921,527596031.16083103,0.19583231409001958,0.08515533331225644,38,8.8828125,20.3828125,27.87890625,117.0,-79.09375,1.68798828125,2.43994140625,nan,nan,ok,
pm_periodic,cold_clumpy3d,2017,512,0.05,8,16,600,,nan,nan,594.09375,54.50390625,2.04931640625,14313.656995020458,510580784.08034337,0.18961747798434442,0.08831422420664886,40,-4.2890625,64.48828125,55.671875,-46.0,901.1875,2.37353515625,1.45166015625,nan,nan,ok,
pm_periodic,cold_clumpy3d,2018,512,0.05,8,16,600,,nan,nan,485.1875,44.80859375,2.5029296875,16024.736037685792,675787477.5942776,0.1922777030332681,0.08613427020310901,46,15.11328125,17.69140625,0.91015625,93.71875,475.28125,2.14892578125,1.7451171875,nan,nan,ok,
pm_periodic,cold_clumpy3d,2019,512,0.05,8,16,600,,nan,nan,828.53125,53.12109375,2.4169921875,15560.42483207292,592677899.6431522,0.2116484222113503,0.08897182846753399,31,27.1796875,40.84375,89.53515625,594.1875,647.5625,2.48583984375,1.29248046875,nan,nan,ok,
pm_periodic,cold_clumpy3d,2020,512,0.05,8,16,600,,nan,nan,514.65625,34.38671875,2.15966796875,16407.95724140113,662362543.3689141,0.218482448630137,0.08705090790707709,40,127.5859375,104.8984375,106.328125,1820.125,1349.4375,4.56787109375,2.1396484375,nan,nan,ok,
pm_periodic,cold_clumpy3d,2021,512,0.05,8,16,600,,nan,nan,645.4375,60.70703125,2.62841796875,16373.421833167327,664016981.9787041,0.19187255381604695,0.08822350862265557,46,46.09765625,0.578125,24.8671875,351.125,92.03125,6.03759765625,2.19189453125,nan,nan,ok,
pm_periodic,cold_clumpy3d,2022,512,0.05,8,16,600,,nan,nan,637.3125,64.1875,2.33544921875,15754.052111373261,656040596.01771,0.191673801369863,0.08671781022273949,45,1.7578125,-13.015625,18.44140625,-112.78125,188.46875,2.4130859375,1.76416015625,nan,nan,ok,
pm_periodic,cold_clumpy3d,2023,512,0.05,8,16,600,,nan,nan,505.75,48.5703125,2.25732421875,15238.232361919112,564066720.0002384,0.18906708659491195,0.08639381034315424,50,9.42578125,62.40625,42.51171875,276.9375,558.375,2.17626953125,3.97216796875,nan,nan,ok,
pm_periodic,cold_clumpy3d,2024,512,0.05,8,16,600,,nan,nan,499.25,45.21875,2.287109375,15011.251351176463,549360017.6174158,0.1884784735812133,0.08567487178547802,53,11.859375,30.546875,28.90625,27.625,611.6875,2.359375,0.9267578125,nan,nan,ok,
pm_periodic,cold_clumpy3d,2025,512,0.05,8,16,600,,nan,nan,525.46875,47.18359375,2.6318359375,16767.950323802957,706010896.2159622,0.1906188845401174,0.09096515276500969,36,13.16015625,7.9921875,136.24609375,60.21875,1607.03125,2.55224609375,4.07421875,nan,nan,ok,
pm_periodic,cold_clumpy3d,2026,512,0.05,8,16,600,,nan,nan,541.09375,50.01953125,3.009765625,15376.155257923201,590068140.4819891,0.19036662181996086,0.08894897832891381,48,12.23046875,55.2734375,5.22265625,13.59375,217.8125,1.9609375,0.39306640625,nan,nan,ok,
pm_periodic,cold_clumpy3d,2027,512,0.05,8,16,600,,nan,nan,557.65625,53.48828125,2.84130859375,15106.607648960662,552508527.8108845,0.19003791585127203,0.08803323503210012,44,25.609375,34.8515625,56.39453125,117.40625,1025.03125,2.75537109375,4.427734375,nan,nan,ok,
pm_periodic,cold_clumpy3d,2028,512,0.05,8,16,600,,nan,nan,549.96875,59.6640625,2.369140625,15400.825656388639,614858472.64918,0.19071061643835616,0.08540302287185284,48,9.38671875,20.50390625,13.87109375,253.0625,108.09375,2.74267578125,2.47705078125,nan,nan,ok,
pm_periodic,cold_clumpy3d,2029,512,0.05,8,16,600,,nan,nan,585.96875,66.14453125,2.61669921875,15507.609931991981,588892735.7164469,0.19282045009784735,0.0893566153860103,40,-1.4609375,-13.3984375,1.1171875,19.15625,209.84375,3.4228515625,2.97705078125,nan,nan,ok,
pm_periodic,hernquist3d,2000,512,0.05,8,16,600,,nan,nan,134.84375,9.83203125,0.453125,3438.874128392182,278974693.3654672,0.06899003180039139,1.241518690223847,385,-2.296875,-2.3125,2.7890625,-22.6875,36.21875,-0.12548828125,-0.078125,nan,nan,ok,
pm_periodic,hernquist3d,2001,512,0.05,8,16,600,,nan,nan,121.59375,6.6328125,0.34619140625,1763.887044304842,161762308.93080515,0.04689028864970646,1.2254630851500314,419,-2.28125,-3.125,-2.12109375,-36.125,-55.78125,-0.1474609375,-0.1376953125,nan,nan,ok,
pm_periodic,hernquist3d,2002,512,0.05,8,16,600,,nan,nan,131.8125,8.80859375,0.39697265625,2322.97643914204,187201343.57483065,0.05984741927592955,1.1988490065564168,401,-1.703125,4.0234375,-2.1328125,-11.46875,113.0,-0.05078125,-0.10205078125,nan,nan,ok,
pm_periodic,hernquist3d,2003,512,0.05,8,16,600,,nan,nan,121.4375,7.78515625,0.32470703125,1663.7337951680686,185079890.73079777,0.047356592465753425,1.2084994266420417,413,-3.41796875,-4.15625,-3.84765625,-29.1875,-53.40625,-0.10693359375,-0.12646484375,nan,nan,ok,
pm_periodic,hernquist3d,2004,512,0.05,8,16,600,,nan,nan,164.40625,10.3203125,0.53369140625,3308.0806521316704,298659736.2761348,0.07704715019569472,1.1904371551166513,375,1.73828125,1.4375,0.36328125,-2.78125,-14.0625,-0.04052734375,-0.11328125,nan,nan,ok,
pm_periodic,hernquist3d,2005,512,0.05,8,16,600,,nan,nan,125.3125,8.70703125,0.41650390625,2083.3150497395563,196652672.54835778,0.0545804794520548,1.253385171568295,403,-3.75,-4.51171875,-3.30859375,-35.28125,-46.375,-0.19287109375,-0.158203125,nan,nan,ok,
pm_periodic,hernquist3d,2006,512,0.05,8,16,600,,nan,nan,125.40625,7.2421875,0.359375,2087.2759628288977,187264266.9046358,0.05116346624266145,1.2388570037771096,410,-2.09765625,-1.66796875,0.5,-28.53125,27.625,-0.12353515625,-0.0361328125,nan,nan,ok,
pm_periodic,hernquist3d,2007,512,0.05,8,16,600,,nan,nan,149.4375,11.51953125,0.5546875,3757.3943507297295,251594392.3357497,0.08383531066536204,1.2288039821934134,368,-1.640625,-2.8671875,-0.6328125,-17.78125,22.6875,-0.041015625,-0.16845703125,nan,nan,ok,
pm_periodic,hernquist3d,2008,512,0.05,8,16,600,,nan,nan,140.53125,8.48828125,0.38525390625,2683.1698302613213,258421701.1151799,0.055681262230919765,1.2018008119357044,402,-2.5234375,-2.4609375,-2.57421875,-45.71875,-52.03125,-0.09814453125,-0.11083984375,nan,nan,ok,
pm_periodic,hernquist3d,2009,512,0.05,8,16,600,,nan,nan,143.09375,9.33984375,0.47265625,3096.5996706108112,239442334.1185109,0.06701015166340508,1.243497483503712,393,-2.171875,-1.85546875,1.796875,-33.9375,16.875,-0.12548828125,-0.07080078125,nan,nan,ok,
pm_periodic,hernquist3d,2010,512,0.05,8,16,600,,nan,nan,134.0625,9.36328125,0.4765625,3091.31403734026,227823073.9137712,0.06887536692759295,1.2460865165917658,379,-2.546875,1.67578125,2.078125,-25.6875,151.53125,-0.1435546875,-0.10498046875,nan,nan,ok,
pm_periodic,hernquist3d,2011,512,0.05,8,16,600,,nan,nan,134.21875,10.390625,0.455078125,2955.7539489039673,227569814.79051453,0.06879127935420744,1.1730616510605971,386,-2.2265625,-3.18359375,1.6484375,-9.03125,16.0,-0.06005859375,0.0361328125,nan,nan,ok,
pm_periodic,hernquist3d,2012,512,0.05,8,16,600,,nan,nan,117.21875,7.7578125,0.38720703125,2114.5618783144887,188859445.27739996,0.049565802348336595,1.2057245775145902,419,-2.84765625,-0.46484375,-2.10546875,-26.0625,17.78125,-0.13525390625,-0.138671875,nan,nan,ok,
pm_periodic,hernquist3d,2013,512,0.05,8,16,600,,nan,nan,141.96875,8.10546875,0.37255859375,2317.3273491233967,200547392.13124424,0.05269233121330724,1.1866604261535247,408,-2.23046875,-2.5078125,-2.98828125,-27.78125,-75.34375,-0.0830078125,-0.12255859375,nan,nan,ok,
pm_periodic,hernquist3d,2014,512,0.05,8,16,600,,nan,nan,109.5625,7.59765625,0.3837890625,2285.216091324212,184977013.71563742,0.0544505259295499,1.2070647308237148,410,-1.73046875,-2.359375,-1.3828125,-17.15625,-18.25,-0.119140625,-0.14306640625,nan,nan,ok,
pm_periodic,hernquist3d,2015,512,0.05,8,16,600,,nan,nan,139.96875,9.828125,0.46435546875,2781.458975922094,188776778.8082609,0.0694945572407045,1.210000056228089,378,-1.9375,-1.9296875,0.140625,-26.5625,77.78125,-0.1220703125,-0.0810546875,nan,nan,ok,
pm_periodic,hernquist3d,2016,512,0.05,8,16,600,,nan,nan,150.53125,9.5078125,0.4111328125,2180.322239200919,184058714.24878258,0.060611851761252444,1.2050973420756836,403,-2.4921875,-3.62109375,1.33984375,-29.15625,103.1875,-0.13232421875,-0.09423828125,nan,nan,ok,
pm_periodic,hernquist3d,2017,512,0.05,8,16,600,,nan,nan,135.46875,7.7421875,0.3720703125,2270.450578552174,194443978.86644697,0.05065894080234833,1.2280835511660224,408,-2.0234375,-3.77734375,-3.09765625,-28.3125,-35.15625,-0.140625,-0.1474609375,nan,nan,ok,
pm_periodic,hernquist3d,2018,512,0.05,8,16,600,,nan,nan,140.6875,10.27734375,0.513671875,3049.2734678615116,239417030.06570417,0.07204011741682975,1.1747552772792123,389,-0.609375,1.68359375,2.4140625,-1.46875,69.65625,-0.03369140625,-0.06591796875,nan,nan,ok,
pm_periodic,hernquist3d,2019,512,0.05,8,16,600,,nan,nan,120.8125,7.1328125,0.3232421875,2017.6012940218352,208677230.85842028,0.045262047455968686,1.2266048702317236,416,-2.5546875,-3.59765625,-2.0390625,-35.5625,-43.78125,-0.1171875,-0.08984375,nan,nan,ok,
pm_periodic,hernquist3d,2020,512,0.05,8,16,600,,nan,nan,117.6875,8.04296875,0.3583984375,2334.426475955268,218573753.8569468,0.049909796966731895,1.2137090750640653,413,-2.890625,-1.28515625,-1.5390625,-22.40625,50.1875,-0.1142578125,-0.1181640625,nan,nan,ok,
pm_periodic,hernquist3d,2021,512,0.05,8,16,600,,nan,nan,147.53125,10.5390625,0.5224609375,2939.917113882152,206573716.38616943,0.07425697162426614,1.2067829445641647,383,-0.3671875,2.96484375,6.8125,2.96875,97.3125,0.0283203125,-0.08984375,nan,nan,ok,
pm_periodic,hernquist3d,2022,512,0.05,8,16,600,,nan,nan,144.46875,10.234375,0.49560546875,3014.38264270691,223438489.93955207,0.0698920621330724,1.2195172851922693,389,-3.234375,-3.6015625,-0.6640625,-31.78125,31.15625,-0.134765625,-0.1611328125,nan,nan,ok,
pm_periodic,hernquist3d,2023,512,0.05,8,16,600,,nan,nan,153.6875,10.47265625,0.50341796875,3023.425343914895,223447541.072176,0.07111515410958905,1.206809149079409,381,-1.36328125,2.4296875,4.99609375,-23.40625,79.53125,-0.0888671875,-0.09521484375,nan,nan,ok,
pm_periodic,hernquist3d,2024,512,0.05,8,16,600,,nan,nan,144.8125,10.58203125,0.47119140625,2849.219111475505,229235881.56932318,0.07164261252446184,1.1567856879921679,383,-1.125,1.0234375,-1.97265625,-5.9375,27.0625,-0.04736328125,-0.0146484375,nan,nan,ok,
pm_periodic,hernquist3d,2025,512,0.05,8,16,600,,nan,nan,124.25,8.359375,0.39453125,1802.2949320372866,163209463.60984573,0.053976577788649706,1.257444900729328,408,-3.64453125,-4.38671875,-3.9921875,-24.90625,-45.125,-0.1962890625,-0.18798828125,nan,nan,ok,
pm_periodic,hernquist3d,2026,512,0.05,8,16,600,,nan,nan,148.6875,9.36328125,0.3994140625,2442.9034651892825,188881102.58095056,0.05959515655577299,1.2437529227256594,396,-4.62890625,-2.765625,-4.28515625,-37.53125,-59.59375,-0.19091796875,-0.158203125,nan,nan,ok,
pm_periodic,hernquist3d,2027,512,0.05,8,16,600,,nan,nan,128.125,9.73828125,0.5029296875,3031.5460148931666,190913003.87812537,0.07314090019569472,1.1864351937764235,378,0.1328125,4.26953125,10.796875,7.09375,166.09375,0.02197265625,0.1318359375,nan,nan,ok,
pm_periodic,hernquist3d,2028,512,0.05,8,16,600,,nan,nan,138.53125,10.1875,0.50146484375,2989.1658106622413,204882700.4470549,0.07058769569471625,1.1743133479639567,381,-0.30078125,0.0,6.88671875,-2.4375,104.1875,-0.0078125,0.037109375,nan,nan,ok,
pm_periodic,hernquist3d,2029,512,0.05,8,16,600,,nan,nan,144.6875,8.79296875,0.4267578125,2854.710095094694,288898307.84541583,0.054083598336594915,1.1967315995217613,408,-1.1953125,-0.52734375,0.0,-26.8125,33.8125,-0.0859375,-0.15283203125,nan,nan,ok,
pm_periodic,plummer3d,2000,512,0.05,8,16,600,,nan,nan,345.875,22.59375,0.72900390625,3204.1013610824107,147649901.39775023,0.13209393346379647,1.5465870659696332,300,-13.7890625,-14.51171875,-11.08203125,-167.59375,-86.75,-0.45166015625,-0.40283203125,nan,nan,ok,
pm_periodic,plummer3d,2001,512,0.05,8,16,600,,nan,nan,327.09375,20.93359375,0.57373046875,2156.2089572700306,139483635.12315875,0.10637078033268102,1.5320721892571518,324,-13.63671875,-17.2578125,-14.7734375,-136.3125,-133.78125,-0.34765625,-0.3486328125,nan,nan,ok,
pm_periodic,plummer3d,2002,512,0.05,8,16,600,,nan,nan,307.375,21.875,0.65625,2655.5335025643417,130534401.2386324,0.11893040606653621,1.4931510824148542,310,-12.87109375,-11.9453125,-10.93359375,-109.03125,-74.90625,-0.3671875,-0.294921875,nan,nan,ok,
pm_periodic,plummer3d,2003,512,0.05,8,16,600,,nan,nan,297.84375,20.43359375,0.55224609375,2160.2595269293215,134375427.5096603,0.10605736301369863,1.4935238078397217,321,-13.25390625,-15.2734375,-11.39453125,-133.25,-98.84375,-0.3095703125,-0.25146484375,nan,nan,ok,
pm_periodic,plummer3d,2004,512,0.05,8,16,600,,nan,nan,344.46875,25.48828125,0.78125,3550.4905984004226,149137843.9064944,0.14704623287671234,1.4853237874170022,277,-11.6875,-10.29296875,-8.859375,-108.8125,-109.90625,-0.3466796875,-0.24658203125,nan,nan,ok,
pm_periodic,plummer3d,2005,512,0.05,8,16,600,,nan,nan,320.625,20.48046875,0.61865234375,2405.001858489143,135673590.59273332,0.11068217954990216,1.5688438334708725,311,-13.34375,-16.72265625,-15.76953125,-148.4375,-176.84375,-0.3916015625,-0.4150390625,nan,nan,ok,
pm_periodic,plummer3d,2006,512,0.05,8,16,600,,nan,nan,301.96875,20.62109375,0.59716796875,2322.642202294587,135543758.86438996,0.10914567025440314,1.5386534575589432,318,-13.375,-12.92578125,-13.01953125,-130.3125,-123.6875,-0.33935546875,-0.33740234375,nan,nan,ok,
pm_periodic,plummer3d,2007,512,0.05,8,16,600,,nan,nan,340.125,24.39453125,0.80078125,3654.61178798561,135920188.09564573,0.1505473336594912,1.5448603536452103,274,-11.54296875,-13.8203125,-13.47265625,-128.75,-173.875,-0.4189453125,-0.4638671875,nan,nan,ok,
pm_periodic,plummer3d,2008,512,0.05,8,16,600,,nan,nan,309.0,21.70703125,0.61669921875,2618.99312166469,145066589.31052798,0.11539872798434442,1.5035977342478455,302,-13.171875,-13.83984375,-11.95703125,-142.125,-136.15625,-0.3330078125,-0.31640625,nan,nan,ok,
pm_periodic,plummer3d,2009,512,0.05,8,16,600,,nan,nan,320.90625,23.64453125,0.70751953125,2950.1820837379946,132973403.83807723,0.12991530088062622,1.5682553467406057,312,-15.4921875,-15.05859375,-13.453125,-152.25,-115.25,-0.4140625,-0.37353515625,nan,nan,ok,
pm_periodic,plummer3d,2010,512,0.05,8,16,600,,nan,nan,328.125,22.4140625,0.67138671875,3073.805178449079,154772828.87015593,0.131543542074364,1.5607853108967902,301,-13.76171875,-12.109375,-12.203125,-153.75,-104.375,-0.353515625,-0.37548828125,nan,nan,ok,
pm_periodic,plummer3d,2011,512,0.05,8,16,600,,nan,nan,341.8125,22.59765625,0.7236328125,3093.903363561847,141757042.799551,0.13127599070450097,1.4700248118394523,291,-12.37890625,-11.40625,-8.4296875,-146.84375,-102.0625,-0.33349609375,-0.29052734375,nan,nan,ok,
pm_periodic,plummer3d,2012,512,0.05,8,16,600,,nan,nan,302.40625,19.23046875,0.58935546875,2259.2638455419146,124161579.62846418,0.10517062133072407,1.5221673797137631,326,-10.3125,-13.5859375,-10.625,-126.25,-162.90625,-0.296875,-0.28173828125,nan,nan,ok,
pm_periodic,plummer3d,2013,512,0.05,8,16,600,,nan,nan,317.5,22.70703125,0.6181640625,2465.6304057607585,137239785.4125922,0.11585738747553816,1.4886342676843474,309,-14.46875,-16.07421875,-13.27734375,-135.125,-133.03125,-0.3134765625,-0.31005859375,nan,nan,ok,
pm_periodic,plummer3d,2014,512,0.05,8,16,600,,nan,nan,315.59375,20.08203125,0.61669921875,2409.581145420513,138376409.30584735,0.11060573630136987,1.5109934756309809,318,-12.9921875,-14.19921875,-10.5390625,-152.875,-146.0,-0.375,-0.294921875,nan,nan,ok,
pm_periodic,plummer3d,2015,512,0.05,8,16,600,,nan,nan,311.09375,23.3125,0.7353515625,3029.382320515303,139601584.11674082,0.12826412671232876,1.503536061011653,305,-11.703125,-12.8515625,-10.3515625,-106.71875,-101.53125,-0.40869140625,-0.30712890625,nan,nan,ok,
pm_periodic,plummer3d,2016,512,0.05,8,16,600,,nan,nan,324.8125,23.7578125,0.6875,2715.605559328593,132024910.57727443,0.1270869006849315,1.5038599066159717,302,-14.89453125,-16.0859375,-12.8515625,-132.5625,-106.5,-0.38427734375,-0.3486328125,nan,nan,ok,
pm_periodic,plummer3d,2017,512,0.05,8,16,600,,nan,nan,303.09375,22.33984375,0.6220703125,2569.8390767718356,131438701.35531771,0.11357937866927593,1.533539640368783,310,-15.9609375,-17.87890625,-15.8359375,-139.46875,-152.21875,-0.4052734375,-0.392578125,nan,nan,ok,
pm_periodic,plummer3d,2018,512,0.05,8,16,600,,nan,nan,296.15625,21.20703125,0.7587890625,3179.980823802208,141165254.53460827,0.12897504892367906,1.467432254679434,310,-10.1640625,-7.81640625,-7.26953125,-109.6875,42.65625,-0.41357421875,-0.38037109375,nan,nan,ok,
pm_periodic,plummer3d,2019,512,0.05,8,16,600,,nan,nan,307.8125,20.98828125,0.56884765625,2205.352053982289,153439926.50989467,0.10517062133072407,1.5319557967777122,312,-13.55078125,-16.26953125,-14.53515625,-138.46875,-174.53125,-0.333984375,-0.31005859375,nan,nan,ok,
pm_periodic,plummer3d,2020,512,0.05,8,16,600,,nan,nan,310.8125,19.8515625,0.607421875,2330.4180690299218,134154923.11739212,0.10624847113502936,1.512528789917669,321,-12.76953125,-12.8125,-12.44921875,-159.46875,-122.65625,-0.357421875,-0.35791015625,nan,nan,ok,
pm_periodic,plummer3d,2021,512,0.05,8,16,600,,nan,nan,329.8125,25.71484375,0.79443359375,3205.437389730432,132765294.35519095,0.13707803326810175,1.5175481458779991,294,-13.5234375,-12.32421875,-12.12890625,-123.96875,-47.65625,-0.388671875,-0.416015625,nan,nan,ok,
pm_periodic,plummer3d,2022,512,0.05,8,16,600,,nan,nan,317.25,23.78125,0.7607421875,3132.3197633257714,135869805.0631273,0.13325587084148727,1.5219017811980595,297,-14.91015625,-13.96875,-12.92578125,-128.59375,-55.25,-0.470703125,-0.4375,nan,nan,ok,
pm_periodic,plummer3d,2023,512,0.05,8,16,600,,nan,nan,328.6875,24.23828125,0.78271484375,3239.142627563806,146776688.8627318,0.13548801369863014,1.4953042072280645,274,-13.22265625,-12.01171875,-9.07421875,-123.3125,-49.09375,-0.42724609375,-0.3505859375,nan,nan,ok,
pm_periodic,plummer3d,2024,512,0.05,8,16,600,,nan,nan,319.3125,23.546875,0.77783203125,3164.7539609429577,150714332.83622625,0.13562561154598826,1.4382476259825276,276,-10.484375,-10.5234375,-11.84765625,-93.0,-57.40625,-0.3525390625,-0.3583984375,nan,nan,ok,
pm_periodic,plummer3d,2025,512,0.05,8,16,600,,nan,nan,311.0625,20.90625,0.6240234375,2442.991559467076,143542239.66576678,0.11290667808219178,1.5735425963605123,314,-14.76171875,-17.9921875,-14.65234375,-155.53125,-222.40625,-0.4072265625,-0.3818359375,nan,nan,ok,
pm_periodic,plummer3d,2026,512,0.05,8,16,600,,nan,nan,324.0,23.5,0.68701171875,2853.9503008258416,134970519.47180945,0.12485475782778865,1.5541641694171568,291,-16.87109375,-18.7109375,-16.21875,-147.375,-172.75,-0.4560546875,-0.4521484375,nan,nan,ok,
pm_periodic,plummer3d,2027,512,0.05,8,16,600,,nan,nan,321.8125,21.7109375,0.7509765625,3218.430865199589,146388020.4542169,0.13219330968688844,1.4688396079710548,302,-10.078125,-10.1796875,-7.9140625,-112.28125,-128.125,-0.34033203125,-0.255859375,nan,nan,ok,
pm_periodic,plummer3d,2028,512,0.05,8,16,600,,nan,nan,325.0,22.7265625,0.7705078125,3028.298079533764,136334729.04392424,0.13042747064579258,1.4792828857035754,304,-9.703125,-9.48828125,-7.01953125,-119.59375,-102.96875,-0.37353515625,-0.29541015625,nan,nan,ok,
pm_periodic,plummer3d,2029,512,0.05,8,16,600,,nan,nan,317.6875,23.38671875,0.6865234375,2878.016199505495,142325482.06337047,0.1222021771037182,1.4996923706859455,312,-14.203125,-15.17578125,-12.34375,-123.75,-79.21875,-0.392578125,-0.37939453125,nan,nan,ok,
direct_isolated,bimodal3d,2000,512,0.1,8,16,600,0.0003188242414285849,3.7365720770463726,24.464968127342015,180.222412109375,24.740047454833984,1.518734872341156,2881.969733179989,364296200.94745785,0.4314788621719315,2.1819635119047174,246,-23.577423095703125,-24.518367767333984,-24.683650970458984,-153.017578125,-179.644287109375,-1.4193615913391113,-1.5124215483665466,0.3854948486288937,3.593823791347472,ok,
direct_isolated,bimodal3d,2001,512,0.1,8,16,600,0.0002518476393469792,3.8307686196348887,24.278182010832406,187.703125,22.573974609375,1.4140586853027344,2742.4782421087775,208474494.18728986,0.40326296191107325,2.1721486444034284,239,-21.39181900024414,-22.427860260009766,-22.53824234008789,-167.623291015625,-187.400634765625,-1.3141971230506897,-1.4094415307044983,0.410291278765062,3.3268401165538926,ok,
direct_isolated,bimodal3d,2002,512,0.1,8,16,600,0.0002615750279067317,3.6485684052446765,21.279381498057543,178.040771484375,23.20888900756836,1.4688095450401306,2730.2583279988794,300228668.8532139,0.4051266459293215,2.091502609242955,229,-22.184783935546875,-22.995086669921875,-23.10439682006836,-152.419921875,-176.884521484375,-1.37196683883667,-1.4567398428916931,0.3508904311418213,3.351663405866242,ok,
direct_isolated,bimodal3d,2003,512,0.1,8,16,600,0.0002526871493065434,3.7970045646536703,23.642861971015712,179.923583984375,22.09133529663086,1.3363575339317322,2674.1124536926977,302544377.84542763,0.39741317365269463,2.1176590422672525,265,-20.9482421875,-21.914104461669922,-22.03399658203125,-154.71875,-179.42578125,-1.2379608154296875,-1.3293275833129883,0.39085279124262107,3.5323351924976514,ok,
direct_isolated,bimodal3d,2004,512,0.1,8,16,600,0.00034122505147630376,3.5230781652586614,20.1780921619768,184.753662109375,24.712703704833984,1.674496591091156,2894.434040778864,378977312.2283416,0.42751060820367753,2.1061387812728682,192,-23.503856658935547,-24.511058807373047,-24.645381927490234,-153.793701171875,-184.132568359375,-1.570281207561493,-1.66721910238266,0.31006588911484234,3.094515852610236,ok,
direct_isolated,bimodal3d,2005,512,0.1,8,16,600,0.000267336284635751,3.955102210757858,27.161491509503747,187.7177734375,21.691390991210938,1.466918706893921,2690.7611329749084,304855573.7868634,0.3950614430448014,2.197966329489982,252,-20.668502807617188,-21.51806640625,-21.649948120117188,-165.2216796875,-187.2529296875,-1.3721396923065186,-1.462059736251831,0.3938611092767119,3.7074101439323575,ok,
direct_isolated,bimodal3d,2006,512,0.1,8,16,600,0.00026818761171087436,3.831823543216772,25.089457011325866,187.2724609375,22.808456420898438,1.451535940170288,2767.1742118724687,264144272.7077667,0.41505107032442373,2.183507579460647,268,-21.706562042236328,-22.56689453125,-22.739181518554688,-170.298095703125,-186.6826171875,-1.3540270924568176,-1.442824125289917,0.383059363192388,3.543652386023724,ok,
direct_isolated,bimodal3d,2007,512,0.1,8,16,600,0.00035423990899161327,3.655963063027246,21.983636574183283,178.359375,23.663818359375,1.6723594665527344,2862.6170712960766,377530575.872721,0.42510808166871783,2.1718406006525734,203,-22.3046875,-23.388809204101562,-23.510879516601562,-139.5625,-176.1650390625,-1.5682373046875,-1.6583731174468994,0.30881444666422,3.272261841322371,ok,
direct_isolated,bimodal3d,2008,512,0.1,8,16,600,0.0003027200960281952,3.6877951867804484,21.57136291980748,180.15234375,23.63226318359375,1.5710363388061523,2853.755497089802,308797344.74603945,0.41478156312625253,2.1156121381110906,211,-22.381595611572266,-23.371829986572266,-23.537174224853516,-152.656494140625,-179.363525390625,-1.4702873826026917,-1.5596933960914612,0.3300458439447259,3.1363163189644254,ok,
direct_isolated,bimodal3d,2009,512,0.1,8,16,600,0.0003081101590306608,3.7763418647863958,24.58042111649444,183.572021484375,24.34951400756836,1.6382431387901306,2864.868208804468,299028168.0190613,0.43014399201690173,2.2162771836254542,226,-23.030364990234375,-24.141937255859375,-24.297405242919922,-161.318359375,-183.018310546875,-1.531724452972412,-1.6319357752799988,0.3832505072096144,3.452959875707779,ok,
direct_isolated,bimodal3d,2010,512,0.1,8,16,600,0.000316085136537999,3.754886421550843,24.642418490427104,188.388427734375,24.75973129272461,1.621520459651947,2854.198719428732,408202966.37341887,0.4303946289621459,2.176581932863126,246,-23.665313720703125,-24.5218505859375,-24.684326171875,-167.361328125,-187.453125,-1.5241894721984863,-1.6120719909667969,0.39553386242394795,3.419741537791161,ok,
direct_isolated,bimodal3d,2011,512,0.1,8,16,600,0.0003297730501397277,3.4671189740108477,18.879659663150033,184.453125,23.855224609375,1.5131797790527344,2798.7033112226786,296202801.37533665,0.41589352772255356,2.080599964071833,219,-22.63418960571289,-23.62033462524414,-23.787113189697266,-155.510009765625,-183.609619140625,-1.413443148136139,-1.5051880478858948,0.34504005391668247,3.091903395997891,ok,
direct_isolated,bimodal3d,2012,512,0.1,8,16,600,0.0003066374810027449,3.6816585508748694,21.13662638185524,182.421875,24.464599609375,1.4897422790527344,2828.2028435458365,287573956.56680775,0.42262299220549715,2.150279010502152,234,-23.17950439453125,-24.193130493164062,-24.342899322509766,-151.23828125,-181.304931640625,-1.3868989944458008,-1.47743421792984,0.31625556272421607,2.9578314299858235,ok,
direct_isolated,bimodal3d,2013,512,0.1,8,16,600,0.0002860528674211293,3.5936162260603064,21.162794963103266,177.4287109375,23.402206420898438,1.516477346420288,2819.8527785500764,247489239.5509857,0.41415098031542286,2.1057748026984804,208,-22.277267456054688,-23.206348419189453,-23.335800170898438,-153.9638671875,-176.7099609375,-1.4170520305633545,-1.508725881576538,0.3689138855340439,3.320324037418859,ok,
direct_isolated,bimodal3d,2014,512,0.1,8,16,600,0.00026276059815676995,3.6663369485179227,21.729344914242496,183.191162109375,23.232234954833984,1.371273934841156,2711.641419997923,271322336.5961001,0.4189061763319189,2.1103089347526853,211,-22.1300048828125,-22.983211517333984,-23.1351318359375,-158.0703125,-182.4296875,-1.2734546661376953,-1.3608760833740234,0.35235785239196926,3.3740578885096695,ok,
direct_isolated,bimodal3d,2015,512,0.1,8,16,600,0.0002903860537685059,3.7549730586659154,22.478265762617315,181.40234375,22.79241943359375,1.4973058700561523,2727.086606361365,340409447.3024678,0.41301803607214427,2.126984274327874,219,-21.572463989257812,-22.52734375,-22.70376968383789,-152.0126953125,-180.306884765625,-1.3960907459259033,-1.486918032169342,0.35988500837264625,3.229612820418165,ok,
direct_isolated,bimodal3d,2016,512,0.1,8,16,600,0.00031612956815022593,3.645254809441641,22.43777997243781,187.509521484375,23.04873275756836,1.5449814200401306,2785.1371294452288,293428787.28907245,0.41013947034013926,2.149917852415601,190,-21.946502685546875,-22.862457275390625,-22.98922348022461,-162.607421875,-186.982177734375,-1.44765043258667,-1.5381922125816345,0.3581486474687363,3.4234795072944184,ok,
direct_isolated,bimodal3d,2017,512,0.1,8,16,600,0.0002814678378397637,3.836811927712176,25.203035908714785,179.62109375,21.74163818359375,1.4611730575561523,2820.186801851935,294978501.5071276,0.4062124248496994,2.1491550419815595,191,-20.70703125,-21.565505981445312,-21.68994140625,-159.71875,-179.21875,-1.36395263671875,-1.4543838500976562,0.3987845163526801,3.5268939852144325,ok,
direct_isolated,bimodal3d,2018,512,0.1,8,16,600,0.00031168231829348914,3.550527807266793,19.431802786918485,183.078125,22.140380859375,1.4160118103027344,2666.491539410196,296222694.9110396,0.39785887847518064,2.0938240889000057,224,-20.997940063476562,-21.87481689453125,-22.06329345703125,-153.3994140625,-182.33203125,-1.3190596103668213,-1.4072999954223633,0.31807646268465106,3.13914750784806,ok,
direct_isolated,bimodal3d,2019,512,0.1,8,16,600,0.00029152932349649414,3.732498407798371,22.861057717044588,180.433349609375,24.204769134521484,1.5833081603050232,2876.082047756066,232906514.59350595,0.42128899907328937,2.182292741335695,221,-22.919281005859375,-23.939388275146484,-24.123291015625,-147.052734375,-179.703125,-1.4809165000915527,-1.5729103088378906,0.36379078775684714,3.3077864841273033,ok,
direct_isolated,bimodal3d,2020,512,0.1,8,16,600,0.0002785212077459524,3.8381113547534182,24.05232271279713,180.923583984375,22.31399154663086,1.4799122214317322,2771.774947844525,261269967.94474533,0.4019001996007984,2.1719818118714307,242,-21.242706298828125,-22.08001708984375,-22.22372055053711,-161.751953125,-180.333740234375,-1.3765950202941895,-1.4692854285240173,0.38177400189717037,3.3519896917140235,ok,
direct_isolated,bimodal3d,2021,512,0.1,8,16,600,0.0003421851711973874,3.6060001829112918,20.830607159657582,184.296875,24.413818359375,1.6171836853027344,2926.5077026404347,271734293.9887924,0.4280586323329862,2.146692504465367,205,-23.10824966430664,-24.16330337524414,-24.330703735351562,-154.974853515625,-183.6337890625,-1.5131965279579163,-1.6070349216461182,0.32142609138010103,3.061264489217293,ok,
direct_isolated,bimodal3d,2022,512,0.1,8,16,600,0.00029334205114183115,3.735545129659732,23.241569028606136,183.6318359375,22.577743530273438,1.4215028285980225,2732.1932091903,324355564.9145459,0.41269651931197365,2.1459989153080765,233,-21.464462280273438,-22.378314971923828,-22.483936309814453,-160.9443359375,-183.050048828125,-1.3214051723480225,-1.4106071591377258,0.3904983921484324,3.6039885962835982,ok,
direct_isolated,bimodal3d,2023,512,0.1,8,16,600,0.00030872973441239493,3.6051216225617826,21.700854518990166,187.6787109375,24.527206420898438,1.537473440170288,2853.746339399765,305750922.0936401,0.43245020154189334,2.112720443358201,213,-23.352405548095703,-24.308856964111328,-24.41552734375,-165.382080078125,-186.65625,-1.4347360730171204,-1.5273056030273438,0.37350412744932704,3.225966074862896,ok,
direct_isolated,bimodal3d,2024,512,0.1,8,16,600,0.00034501377793122717,3.373186052073049,16.515993368473737,178.384521484375,22.04482650756836,1.4566025137901306,2716.0818084599578,336978110.3408804,0.3973384475056716,2.037520547498145,204,-20.79873275756836,-21.722576141357422,-21.868206024169922,-146.353271484375,-176.518310546875,-1.3569931387901306,-1.43833988904953,0.3496298782298991,3.0071521011353157,ok,
direct_isolated,bimodal3d,2025,512,0.1,8,16,600,0.0003017521135052887,4.002267163432086,28.353584739616824,184.021240234375,23.90682601928711,1.617593228816986,2868.057753581473,293515459.7213533,0.4186579593990666,2.244931038923918,209,-22.995952606201172,-23.742340087890625,-23.84906005859375,-168.444091796875,-183.52734375,-1.5240151286125183,-1.6110448837280273,0.4538151624911677,3.778751629588663,ok,
direct_isolated,bimodal3d,2026,512,0.1,8,16,600,0.0002694473680846292,3.863387076914451,25.915211877653427,189.120849609375,24.739925384521484,1.5374097228050232,2801.673650995605,271420597.56470513,0.41351096607605364,2.183189955927255,233,-23.617015838623047,-24.553462982177734,-24.672332763671875,-165.692138671875,-188.279296875,-1.43996924161911,-1.528937816619873,0.38815672594477857,3.6783161125010144,ok,
direct_isolated,bimodal3d,2027,512,0.1,8,16,600,0.0002712484781354549,3.5806777152336506,19.533697505305742,184.703125,22.941162109375,1.4228477478027344,2735.6564781148154,292776489.3087901,0.4054245952854303,2.049510005708185,229,-21.620132446289062,-22.661880493164062,-22.814823150634766,-158.6884765625,-183.226806640625,-1.3099215030670166,-1.4110165238380432,0.33728341379397553,3.152752462530155,ok,
direct_isolated,bimodal3d,2028,512,0.1,8,16,600,0.0003333770800541925,3.461397923411261,19.05807222119168,188.234375,25.269287109375,1.6552696228027344,2889.012546993435,371161297.3765099,0.42747483353845184,2.0678887474506213,212,-23.921630859375,-25.00473403930664,-25.167129516601562,-159.828125,-187.2275390625,-1.5517539978027344,-1.6422598361968994,0.3283368500652676,3.141591324068534,ok,
direct_isolated,bimodal3d,2029,512,0.1,8,16,600,0.000310666818241109,3.5995692121453953,21.080010689549145,178.878662109375,23.865047454833984,1.497250497341156,2836.2526295577813,288690074.1423793,0.40586201477290584,2.144045735951001,200,-22.578319549560547,-23.649288177490234,-23.79693603515625,-158.309326171875,-178.19140625,-1.3962127566337585,-1.4892587661743164,0.3773732578524325,3.2541547909538715,ok,
direct_isolated,cold_clumpy3d,2000,512,0.1,8,16,600,4.752534874033672e-05,0.007236266366015301,0.6628290024770985,563.84375,59.03125,2.55615234375,3696.2994024665277,583720206.9938613,0.25281311154598823,0.08855218047052929,208,6.91015625,29.0703125,11.957454681396484,192.9375,1289.667724609375,4.10400390625,1.383032739162445,-0.20168756752751998,-0.2315264148472202,ok,
direct_isolated,cold_clumpy3d,2001,512,0.1,8,16,600,4.175422498952329e-05,0.007496010883385114,0.5249113301914778,540.9375,56.82421875,2.4638671875,3732.788299970136,666409741.2880143,0.20329317514677103,0.08776751957088424,219,16.27734375,4.4765625,24.308349609375,365.21875,707.671875,2.9873046875,1.1498985290527344,-0.09512412836214346,-0.13610259404682118,ok,
direct_isolated,cold_clumpy3d,2002,512,0.1,8,16,600,5.324750661282284e-05,0.007488186469088663,0.5806137770108151,431.0,38.98046875,2.34912109375,3702.463073619577,657193376.8348465,0.22441444471624267,0.08781794909324676,120,19.015625,53.05078125,31.927608489990234,193.3125,819.476318359375,2.2666015625,1.2997416853904724,-0.10304369639578037,-0.3453756089984552,ok,
direct_isolated,cold_clumpy3d,2003,512,0.1,8,16,600,3.347932100045136e-05,0.0075323975349502505,0.42951761805040783,507.25,37.5625,2.44482421875,3706.038536240537,636961428.5326142,0.23505534491193739,0.08754558574255963,156,39.51953125,35.15625,18.16598129272461,408.53125,160.232177734375,4.14306640625,1.061950147151947,-0.08235976537822098,-0.3522623182589423,ok,
direct_isolated,cold_clumpy3d,2004,512,0.1,8,16,600,3.342804418503491e-05,0.006192863583075044,0.5299005478440247,601.8125,58.19140625,3.17138671875,3720.9693930127933,700151754.7429789,0.269798801369863,0.08484090332197589,311,7.62890625,31.609375,15.29290771484375,105.28125,170.08984375,3.09423828125,-0.2873544692993164,-0.11392059529804455,-0.28495101613121865,ok,
direct_isolated,cold_clumpy3d,2005,512,0.1,8,16,600,8.67605543171832e-05,0.007519504993505608,0.7479093476037538,497.90625,41.8046875,2.49658203125,3708.664340762907,622586440.3500533,0.256711717221135,0.08997527019758744,173,45.953125,23.921875,27.24404525756836,309.875,346.822021484375,2.9677734375,2.7066025137901306,-0.13840696283397158,-0.20016362914164776,ok,
direct_isolated,cold_clumpy3d,2006,512,0.1,8,16,600,4.601729952956247e-05,0.007043337792003369,0.46246025187667644,500.03125,48.69921875,2.42236328125,3713.152635832791,635832719.9490969,0.28532442514677103,0.08546838746387654,146,50.96484375,45.38671875,-6.302978515625,728.5625,1.828125,2.751953125,0.8056297302246094,-0.13663044470215868,-0.3109032140390291,ok,
direct_isolated,cold_clumpy3d,2007,512,0.1,8,16,600,3.8571155463930236e-05,0.006890126202001354,0.5358645825135613,623.53125,44.81640625,2.50146484375,3718.7417795918695,649655730.152902,0.2733610567514677,0.08823730684265649,200,27.01953125,47.73828125,25.201900482177734,368.3125,326.281005859375,4.216796875,0.6783561110496521,-0.10907467987190911,-0.186282510158017,ok,
direct_isolated,cold_clumpy3d,2008,512,0.1,8,16,600,9.139143034715631e-05,0.006679956342993881,0.6085888661701879,804.375,87.1640625,2.60595703125,3716.545423024899,539956617.4734391,0.2821290973581213,0.08792560068230164,138,12.03125,33.2109375,-28.48636245727539,53.3125,565.075927734375,3.1923828125,1.403258740901947,-0.052297261944949214,-0.37218371538062706,ok,
direct_isolated,cold_clumpy3d,2009,512,0.1,8,16,600,6.211138742039544e-05,0.007207109535402784,0.7109531925858137,599.375,44.7265625,2.27978515625,3709.286184191586,569841887.2831736,0.21028773238747553,0.08717749426943323,219,28.52734375,12.41015625,10.73568344116211,371.28125,147.193115234375,1.806640625,2.490773618221283,-0.09269917918460169,-0.3966269263420629,ok,
direct_isolated,cold_clumpy3d,2010,512,0.1,8,16,600,3.8489934993768515e-05,0.0066413329024994526,0.749727940954423,543.34375,44.56640625,2.240234375,3707.17447799598,711609371.9758759,0.27489756604696675,0.0904417811285879,323,86.7265625,90.46670150756836,58.40774154663086,2080.96875,2076.111083984375,4.814453125,3.210380971431732,-0.23491644316395713,-0.25778717405281615,ok,
direct_isolated,cold_clumpy3d,2011,512,0.1,8,16,600,3.296501637409161e-05,0.006468477312733891,0.654208067548816,630.46875,56.76953125,2.1494140625,3720.992995226041,666007984.6653987,0.26822407045009783,0.08517129066155912,184,29.015625,4.48828125,18.712703704833984,121.0,49.347412109375,3.43505859375,1.806820809841156,-0.08894269389988846,-0.3936968478700061,ok,
direct_isolated,cold_clumpy3d,2012,512,0.1,8,16,600,5.3777164428954e-05,0.006321075509128741,0.6044928603563525,707.90625,47.6171875,1.99658203125,3711.032441148186,529261211.8192967,0.31778222847358123,0.08593614224619786,233,197.00390625,69.11477279663086,46.665828704833984,1464.0625,729.066162109375,14.16064453125,2.781918466091156,-0.17900192382002755,-0.26527003627727663,ok,
direct_isolated,cold_clumpy3d,2013,512,0.1,8,16,600,9.57992223646694e-06,0.006537934983342898,0.5379293071480221,845.46875,68.78515625,2.7626953125,3724.093661109911,667676049.0100689,0.21799321183953033,0.08455138151207284,170,27.640625,9.9296875,-4.0118560791015625,65.84375,350.2724609375,4.11669921875,-0.010866403579711914,-0.14198732151964621,-0.38733888008301,ok,
direct_isolated,cold_clumpy3d,2014,512,0.1,8,16,600,2.1850515923063083e-05,0.007688936313470184,0.5890395677925278,494.71875,49.30078125,2.53662109375,3727.2227811571006,641632749.4413253,0.2055329623287671,0.08732681175133675,146,14.3984375,19.11328125,-0.22479629516601562,87.9375,173.659912109375,2.193359375,0.383969247341156,-0.08418899521895018,-0.429820280236843,ok,
direct_isolated,cold_clumpy3d,2015,512,0.1,8,16,600,4.356190098806855e-05,0.007932591642270474,0.5413592471619293,355.96875,42.95703125,2.04150390625,3696.4685455765575,587413221.0196688,0.1988441780821918,0.08463334274297055,150,14.7109375,48.2265625,3.2451171875,112.84375,888.28125,2.18701171875,1.1144866943359375,-0.05110208421466467,-0.2598577289616554,ok,
direct_isolated,cold_clumpy3d,2016,512,0.1,8,16,600,0.00010460027595764525,0.0069119221486638825,0.604678413461285,782.78125,51.56640625,2.51953125,3730.3023024790673,527596031.16083103,0.2750198752446184,0.08515533331225644,231,10.9453125,49.9765625,60.53664779663086,4.875,632.298583984375,3.69482421875,2.236748158931732,-0.08842090739124309,-0.33280715217645346,ok,
direct_isolated,cold_clumpy3d,2017,512,0.1,8,16,600,2.1862044657181715e-05,0.00731159790607174,0.5307050298686924,594.09375,54.50390625,2.04931640625,3694.847901401591,510580784.08034337,0.20083934686888455,0.08831422420664886,203,-2.265625,42.51953125,7.626766204833984,58.5,449.441162109375,3.26123046875,1.598324716091156,-0.09281340478762556,-0.24525551910945248,ok,
direct_isolated,cold_clumpy3d,2018,512,0.1,8,16,600,2.1172388181941994e-05,0.007420206208067891,0.5711775910564761,485.1875,44.80859375,2.5029296875,3696.724212991487,675787477.5942776,0.2006711717221135,0.08613427020310901,201,18.03125,34.32421875,-0.18149185180664062,82.25,733.556396484375,2.65185546875,0.9320701956748962,-0.06574892725278281,-0.33515535226597915,ok,
direct_isolated,cold_clumpy3d,2019,512,0.1,8,16,600,3.8892224292743754e-05,0.006250611182304701,0.6427046753010418,828.53125,53.12109375,2.4169921875,3757.6761499636264,592677899.6431522,0.3526403498043053,0.08897182846753399,233,27.26953125,78.0390625,44.064449310302734,555.5,246.140380859375,2.65966796875,2.7415160536766052,-0.19048736984210052,-0.326260470761101,ok,
direct_isolated,cold_clumpy3d,2020,512,0.1,8,16,600,5.0651174185313397e-05,0.005590563847076976,0.4476578393178076,514.65625,34.38671875,2.15966796875,3715.036652426407,662362543.3689141,0.37896740459882583,0.08705090790707709,404,162.96484375,200.390625,74.29092025756836,2541.25,836.759521484375,8.66162109375,2.9629501700401306,-0.22427000378296263,-0.18394789422230381,ok,
direct_isolated,cold_clumpy3d,2021,512,0.1,8,16,600,3.155449499390827e-05,0.007466656569054417,0.5099025803388237,645.4375,60.70703125,2.62841796875,3732.989605816083,664016981.9787041,0.23589622064579258,0.08822350862265557,166,50.94921875,65.3125,0.7118797302246094,526.40625,376.482177734375,4.826171875,1.4712976813316345,-0.1212852429608332,-0.2782211920199581,ok,
direct_isolated,cold_clumpy3d,2022,512,0.1,8,16,600,1.4061757088113084e-05,0.007082605963917444,0.635190927453421,637.3125,64.1875,2.33544921875,3717.820365302485,656040596.01771,0.2598229574363992,0.08671781022273949,144,20.7109375,-7.87890625,4.466793060302734,26.5,840.421630859375,4.1083984375,1.2659301161766052,-0.12354273017761153,-0.3896595004591393,ok,
direct_isolated,cold_clumpy3d,2023,512,0.1,8,16,600,1.9354424081522674e-05,0.006910299129978094,0.5577504641729549,505.75,48.5703125,2.25732421875,3679.4645578592445,564066720.0002384,0.20260518590998042,0.08639381034315424,265,17.3515625,8.08203125,17.86867904663086,354.4375,590.111083984375,2.2109375,0.12932628393173218,-0.138434124036582,-0.2297157653318122,ok,
direct_isolated,cold_clumpy3d,2024,512,0.1,8,16,600,5.948150803712572e-05,0.007225222416196539,0.49333132075942027,499.25,45.21875,2.287109375,3685.1851381837905,549360017.6174158,0.19907350782778865,0.08567487178547802,177,8.73828125,45.796875,45.786922454833984,-13.28125,441.097412109375,2.1650390625,1.302426278591156,-0.09537086428063912,-0.19529447569787,ok,
direct_isolated,cold_clumpy3d,2025,512,0.1,8,16,600,2.7407476701018934e-05,0.00848853806935687,0.3675190144440516,525.46875,47.18359375,2.6318359375,3709.1337197897606,706010896.2159622,0.19905057485322897,0.09096515276500969,117,26.89453125,17.546875,5.519287109375,120.75,95.609375,2.7529296875,2.1762657165527344,-0.046593931039586645,-0.329599211903653,ok,
direct_isolated,cold_clumpy3d,2026,512,0.1,8,16,600,5.379041001692784e-05,0.007269199519204325,0.6626346911899714,541.09375,50.01953125,3.009765625,3708.1282708183317,590068140.4819891,0.20008255870841488,0.08894897832891381,218,7.2109375,22.2421875,59.700984954833984,6.84375,1320.253662109375,1.4306640625,0.841000497341156,-0.13472759785258326,-0.2665665051853795,ok,
direct_isolated,cold_clumpy3d,2027,512,0.1,8,16,600,1.7963886450301208e-05,0.0072103957183241515,0.6125867963278723,557.65625,53.48828125,2.84130859375,3712.514458722624,552508527.8108845,0.22006482387475537,0.08803323503210012,153,15.0390625,43.33203125,6.39056396484375,7.4375,531.80859375,1.767578125,1.6730947494506836,-0.08250007278552174,-0.25009012734715147,ok,
direct_isolated,cold_clumpy3d,2028,512,0.1,8,16,600,0.00010400660087929835,0.0066993389857,0.6721474707872883,549.96875,59.6640625,2.369140625,3721.4370582381807,614858472.64918,0.24000886741682975,0.08540302287185284,182,12.36328125,12.40234375,4.431545257568359,121.5,349.009521484375,3.19580078125,1.6582626700401306,-0.11414490404465527,-0.29505164101270476,ok,
direct_isolated,cold_clumpy3d,2029,512,0.1,8,16,600,7.043983350238508e-05,0.006798582082731877,0.5304180373631537,585.96875,66.14453125,2.61669921875,3719.5562158367284,588892735.7164469,0.2684763331702544,0.0893566153860103,264,10.1171875,-7.369174957275391,10.78255844116211,82.625,230.849365234375,5.4794921875,1.319875180721283,-0.1573483494821259,-0.17704952505409277,ok,
direct_isolated,hernquist3d,2000,512,0.1,8,16,600,0.0004646572301271902,2.170725189768449,2.3779491608128316,138.009521484375,9.58877182006836,0.4262832999229431,1339.2226879241432,245217221.78989238,0.33355418334084225,1.2351036999774618,256,-6.054592132568359,-6.78472900390625,-6.242961883544922,-46.572021484375,-75.596435546875,-0.2917770743370056,-0.3021056056022644,0.14502466037343487,1.0551074682403945,ok,
direct_isolated,hernquist3d,2001,512,0.1,8,16,600,0.00013240606259473862,2.395210558466107,3.035635572498515,121.6865234375,6.4902191162109375,0.3169858455657959,1093.8379637105156,130066883.03406075,0.2690082587844059,1.232648806270671,287,-3.8963623046875,-5.217529296875,-4.757434844970703,-45.7421875,-93.366455078125,-0.1968669891357422,-0.24923115968704224,0.17065725861394498,1.3715348406895418,ok,
direct_isolated,hernquist3d,2002,512,0.1,8,16,600,0.00025461761372495774,2.203203822225844,2.4182886754523287,131.880615234375,8.68783187866211,0.36557525396347046,1327.3798393626755,148437905.51548648,0.3367815254607707,1.1913059319689139,247,-5.17205810546875,-3.40435791015625,-4.4385986328125,-32.57421875,8.9609375,-0.22693157196044922,-0.2368946075439453,0.15370720700875257,1.1495132546257827,ok,
direct_isolated,hernquist3d,2003,512,0.1,8,16,600,0.00011569384092603237,2.402527095723739,2.9848223614966005,124.2880859375,7.4727630615234375,0.2832047939300537,1145.8774249271428,145469526.59869534,0.32677798013498416,1.2058158291172065,261,-5.1155853271484375,-6.054798126220703,-5.7706146240234375,-49.2099609375,-82.9443359375,-0.16739439964294434,-0.2115647792816162,0.16859272612665654,1.2001096864159957,ok,
direct_isolated,hernquist3d,2004,512,0.1,8,16,600,0.000574753136508988,1.8800188509002547,1.7834222844307266,162.7568359375,10.060165405273438,0.5029542446136475,1463.3221087624065,265299118.96053514,0.37128169359734436,1.1775808528049674,253,-4.6402587890625,-4.1900634765625,-4.207275390625,-34.8828125,-62.296875,-0.30413246154785156,-0.3084754943847656,0.11277688053351853,0.5053015276229456,ok,
direct_isolated,hernquist3d,2005,512,0.1,8,16,600,0.00012687935565581346,2.4576322704758398,3.161289790161347,121.4375,8.3779296875,0.3810882568359375,1235.6762078632657,154469371.71018648,0.3239545077597441,1.242217846826669,254,-5.60162353515625,-6.827335357666016,-6.3086090087890625,-40.09765625,-81.9697265625,-0.2501230239868164,-0.2933962345123291,0.1627665298625547,1.4435166186376145,ok,
direct_isolated,hernquist3d,2006,512,0.1,8,16,600,0.00013116916957235336,2.4710258795605418,3.1501454587029176,121.6396484375,7.0988616943359375,0.325824499130249,1193.7091861372119,147534870.7940024,0.3049732659488757,1.2248531949037884,255,-4.291748046875,-4.8763427734375,-4.5597991943359375,-46.421875,-63.0146484375,-0.19511032104492188,-0.21327567100524902,0.1885066683196608,1.3408651761940233,ok,
direct_isolated,hernquist3d,2007,512,0.1,8,16,600,0.0013389815038310651,1.9323098212181526,1.8676257903082893,150.200927734375,11.49312973022461,0.5294031500816345,1557.028410214811,216481575.20759636,0.3902478210226132,1.256260268695173,238,-6.781219482421875,-6.7960205078125,-7.395854949951172,-43.560546875,-80.725341796875,-0.3562617301940918,-0.34563225507736206,0.19191420474274784,0.689873641796096,ok,
direct_isolated,hernquist3d,2008,512,0.1,8,16,600,0.00018959969696870076,2.3061694781090334,2.6559142169925405,134.052490234375,8.36483383178711,0.3531431555747986,1266.9987939114574,216996590.42023006,0.3338852927894024,1.1827645829302114,253,-4.952301025390625,-5.428081512451172,-5.5999755859375,-56.791015625,-78.4921875,-0.21733331680297852,-0.23764610290527344,0.184087308645142,1.070490606303935,ok,
direct_isolated,hernquist3d,2009,512,0.1,8,16,600,0.00030069085802346635,2.2244884958081057,2.4941317788165107,139.638427734375,9.01852035522461,0.4442285895347595,1360.4725044218346,202265058.04691952,0.3458903163420362,1.2602214642045964,260,-5.30438232421875,-5.546611785888672,-4.194061279296875,-47.79296875,-54.826171875,-0.29900646209716797,-0.29758787155151367,0.1710853650336902,1.173154427414777,ok,
direct_isolated,hernquist3d,2010,512,0.1,8,16,600,0.0003488560773436516,2.2131870437069403,2.4501281627474882,140.034912109375,9.287899017333984,0.4444093108177185,1420.467990419579,192360366.31264856,0.35375867712624864,1.2554124989235698,237,-5.61004638671875,-6.143917083740234,-4.450634002685547,-43.10546875,-47.418701171875,-0.29554271697998047,-0.29619520902633667,0.1585736175709928,1.1369725909951065,ok,
direct_isolated,hernquist3d,2011,512,0.1,8,16,600,0.0029446619302274063,1.9804605970154758,1.9618755543029314,135.7802734375,10.212875366210938,0.4286191463470459,1413.1918502530623,192406895.60453588,0.34339546463898796,1.174917433643263,252,-5.497314453125,-5.546588897705078,-5.151477813720703,-35.171875,-53.428955078125,-0.2534980773925781,-0.260392963886261,0.13745215646950165,0.9788921845610521,ok,
direct_isolated,hernquist3d,2012,512,0.1,8,16,600,0.00012093943071707674,2.43523533275703,2.977829023851508,112.364990234375,7.247646331787109,0.3516783118247986,1161.5136348800027,151056176.23149264,0.3110492247478549,1.2242328491262964,271,-4.376201629638672,-4.892314910888672,-3.8673362731933594,-37.780029296875,-32.275146484375,-0.22697800397872925,-0.24917834997177124,0.1902557601670385,1.2499382938989312,ok,
direct_isolated,hernquist3d,2013,512,0.1,8,16,600,0.00024421876480794043,2.192043763218477,2.4318381937538476,141.87109375,7.96429443359375,0.33891963958740234,1204.6506469842284,161456810.97852182,0.3188418398400139,1.1955819590394094,269,-5.047031402587891,-5.6209259033203125,-5.0897979736328125,-54.119384765625,-94.1220703125,-0.2112756371498108,-0.2319939136505127,0.13651454565649002,1.1514564336929167,ok,
direct_isolated,hernquist3d,2014,512,0.1,8,16,600,0.00021351412265193002,2.2845167153249974,2.678757996813169,110.453125,7.206787109375,0.3470420837402344,1201.9189707608637,150030957.52933484,0.2985673758865248,1.2077557264008398,273,-4.389347076416016,-5.23858642578125,-4.631565093994141,-37.121337890625,-67.404541015625,-0.22010332345962524,-0.25306278467178345,0.16619481659239688,1.2588571356551705,ok,
direct_isolated,hernquist3d,2015,512,0.1,8,16,600,0.0004467581423800754,2.1519999390168105,2.290412489421899,140.316162109375,9.569149017333984,0.4336671233177185,1451.6607469354815,152765181.0747977,0.3526722727016197,1.1932403927159971,244,-4.743724822998047,-4.675933837890625,-5.518749237060547,-34.832763671875,-64.059326171875,-0.2626277804374695,-0.29713743925094604,0.14887092880634206,0.8911135596758006,ok,
direct_isolated,hernquist3d,2016,512,0.1,8,16,600,0.0004329926734301142,2.113715799039094,2.245183829299342,153.075927734375,9.34664535522461,0.3787989020347595,1303.5734449265628,149200150.1664159,0.35242436800663074,1.2164518644275863,270,-5.699371337890625,-6.39520263671875,-5.036724090576172,-57.228515625,-52.615966796875,-0.24054193496704102,-0.24376839399337769,0.17856816502442402,1.0306822466527426,ok,
direct_isolated,hernquist3d,2017,512,0.1,8,16,600,0.00014369950431942453,2.3598761147210485,2.904024043364542,138.43359375,7.56634521484375,0.3429555892944336,1150.0081866890102,160405726.42591882,0.30209693098180807,1.2266182040743845,275,-4.550571441650391,-5.79296875,-5.6104278564453125,-47.095947265625,-87.7548828125,-0.21358925104141235,-0.255936861038208,0.154270354368657,1.4567520628059527,ok,
direct_isolated,hernquist3d,2018,512,0.1,8,16,600,0.00360625866641511,2.020658046211584,2.0394724810288123,136.282958984375,10.03054428100586,0.47774165868759155,1495.6071666428068,197648430.01619917,0.3963593747621874,1.18295522440568,243,-5.537441253662109,-6.321804046630859,-5.827556610107422,-35.599365234375,-18.541748046875,-0.30365508794784546,-0.33156460523605347,0.16408421587470873,0.9152173166478417,ok,
direct_isolated,hernquist3d,2019,512,0.1,8,16,600,0.0001150497063695774,2.449828745209188,3.148795530556575,123.0771484375,7.0676116943359375,0.292133092880249,1097.496861534893,166926001.29858354,0.2924924924924925,1.2353969946606924,263,-4.277820587158203,-5.642578125,-5.352466583251953,-45.639892578125,-84.573486328125,-0.16739636659622192,-0.21336251497268677,0.15842266450720421,1.4413513418279638,ok,
direct_isolated,hernquist3d,2020,512,0.1,8,16,600,0.00011501254056305875,2.4833730572286923,3.112752110914587,119.484375,7.845458984375,0.3257713317871094,1179.956584216556,179374721.67206293,0.3183998761993191,1.2123637099696432,253,-4.545654296875,-5.6045074462890625,-5.051059722900391,-40.703125,-56.408447265625,-0.19773483276367188,-0.2320905327796936,0.19401885189995005,1.4661033946319346,ok,
direct_isolated,hernquist3d,2021,512,0.1,8,16,600,0.0016057824942693154,2.0368094554314164,2.0698001936836237,145.0927734375,10.044906616210938,0.4784238338470459,1457.5296568241358,174563615.40104017,0.3686696722966153,1.215891255576161,258,-5.404407501220703,-4.6129150390625,-3.986621856689453,-41.741455078125,-33.471923828125,-0.3118913769721985,-0.3119552731513977,0.18359723634236136,0.7345306444411424,ok,
direct_isolated,hernquist3d,2022,512,0.1,8,16,600,0.0009970763144492303,2.0731602972588568,2.1543301259575154,150.21875,10.01171875,0.46728515625,1427.5779832568905,191089254.14328003,0.3495430809399478,1.2082351395882205,256,-5.690525054931641,-6.5955963134765625,-6.367496490478516,-45.302978515625,-72.754150390625,-0.3076339364051819,-0.3398180603981018,0.1283407017281884,0.8884427406649917,ok,
direct_isolated,hernquist3d,2023,512,0.1,8,16,600,0.0008495018611727144,2.071764765662805,2.1436325678394814,152.05859375,10.01947021484375,0.4749135971069336,1415.2018426061973,188989920.03983647,0.36022536561975543,1.1913856277712762,256,-5.31658935546875,-4.257053375244141,-4.335971832275391,-45.91796875,-47.205322265625,-0.2953519821166992,-0.311432421207428,0.15745693240246328,0.9640288008977291,ok,
direct_isolated,hernquist3d,2024,512,0.1,8,16,600,0.0003552708902933097,1.8658854215563234,1.754676265606801,144.734130859375,10.446285247802734,0.4426726698875427,1457.5050835971658,193599030.52302337,0.36992331141579976,1.153940915862818,252,-5.25030517578125,-3.848888397216797,-5.391735076904297,-21.92578125,-15.492919921875,-0.26038074493408203,-0.27488917112350464,0.11795369988418752,0.6945857373228841,ok,
direct_isolated,hernquist3d,2025,512,0.1,8,16,600,0.00012044280137678544,2.500201318762645,3.42832989956883,120.179443359375,8.162227630615234,0.36029237508773804,1245.797353419622,130095008.75901143,0.33449687757747143,1.268473409631756,260,-5.443328857421875,-7.159698486328125,-6.989532470703125,-41.966796875,-88.236328125,-0.2358088493347168,-0.30434083938598633,0.21216307003373291,1.51634767789723,ok,
direct_isolated,hernquist3d,2026,512,0.1,8,16,600,0.0002880428731145312,2.230346798947019,2.5890867603452983,147.7177734375,9.205062866210938,0.3721616268157959,1287.1713122316025,150541883.55509064,0.33554575311593904,1.2654176523126441,267,-6.0197601318359375,-7.662281036376953,-6.713550567626953,-55.5146484375,-89.839111328125,-0.23828482627868652,-0.28541070222854614,0.18014838916572623,1.3188816272229813,ok,
direct_isolated,hernquist3d,2027,512,0.1,8,16,600,0.018307242040462437,1.9964413450889047,1.9933639124294362,124.9365234375,9.560531616210938,0.4727475643157959,1468.2148745852678,152766834.10141712,0.35215951409215207,1.1828715187810288,246,-4.547901153564453,-3.498279571533203,-3.3851318359375,-26.331298828125,0.8203125,-0.2620094418525696,-0.28592491149902344,0.16445972666347375,0.8728757455499773,ok,
direct_isolated,hernquist3d,2028,512,0.1,8,16,600,0.00114094538659466,2.051399731396317,2.0934167335610083,139.027099609375,9.824886322021484,0.4723309874534607,1450.3905648859509,169834289.9318417,0.3544812834224599,1.1589313329121615,239,-4.963802337646484,-4.393489837646484,-4.313304901123047,-28.948974609375,-14.754638671875,-0.3091573119163513,-0.2983219027519226,0.11862675077183876,0.8377090011194628,ok,
direct_isolated,hernquist3d,2029,512,0.1,8,16,600,0.0004000176647836015,2.146207881035125,2.3165092878891866,145.263427734375,8.69234848022461,0.4004969000816345,1165.338670239808,255110940.42805895,0.31317026147728644,1.2119131629518263,268,-5.0657958984375,-5.653835296630859,-5.073451995849609,-47.5859375,-69.060302734375,-0.26512718200683594,-0.27382224798202515,0.17072061564222668,1.1051575401261173,ok,
direct_isolated,plummer3d,2000,512,0.1,8,16,600,0.0012692446183251993,1.9260839068775315,1.7980984730399638,344.77734375,22.58441162109375,0.7243413925170898,1922.0964262290254,142012532.98355326,0.5090242246617985,1.5433344172487942,312,-17.52463150024414,-19.682865142822266,-17.814453125,-196.248291015625,-220.3125,-0.5413699746131897,-0.559295654296875,0.25407310115481696,0.3736964327388713,ok,
direct_isolated,plummer3d,2001,512,0.1,8,16,600,0.0050249319117122125,1.985879003555821,1.958779142824033,325.5458984375,20.893295288085938,0.5704152584075928,1720.0603966900592,135523801.78330636,0.46498755861411994,1.5337426361899833,314,-16.245834350585938,-19.040363311767578,-16.901107788085938,-166.3896484375,-216.4833984375,-0.4030721187591553,-0.4401051998138428,0.23756309697152284,0.6359426158141792,ok,
direct_isolated,plummer3d,2002,512,0.1,8,16,600,0.0007305554370762312,1.899141633855606,1.743943779599342,310.167724609375,21.882747650146484,0.6515187621116638,1903.807778712732,125297621.16244441,0.47847732072815047,1.4834914177199923,304,-17.226757049560547,-17.698925018310547,-16.461849212646484,-145.121826171875,-165.667724609375,-0.47159117460250854,-0.4934529662132263,0.25523310199547283,0.42374645390401594,ok,
direct_isolated,plummer3d,2003,512,0.1,8,16,600,0.00970762736592321,2.0074409723233315,2.0211482137856893,297.935302734375,20.42061996459961,0.5463976263999939,1802.025680711895,127130221.23603815,0.46233344501430373,1.4963399163991848,328,-15.77242660522461,-18.267681121826172,-16.223785400390625,-155.763427734375,-187.072265625,-0.3810572028160095,-0.4156060218811035,0.24046635910694247,0.6344934616415275,ok,
direct_isolated,plummer3d,2004,512,0.1,8,16,600,0.0003055401907475479,1.7296556909083227,1.4386126194747182,347.491943359375,25.508907318115234,0.7784900069236755,2070.261908855953,144668066.70701277,0.5351139092620237,1.4777375906496695,311,-18.501598358154297,-18.517425537109375,-16.078304290771484,-148.805419921875,-180.808349609375,-0.5474798083305359,-0.5028409361839294,0.19221606304592204,0.19309264701460804,ok,
direct_isolated,plummer3d,2005,512,0.1,8,16,600,0.0014436062273107484,2.0589292847038885,2.207017477718967,319.349365234375,20.48958969116211,0.616261899471283,1774.3287309049701,132630342.03914666,0.4461372544285358,1.5583858974653624,334,-16.301006317138672,-18.88153076171875,-17.45931625366211,-181.248779296875,-250.443115234375,-0.42923325300216675,-0.5103201270103455,0.2749692435574232,1.090401257395821,ok,
direct_isolated,plummer3d,2006,512,0.1,8,16,600,0.0012903817630870102,2.063071935003061,2.185844401444333,305.93359375,20.64300537109375,0.5934820175170898,1773.5677951718014,129924783.74188662,0.4499031344692266,1.5427037486840187,330,-16.316654205322266,-18.10101318359375,-16.733158111572266,-160.687744140625,-181.750244140625,-0.4093971848487854,-0.47144705057144165,0.25183186761289356,0.7907056214200283,ok,
direct_isolated,plummer3d,2007,512,0.1,8,16,600,0.00048279743555213844,1.7832971232007986,1.4561766656049286,341.429443359375,24.422969818115234,0.7980212569236755,2056.2620199752528,132107637.44852914,0.5251590186278964,1.5480762253693372,315,-18.020153045654297,-18.492462158203125,-17.774776458740234,-169.899169921875,-197.882568359375,-0.5628454089164734,-0.6026515364646912,0.21852247864082228,0.29078087100842864,ok,
direct_isolated,plummer3d,2008,512,0.1,8,16,600,0.002236520802801328,1.9646740214275584,1.912239599035625,308.2255859375,21.681747436523438,0.6106889247894287,1845.45205132781,139954002.20873973,0.4613329994574517,1.5010999554192601,316,-16.4608154296875,-18.6280517578125,-15.638351440429688,-168.3046875,-167.1982421875,-0.4080791473388672,-0.44515490531921387,0.23339429446629495,0.37237114354050166,ok,
direct_isolated,plummer3d,2009,512,0.1,8,16,600,0.0021789277187026666,1.958099770004023,1.8726134889402686,320.068115234375,23.63412094116211,0.703175961971283,1891.9525521228627,129919892.21464592,0.48398805643415344,1.574824731936338,328,-18.904205322265625,-20.23468017578125,-19.425762176513672,-171.619140625,-199.514404296875,-0.5110764503479004,-0.5672909617424011,0.2614040757224469,0.6760755827908511,ok,
direct_isolated,plummer3d,2010,512,0.1,8,16,600,0.003371473123270593,1.9702267035261536,1.9151126906954308,330.583740234375,22.44588851928711,0.6673979163169861,1905.4468641309297,149155014.2022587,0.5013110374511452,1.557428084865207,322,-17.14217758178711,-19.239971160888672,-17.36163330078125,-185.708740234375,-219.58203125,-0.4712461829185486,-0.509617805480957,0.24952680182709436,0.5650532482467037,ok,
direct_isolated,plummer3d,2011,512,0.1,8,16,600,0.0003182850852711301,1.7542326908576198,1.4099228721076196,342.0,22.6044921875,0.7206878662109375,1931.0017970193267,137822175.18886662,0.4917399804496579,1.4708934855647502,322,-16.16037368774414,-16.582645416259766,-15.686038970947266,-167.310791015625,-195.890869140625,-0.5177341103553772,-0.498970091342926,0.23325584305007152,0.36347703577279095,ok,
direct_isolated,plummer3d,2012,512,0.1,8,16,600,0.007072865993444565,2.0109444210974265,2.031186065864104,304.2958984375,19.252670288085938,0.5860402584075928,1715.4061805252848,119220090.48470178,0.4390618455954209,1.5219127281336815,322,-13.2598876953125,-16.541732788085938,-14.879352569580078,-146.4453125,-211.294189453125,-0.4003009796142578,-0.4575570225715637,0.21622986423369434,0.6403515917952644,ok,
direct_isolated,plummer3d,2013,512,0.1,8,16,600,0.0005472301000701613,1.8786595511086805,1.7032277779591414,317.105224609375,22.734310150146484,0.6139211058616638,1840.8667166692135,132723892.9173235,0.4861460323845922,1.489249974555998,300,-17.925872802734375,-19.835872650146484,-15.618724822998047,-158.380859375,-184.114013671875,-0.4144301414489746,-0.3954402804374695,0.25684369458260664,0.30613116236452925,ok,
direct_isolated,plummer3d,2014,512,0.1,8,16,600,0.0008464637981815009,1.9084915909327762,1.7417025191111248,316.8583984375,20.093002319335938,0.614124059677124,1748.7549987220623,134868910.6463808,0.451892075343628,1.5107263433508074,359,-15.574024200439453,-17.692672729492188,-15.449573516845703,-183.628173828125,-208.007080078125,-0.43374329805374146,-0.4757440686225891,0.26823856420567277,0.7425542656352653,ok,
direct_isolated,plummer3d,2015,512,0.1,8,16,600,0.0009851532962546162,1.9105566361211819,1.7854563853116874,314.6162109375,23.337265014648438,0.7305505275726318,1927.5557100194694,132661400.10387501,0.4956429510839591,1.4986890421487498,303,-17.139911651611328,-19.209228515625,-17.072315216064453,-148.157470703125,-189.706298828125,-0.519184410572052,-0.5369270443916321,0.23205669343765828,0.3139443322601756,ok,
direct_isolated,plummer3d,2016,512,0.1,8,16,600,0.0005513339520768445,1.8641188339155224,1.6479629734956456,326.90234375,23.75628662109375,0.6828374862670898,2005.017341126228,127015907.97941959,0.5062176080009273,1.4978249301542643,318,-18.652420043945312,-20.26824951171875,-18.13418960571289,-169.5048828125,-191.791259765625,-0.4965221881866455,-0.5198274254798889,0.24885196720716557,0.38148590302939206,ok,
direct_isolated,plummer3d,2017,512,0.1,8,16,600,0.0811654065363093,1.9990234258848745,1.9973206050488237,303.552490234375,22.23495101928711,0.6151518225669861,1829.6377197321904,124573666.21216327,0.47120664918616734,1.5293376280733877,316,-18.41421127319336,-20.575908660888672,-18.240234375,-167.150146484375,-206.78125,-0.44656604528427124,-0.487579345703125,0.27590306887398763,0.7482842884779641,ok,
direct_isolated,plummer3d,2018,512,0.1,8,16,600,0.0004594233995298368,1.7976627373649219,1.5193660126461084,296.28125,21.2255859375,0.7558441162109375,1897.4955231702827,137574939.5071638,0.4639866405995438,1.4631986594929312,304,-15.65854263305664,-16.161376953125,-15.49661636352539,-142.756103515625,-135.892822265625,-0.563481867313385,-0.5821309685707092,0.23704738482006998,0.3330323179270058,ok,
direct_isolated,plummer3d,2019,512,0.1,8,16,600,0.003739904659271428,2.0201139538624955,2.062294605537059,310.08984375,20.99066162109375,0.5651617050170898,1709.9730942811807,148238272.55330902,0.4523620287119368,1.5364096664150597,342,-16.3447265625,-18.68027114868164,-17.61199951171875,-172.875,-224.94921875,-0.3829498291015625,-0.45456981658935547,0.27508211763149115,0.8493196043044533,ok,
direct_isolated,plummer3d,2020,512,0.1,8,16,600,0.0009305543019837464,2.078646106873108,2.2337442727015837,307.279052734375,19.83858871459961,0.6010851263999939,1770.5301397308795,127127429.44006895,0.4543095968316968,1.5127961873840203,315,-15.374267578125,-17.2720947265625,-15.89724349975586,-179.765625,-198.126708984375,-0.4181404113769531,-0.4815792441368103,0.2750015963771994,0.9442480178059247,ok,
direct_isolated,plummer3d,2021,512,0.1,8,16,600,0.0005237350575110088,1.8353508074238187,1.6140987497595645,331.132568359375,25.739131927490234,0.7913035750389099,2007.7264487800473,128003252.43546495,0.5057293583609374,1.5169356730458956,328,-18.79248046875,-20.03753662109375,-18.561370849609375,-176.25,-164.052734375,-0.5661544799804688,-0.5749335289001465,0.2223990499731047,0.2778847795427899,ok,
direct_isolated,plummer3d,2022,512,0.1,8,16,600,0.0006466959541419551,1.85877036850739,1.6549633656521727,319.65234375,23.79925537109375,0.7570562362670898,1937.695187549335,130879606.56430972,0.5075339857268226,1.5237161188121586,325,-18.765701293945312,-20.584110260009766,-16.62271499633789,-157.0673828125,-134.369384765625,-0.5736706256866455,-0.5658517479896545,0.259391574526154,0.27883816816103213,ok,
direct_isolated,plummer3d,2023,512,0.1,8,16,600,0.0005971076907219921,1.8596574608038707,1.6463623308568096,326.882568359375,24.114131927490234,0.7786082625389099,1986.4389181363372,142151689.69312286,0.4932646301067354,1.4950437221244472,305,-18.532360076904297,-18.798095703125,-17.82177734375,-163.399169921875,-206.46875,-0.5684072375297546,-0.5963363647460938,0.24819058083209516,0.380892960480312,ok,
direct_isolated,plummer3d,2024,512,0.1,8,16,600,0.00022890792733642744,1.6771650846029138,1.296053302551767,321.396240234375,23.54745101928711,0.7738432288169861,2025.7317836473594,146048009.5117345,0.5093421725292303,1.4430264910385842,287,-16.6361083984375,-15.56850814819336,-15.74135971069336,-137.8671875,-138.837646484375,-0.5195827484130859,-0.5577568411827087,0.19611377605798436,0.23864652553723914,ok,
direct_isolated,plummer3d,2025,512,0.1,8,16,600,0.0006409876671834535,2.1412985311781596,2.5438922762263827,309.9990234375,20.758285522460938,0.6111524105072021,1850.2657742170509,134402656.32710624,0.4804133849777003,1.5757321789948235,310,-17.00341796875,-19.608139038085938,-18.756763458251953,-191.03125,-254.479736328125,-0.44939422607421875,-0.5252216458320618,0.3096227693498484,1.270502033625544,ok,
direct_isolated,plummer3d,2026,512,0.1,8,16,600,0.001541655934618647,1.9377877300163053,1.7982643179713984,325.8583984375,23.530014038085938,0.6836965084075928,1947.9645623851059,129602339.12160307,0.49514252161844774,1.5546770910862886,303,-19.356098175048828,-21.860153198242188,-20.375782012939453,-181.087158203125,-243.815673828125,-0.5079749226570129,-0.558697521686554,0.2831859563467329,0.751489687725378,ok,
direct_isolated,plummer3d,2027,512,0.1,8,16,600,0.00037494365510783645,1.7732487508537922,1.4851487207324308,324.875,21.7333984375,0.7480316162109375,1892.1656618801896,141895377.54419926,0.4802948843271424,1.4696570490392022,300,-15.375625610351562,-15.21561050415039,-14.54452896118164,-160.5087890625,-181.584228515625,-0.5109350681304932,-0.5363097786903381,0.21528592581614026,0.27172231870929325,ok,
direct_isolated,plummer3d,2028,512,0.1,8,16,600,0.0004437616438488386,1.8270785704175507,1.5830413785392086,327.761474609375,22.757747650146484,0.7662648558616638,1897.4688948462178,129892681.6190088,0.4980974890207516,1.4742976888040966,294,-15.758941650390625,-15.594661712646484,-16.476318359375,-165.947265625,-161.546875,-0.5379204750061035,-0.5872154235839844,0.22893818782125436,0.33301397035678987,ok,
direct_isolated,plummer3d,2029,512,0.1,8,16,600,0.0005850830045520532,1.8624339419296776,1.6428154673966904,317.198974609375,23.253841400146484,0.6808156371116638,1913.5101324433874,137272374.1080395,0.5012906902678601,1.5068206688795802,325,-18.60479736328125,-20.095184326171875,-17.823394775390625,-164.36328125,-180.884765625,-0.49461841583251953,-0.5198845863342285,0.24300376060198497,0.4073696673984459,ok,
pm_periodic,bimodal3d,2000,512,0.1,8,16,600,,nan,nan,185.3125,24.73046875,1.52001953125,2845.2882484710517,366007884.79052836,0.4235873287671233,2.1849513639534424,161,-22.671875,-23.50390625,-22.91015625,-137.90625,-159.9375,-1.37890625,-1.380859375,nan,nan,ok,
pm_periodic,bimodal3d,2001,512,0.1,8,16,600,,nan,nan,187.15625,22.55859375,1.41552734375,2700.2420934332386,210738620.50558257,0.39127476761252444,2.1716407012707943,184,-20.859375,-21.4140625,-21.4609375,-147.0,-174.0625,-1.27490234375,-1.283203125,nan,nan,ok,
pm_periodic,bimodal3d,2002,512,0.1,8,16,600,,nan,nan,177.78125,23.203125,1.47021484375,2703.849149113685,301442153.931303,0.3974437377690802,2.0967370939220884,184,-21.37890625,-21.91015625,-21.53125,-135.40625,-158.96875,-1.32861328125,-1.32763671875,nan,nan,ok,
pm_periodic,bimodal3d,2003,512,0.1,8,16,600,,nan,nan,183.5,22.09375,1.33837890625,2618.012696997865,304938776.90711915,0.38180344911937375,2.111805527564009,203,-20.19140625,-20.953125,-20.84765625,-139.75,-174.15625,-1.1943359375,-1.205078125,nan,nan,ok,
pm_periodic,bimodal3d,2004,512,0.1,8,16,600,,nan,nan,185.34375,24.70703125,1.67578125,2855.4336507537228,380352313.4167659,0.4168373899217221,2.107695274936407,165,-22.7265625,-23.46484375,-23.125,-132.46875,-160.40625,-1.53271484375,-1.53759765625,nan,nan,ok,
pm_periodic,bimodal3d,2005,512,0.1,8,16,600,,nan,nan,188.0,21.69140625,1.46728515625,2681.0431587892335,305358926.1445461,0.39343811154598823,2.1965638482580605,190,-20.171875,-20.46484375,-20.4453125,-153.53125,-168.71875,-1.3134765625,-1.33740234375,nan,nan,ok,
pm_periodic,bimodal3d,2006,512,0.1,8,16,600,,nan,nan,188.4375,22.80078125,1.45263671875,2735.3644434749003,265844723.46142545,0.40655577299412915,2.1843666870489145,187,-21.24609375,-21.640625,-21.7421875,-160.53125,-173.53125,-1.31787109375,-1.32275390625,nan,nan,ok,
pm_periodic,bimodal3d,2007,512,0.1,8,16,600,,nan,nan,179.5625,23.7578125,1.673828125,2818.8341065245672,380172552.01518875,0.4135579745596869,2.170964665902903,167,-21.609375,-22.328125,-21.04296875,-129.21875,-124.1875,-1.51806640625,-1.50390625,nan,nan,ok,
pm_periodic,bimodal3d,2008,512,0.1,8,16,600,,nan,nan,182.40625,23.69921875,1.57373046875,2791.1173817828653,314249699.0889759,0.39799412915851273,2.117310814637233,166,-22.03515625,-22.45703125,-22.5234375,-141.78125,-163.28125,-1.43115234375,-1.44091796875,nan,nan,ok,
pm_periodic,bimodal3d,2009,512,0.1,8,16,600,,nan,nan,182.4375,24.33984375,1.63916015625,2837.0076311907087,300239690.42440844,0.4219055772994129,2.2157304129021274,172,-22.5078125,-22.97265625,-22.94921875,-141.0625,-164.09375,-1.48681640625,-1.5078125,nan,nan,ok,
pm_periodic,bimodal3d,2010,512,0.1,8,16,600,,nan,nan,189.4375,24.75390625,1.6220703125,2837.795751174591,408296571.17012775,0.42560543052837574,2.176733766733697,165,-23.0,-23.453125,-22.73046875,-153.25,-162.15625,-1.48974609375,-1.47216796875,nan,nan,ok,
pm_periodic,bimodal3d,2011,512,0.1,8,16,600,,nan,nan,187.75,23.95703125,1.51611328125,2758.5946886174906,298466981.05056167,0.40708323140900193,2.0847545677280275,172,-22.19140625,-22.875,-22.7578125,-144.28125,-175.4375,-1.37158203125,-1.3876953125,nan,nan,ok,
pm_periodic,bimodal3d,2012,512,0.1,8,16,600,,nan,nan,182.4375,24.44921875,1.4912109375,2784.7964469678423,289754759.9165828,0.41077544031311153,2.1504256223012423,178,-22.41015625,-23.37109375,-22.78125,-131.0,-143.125,-1.3466796875,-1.353515625,nan,nan,ok,
pm_periodic,bimodal3d,2013,512,0.1,8,16,600,,nan,nan,179.28125,23.390625,1.517578125,2787.460857552564,248322575.5064996,0.405347969667319,2.10640353658973,175,-21.62109375,-22.1484375,-22.265625,-135.4375,-165.71875,-1.38037109375,-1.38427734375,nan,nan,ok,
pm_periodic,bimodal3d,2014,512,0.1,8,16,600,,nan,nan,185.75,23.23046875,1.373046875,2675.119344743196,272588429.9705549,0.4081228595890411,2.1115549744605504,188,-21.33203125,-22.0859375,-21.55078125,-145.84375,-156.03125,-1.232421875,-1.23828125,nan,nan,ok,
pm_periodic,bimodal3d,2015,512,0.1,8,16,600,,nan,nan,183.125,22.87109375,1.5,2667.116054506936,343600451.5582552,0.39662579500978473,2.131691151989744,191,-21.14453125,-21.59765625,-21.49609375,-142.375,-164.625,-1.357421875,-1.36572265625,nan,nan,ok,
pm_periodic,bimodal3d,2016,512,0.1,8,16,600,,nan,nan,189.3125,23.05859375,1.5458984375,2758.4246785298556,294586922.8506998,0.40261894569471623,2.1520399177534237,166,-21.34765625,-21.953125,-21.828125,-150.4375,-172.375,-1.408203125,-1.4208984375,nan,nan,ok,
pm_periodic,bimodal3d,2017,512,0.1,8,16,600,,nan,nan,180.875,21.73046875,1.46337890625,2754.9326804808343,298084270.8579187,0.3881941046966732,2.151151176705219,177,-20.328125,-20.4609375,-20.45703125,-145.3125,-165.46875,-1.32958984375,-1.326171875,nan,nan,ok,
pm_periodic,bimodal3d,2018,512,0.1,8,16,600,,nan,nan,182.40625,22.125,1.41748046875,2625.253466145882,298151842.7971674,0.38573263209393344,2.09334169902675,195,-20.37890625,-21.03515625,-20.8515625,-135.53125,-164.28125,-1.28369140625,-1.28857421875,nan,nan,ok,
pm_periodic,bimodal3d,2019,512,0.1,8,16,600,,nan,nan,180.09375,24.19140625,1.5849609375,2825.9112507268414,234649183.19742218,0.4068309686888454,2.1772820555572263,181,-22.2265625,-22.9296875,-22.93359375,-137.71875,-164.0,-1.43701171875,-1.4541015625,nan,nan,ok,
pm_periodic,bimodal3d,2020,512,0.1,8,16,600,,nan,nan,184.40625,22.3984375,1.48388671875,2720.4718649355355,263977970.56245163,0.38914200097847357,2.168605798014007,183,-20.75,-21.30859375,-21.34375,-150.5,-172.5625,-1.34716796875,-1.35888671875,nan,nan,ok,
pm_periodic,bimodal3d,2021,512,0.1,8,16,600,,nan,nan,187.15625,24.40234375,1.61865234375,2882.1849848544034,273650619.6240197,0.4166768590998043,2.147645797626888,158,-22.6171875,-23.18359375,-23.015625,-133.9375,-165.71875,-1.47265625,-1.48779296875,nan,nan,ok,
pm_periodic,bimodal3d,2022,512,0.1,8,16,600,,nan,nan,183.5625,22.5703125,1.423828125,2679.5464929886866,326597291.4805471,0.39804763943248533,2.1485125667480167,183,-20.90625,-21.2890625,-20.80078125,-147.40625,-149.15625,-1.28173828125,-1.28369140625,nan,nan,ok,
pm_periodic,bimodal3d,2023,512,0.1,8,16,600,,nan,nan,187.21875,24.51953125,1.53857421875,2820.6256170914417,307562458.7706257,0.4225935665362035,2.1173626331145785,173,-22.8515625,-23.46484375,-23.22265625,-145.15625,-170.8125,-1.40625,-1.40966796875,nan,nan,ok,
pm_periodic,bimodal3d,2024,512,0.1,8,16,600,,nan,nan,177.21875,22.03515625,1.45751953125,2689.776436356832,338383172.95182335,0.38994465508806264,2.037162570671809,180,-19.80078125,-20.72265625,-19.47265625,-126.5,-130.4375,-1.3037109375,-1.2890625,nan,nan,ok,
pm_periodic,bimodal3d,2025,512,0.1,8,16,600,,nan,nan,191.71875,23.88671875,1.62109375,2763.6051739755085,298372365.4828741,0.390525623776908,2.2421309571971837,182,-22.359375,-22.88671875,-22.84765625,-161.90625,-183.0,-1.48779296875,-1.4931640625,nan,nan,ok,
pm_periodic,bimodal3d,2026,512,0.1,8,16,600,,nan,nan,192.5625,24.7421875,1.5390625,2753.423058898579,273811512.32211447,0.4002262720156556,2.1827924419076212,186,-23.3125,-23.67578125,-23.515625,-162.4375,-176.46875,-1.40673828125,-1.4072265625,nan,nan,ok,
pm_periodic,bimodal3d,2027,512,0.1,8,16,600,,nan,nan,184.46875,22.9296875,1.42431640625,2693.2917119488234,294644271.66349626,0.3931858488258317,2.051687869250369,180,-21.01171875,-21.7890625,-21.59765625,-142.875,-165.03125,-1.28173828125,-1.2998046875,nan,nan,ok,
pm_periodic,bimodal3d,2028,512,0.1,8,16,600,,nan,nan,187.78125,25.25390625,1.65673828125,2844.2782207862665,372885794.9704406,0.41452880381604695,2.0690995069811016,163,-22.87890625,-23.6875,-22.1875,-137.34375,-91.46875,-1.5107421875,-1.47998046875,nan,nan,ok,
pm_periodic,bimodal3d,2029,512,0.1,8,16,600,,nan,nan,182.90625,23.85546875,1.49853515625,2798.151229449576,290716795.9818925,0.3958460738747554,2.140923911697856,171,-22.03515625,-22.703125,-22.37109375,-142.4375,-157.90625,-1.35400390625,-1.365234375,nan,nan,ok,
pm_periodic,cold_clumpy3d,2000,512,0.1,8,16,600,,nan,nan,563.84375,59.03125,2.55615234375,3696.2994024665277,583720206.9938613,0.25281311154598823,0.08855218047052929,48,4.6640625,15.06640625,4.72265625,185.375,138.5,2.212890625,0.2421875,nan,nan,ok,
pm_periodic,cold_clumpy3d,2001,512,0.1,8,16,600,,nan,nan,540.9375,56.82421875,2.4638671875,3732.788299970136,666409741.2880143,0.20329317514677103,0.08776751957088424,39,17.05859375,11.53515625,18.9140625,383.6875,624.3125,2.958984375,2.02587890625,nan,nan,ok,
pm_periodic,cold_clumpy3d,2002,512,0.1,8,16,600,,nan,nan,431.0,38.98046875,2.34912109375,3702.463073619577,657193376.8348465,0.22441444471624267,0.08781794909324678,42,48.35546875,32.7890625,34.203125,317.71875,1256.3125,2.70751953125,2.68994140625,nan,nan,ok,
pm_periodic,cold_clumpy3d,2003,512,0.1,8,16,600,,nan,nan,507.25,37.5625,2.44482421875,3706.038536240537,636961428.5326142,0.23505534491193739,0.08754558574255965,55,23.52734375,17.0703125,14.40625,304.09375,370.15625,3.1875,0.642578125,nan,nan,ok,
pm_periodic,cold_clumpy3d,2004,512,0.1,8,16,600,,nan,nan,601.8125,58.19140625,3.17138671875,3720.9693930127933,700151754.7429789,0.269798801369863,0.08484090332197589,41,3.1953125,37.2109375,54.19140625,7.65625,523.0,1.3935546875,1.22509765625,nan,nan,ok,
pm_periodic,cold_clumpy3d,2005,512,0.1,8,16,600,,nan,nan,497.90625,41.8046875,2.49658203125,3708.664340762907,622586440.3500533,0.256711717221135,0.08997527019758744,40,7.515625,49.72265625,38.19921875,22.3125,366.15625,0.53857421875,0.39501953125,nan,nan,ok,
pm_periodic,cold_clumpy3d,2006,512,0.1,8,16,600,,nan,nan,500.03125,48.69921875,2.42236328125,3713.152635832791,635832719.9490969,0.28532442514677103,0.08546838746387654,54,33.2421875,51.33203125,68.953125,397.09375,1244.09375,1.4150390625,4.67041015625,nan,nan,ok,
pm_periodic,cold_clumpy3d,2007,512,0.1,8,16,600,,nan,nan,623.53125,44.81640625,2.50146484375,3718.7417795918695,649655730.152902,0.2733610567514677,0.08823730684265649,43,34.12890625,80.375,35.875,221.3125,720.71875,3.1416015625,3.32763671875,nan,nan,ok,
pm_periodic,cold_clumpy3d,2008,512,0.1,8,16,600,,nan,nan,804.375,87.1640625,2.60595703125,3716.545423024899,539956617.4734391,0.2821290973581213,0.08792560068230164,35,-3.359375,-11.15625,-14.546875,-71.71875,459.125,1.1923828125,3.18603515625,nan,nan,ok,
pm_periodic,cold_clumpy3d,2009,512,0.1,8,16,600,,nan,nan,599.375,44.7265625,2.27978515625,3709.286184191586,569841887.2831736,0.21028773238747553,0.08717749426943323,41,27.40234375,20.5,35.6328125,325.96875,266.78125,2.87109375,1.58251953125,nan,nan,ok,
pm_periodic,cold_clumpy3d,2010,512,0.1,8,16,600,,nan,nan,543.34375,44.56640625,2.240234375,3707.17447799598,711609371.9758759,0.27489756604696675,0.0904417811285879,43,42.5546875,24.9453125,28.390625,1449.1875,1499.59375,2.435546875,3.091796875,nan,nan,ok,
pm_periodic,cold_clumpy3d,2011,512,0.1,8,16,600,,nan,nan,630.46875,56.76953125,2.1494140625,3720.992995226041,666007984.6653987,0.26822407045009783,0.08517129066155912,42,21.3125,46.828125,77.91015625,47.5,933.03125,3.5498046875,1.2998046875,nan,nan,ok,
pm_periodic,cold_clumpy3d,2012,512,0.1,8,16,600,,nan,nan,707.90625,47.6171875,1.99658203125,3711.032441148186,529261211.8192967,0.31778222847358123,0.08593614224619786,41,130.1953125,16.99609375,15.0625,804.96875,1053.375,5.4716796875,0.8037109375,nan,nan,ok,
pm_periodic,cold_clumpy3d,2013,512,0.1,8,16,600,,nan,nan,845.46875,68.78515625,2.7626953125,3724.093661109911,667676049.0100689,0.21799321183953033,0.08455138151207284,34,27.484375,27.734375,-16.63671875,72.71875,-272.5,5.798828125,0.04443359375,nan,nan,ok,
pm_periodic,cold_clumpy3d,2014,512,0.1,8,16,600,,nan,nan,494.71875,49.30078125,2.53662109375,3727.2227811571006,641632749.4413253,0.2055329623287671,0.08732681175133675,33,23.3203125,97.9765625,58.8671875,114.53125,716.40625,3.2392578125,4.0146484375,nan,nan,ok,
pm_periodic,cold_clumpy3d,2015,512,0.1,8,16,600,,nan,nan,355.96875,42.95703125,2.04150390625,3696.4685455765575,587413221.0196688,0.1988441780821918,0.08463334274297055,39,9.0546875,10.875,46.3125,59.78125,578.5,1.74462890625,3.0888671875,nan,nan,ok,
pm_periodic,cold_clumpy3d,2016,512,0.1,8,16,600,,nan,nan,782.78125,51.56640625,2.51953125,3730.3023024790673,527596031.16083103,0.2750198752446184,0.08515533331225644,38,8.8828125,20.3828125,27.87890625,117.0,-79.09375,1.68798828125,2.43994140625,nan,nan,ok,
pm_periodic,cold_clumpy3d,2017,512,0.1,8,16,600,,nan,nan,594.09375,54.50390625,2.04931640625,3694.847901401591,510580784.08034337,0.20083934686888455,0.08831422420664886,40,-4.2890625,64.48828125,55.671875,-46.0,901.1875,2.37353515625,1.45166015625,nan,nan,ok,
pm_periodic,cold_clumpy3d,2018,512,0.1,8,16,600,,nan,nan,485.1875,44.80859375,2.5029296875,3696.724212991487,675787477.5942776,0.2006711717221135,0.08613427020310901,46,15.11328125,17.69140625,0.91015625,93.71875,475.28125,2.14892578125,1.7451171875,nan,nan,ok,
pm_periodic,cold_clumpy3d,2019,512,0.1,8,16,600,,nan,nan,828.53125,53.12109375,2.4169921875,3757.6761499636264,592677899.6431522,0.3526403498043053,0.08897182846753399,31,27.1796875,40.84375,89.53515625,594.1875,647.5625,2.48583984375,1.29248046875,nan,nan,ok,
pm_periodic,cold_clumpy3d,2020,512,0.1,8,16,600,,nan,nan,514.65625,34.38671875,2.15966796875,3715.036652426407,662362543.3689141,0.37896740459882583,0.08705090790707709,40,127.5859375,104.8984375,106.328125,1820.125,1349.4375,4.56787109375,2.1396484375,nan,nan,ok,
pm_periodic,cold_clumpy3d,2021,512,0.1,8,16,600,,nan,nan,645.4375,60.70703125,2.62841796875,3732.989605816083,664016981.9787041,0.23589622064579258,0.08822350862265557,46,46.09765625,0.578125,24.8671875,351.125,92.03125,6.03759765625,2.19189453125,nan,nan,ok,
pm_periodic,cold_clumpy3d,2022,512,0.1,8,16,600,,nan,nan,637.3125,64.1875,2.33544921875,3717.820365302485,656040596.01771,0.2598229574363992,0.08671781022273949,45,1.7578125,-13.015625,18.44140625,-112.78125,188.46875,2.4130859375,1.76416015625,nan,nan,ok,
pm_periodic,cold_clumpy3d,2023,512,0.1,8,16,600,,nan,nan,505.75,48.5703125,2.25732421875,3679.4645578592445,564066720.0002384,0.20260518590998042,0.08639381034315424,50,9.42578125,62.40625,42.51171875,276.9375,558.375,2.17626953125,3.97216796875,nan,nan,ok,
pm_periodic,cold_clumpy3d,2024,512,0.1,8,16,600,,nan,nan,499.25,45.21875,2.287109375,3685.1851381837905,549360017.6174158,0.19907350782778865,0.08567487178547802,53,11.859375,30.546875,28.90625,27.625,611.6875,2.359375,0.9267578125,nan,nan,ok,
pm_periodic,cold_clumpy3d,2025,512,0.1,8,16,600,,nan,nan,525.46875,47.18359375,2.6318359375,3709.1337197897606,706010896.2159622,0.19905057485322897,0.09096515276500969,36,13.16015625,7.9921875,136.24609375,60.21875,1607.03125,2.55224609375,4.07421875,nan,nan,ok,
pm_periodic,cold_clumpy3d,2026,512,0.1,8,16,600,,nan,nan,541.09375,50.01953125,3.009765625,3708.1282708183317,590068140.4819891,0.20008255870841488,0.08894897832891381,48,12.23046875,55.2734375,5.22265625,13.59375,217.8125,1.9609375,0.39306640625,nan,nan,ok,
pm_periodic,cold_clumpy3d,2027,512,0.1,8,16,600,,nan,nan,557.65625,53.48828125,2.84130859375,3712.514458722624,552508527.8108845,0.22006482387475537,0.08803323503210012,44,25.609375,34.8515625,56.39453125,117.40625,1025.03125,2.75537109375,4.427734375,nan,nan,ok,
pm_periodic,cold_clumpy3d,2028,512,0.1,8,16,600,,nan,nan,549.96875,59.6640625,2.369140625,3721.4370582381807,614858472.64918,0.24000886741682975,0.08540302287185284,48,9.38671875,20.50390625,13.87109375,253.0625,108.09375,2.74267578125,2.47705078125,nan,nan,ok,
pm_periodic,cold_clumpy3d,2029,512,0.1,8,16,600,,nan,nan,585.96875,66.14453125,2.61669921875,3719.5562158367284,588892735.7164469,0.2684763331702544,0.0893566153860103,40,-1.4609375,-13.3984375,1.1171875,19.15625,209.84375,3.4228515625,2.97705078125,nan,nan,ok,
pm_periodic,hernquist3d,2000,512,0.1,8,16,600,,nan,nan,134.84375,9.83203125,0.453125,1033.945786911801,278974693.3654672,0.20271985078277888,1.241518690223847,385,-2.296875,-2.3125,2.7890625,-22.6875,36.21875,-0.12548828125,-0.078125,nan,nan,ok,
pm_periodic,hernquist3d,2001,512,0.1,8,16,600,,nan,nan,121.59375,6.6328125,0.34619140625,835.3577531287061,161762308.93080515,0.16130289872798434,1.2254630851500314,419,-2.28125,-3.125,-2.12109375,-36.125,-55.78125,-0.1474609375,-0.1376953125,nan,nan,ok,
pm_periodic,hernquist3d,2002,512,0.1,8,16,600,,nan,nan,131.8125,8.80859375,0.39697265625,982.6109121930613,187201343.57483065,0.18984680772994128,1.1988490065564168,401,-1.703125,4.0234375,-2.1328125,-11.46875,113.0,-0.05078125,-0.10205078125,nan,nan,ok,
pm_periodic,hernquist3d,2003,512,0.1,8,16,600,,nan,nan,121.4375,7.78515625,0.32470703125,850.8583771691224,185079890.73079777,0.17880075831702544,1.2084994266420417,413,-3.41796875,-4.15625,-3.84765625,-29.1875,-53.40625,-0.10693359375,-0.12646484375,nan,nan,ok,
pm_periodic,hernquist3d,2004,512,0.1,8,16,600,,nan,nan,164.40625,10.3203125,0.53369140625,1147.5615313773274,298659736.2761348,0.23293022260273974,1.1904371551166513,375,1.73828125,1.4375,0.36328125,-2.78125,-14.0625,-0.04052734375,-0.11328125,nan,nan,ok,
pm_periodic,hernquist3d,2005,512,0.1,8,16,600,,nan,nan,125.3125,8.70703125,0.41650390625,923.3063084504686,196652672.54835778,0.18428173923679061,1.253385171568295,403,-3.75,-4.51171875,-3.30859375,-35.28125,-46.375,-0.19287109375,-0.158203125,nan,nan,ok,
pm_periodic,hernquist3d,2006,512,0.1,8,16,600,,nan,nan,125.40625,7.2421875,0.359375,888.7133384220093,187264266.9046358,0.17534552348336596,1.2388570037771096,410,-2.09765625,-1.66796875,0.5,-28.53125,27.625,-0.12353515625,-0.0361328125,nan,nan,ok,
pm_periodic,hernquist3d,2007,512,0.1,8,16,600,,nan,nan,149.4375,11.51953125,0.5546875,1193.1921021051667,251594392.3357497,0.2338246086105675,1.2288039821934134,368,-1.640625,-2.8671875,-0.6328125,-17.78125,22.6875,-0.041015625,-0.16845703125,nan,nan,ok,
pm_periodic,hernquist3d,2008,512,0.1,8,16,600,,nan,nan,140.53125,8.48828125,0.38525390625,928.9970194722663,258421701.1151799,0.1838842343444227,1.2018008119357044,402,-2.5234375,-2.4609375,-2.57421875,-45.71875,-52.03125,-0.09814453125,-0.11083984375,nan,nan,ok,
pm_periodic,hernquist3d,2009,512,0.1,8,16,600,,nan,nan,143.09375,9.33984375,0.47265625,1037.483250750783,239442334.1185109,0.2059763331702544,1.243497483503712,393,-2.171875,-1.85546875,1.796875,-33.9375,16.875,-0.12548828125,-0.07080078125,nan,nan,ok,
pm_periodic,hernquist3d,2010,512,0.1,8,16,600,,nan,nan,134.0625,9.36328125,0.4765625,1064.3126024383052,227823073.9137712,0.20291860322896282,1.2460865165917658,379,-2.546875,1.67578125,2.078125,-25.6875,151.53125,-0.1435546875,-0.10498046875,nan,nan,ok,
pm_periodic,hernquist3d,2011,512,0.1,8,16,600,,nan,nan,134.21875,10.390625,0.455078125,1085.1866991385696,227569814.79051453,0.2072682240704501,1.1730616510605971,386,-2.2265625,-3.18359375,1.6484375,-9.03125,16.0,-0.06005859375,0.0361328125,nan,nan,ok,
pm_periodic,hernquist3d,2012,512,0.1,8,16,600,,nan,nan,117.21875,7.7578125,0.38720703125,867.1208120272241,188859445.27739996,0.1802684686888454,1.2057245775145902,419,-2.84765625,-0.46484375,-2.10546875,-26.0625,17.78125,-0.13525390625,-0.138671875,nan,nan,ok,
pm_periodic,hernquist3d,2013,512,0.1,8,16,600,,nan,nan,141.96875,8.10546875,0.37255859375,895.1338084716374,200547392.13124424,0.1800314946183953,1.1866604261535247,408,-2.23046875,-2.5078125,-2.98828125,-27.78125,-75.34375,-0.0830078125,-0.12255859375,nan,nan,ok,
pm_periodic,hernquist3d,2014,512,0.1,8,16,600,,nan,nan,109.5625,7.59765625,0.3837890625,915.5882390133293,184977013.71563742,0.17837267612524463,1.2070647308237148,410,-1.73046875,-2.359375,-1.3828125,-17.15625,-18.25,-0.119140625,-0.14306640625,nan,nan,ok,
pm_periodic,hernquist3d,2015,512,0.1,8,16,600,,nan,nan,139.96875,9.828125,0.46435546875,1090.6240616255932,188776778.8082609,0.20479910714285715,1.210000056228089,378,-1.9375,-1.9296875,0.140625,-26.5625,77.78125,-0.1220703125,-0.0810546875,nan,nan,ok,
pm_periodic,hernquist3d,2016,512,0.1,8,16,600,,nan,nan,150.53125,9.5078125,0.4111328125,1001.7485863124663,184058714.24878258,0.20831549657534246,1.2050973420756836,403,-2.4921875,-3.62109375,1.33984375,-29.15625,103.1875,-0.13232421875,-0.09423828125,nan,nan,ok,
pm_periodic,hernquist3d,2017,512,0.1,8,16,600,,nan,nan,135.46875,7.7421875,0.3720703125,875.1044746303271,194443978.86644697,0.1787625366927593,1.2280835511660224,408,-2.0234375,-3.77734375,-3.09765625,-28.3125,-35.15625,-0.140625,-0.1474609375,nan,nan,ok,
pm_periodic,hernquist3d,2018,512,0.1,8,16,600,,nan,nan,140.6875,10.27734375,0.513671875,1088.907705050441,239417030.06570417,0.21780974804305284,1.1747552772792123,389,-0.609375,1.68359375,2.4140625,-1.46875,69.65625,-0.03369140625,-0.06591796875,nan,nan,ok,
pm_periodic,hernquist3d,2019,512,0.1,8,16,600,,nan,nan,120.8125,7.1328125,0.3232421875,812.3248359036525,208677230.85842028,0.16417716487279843,1.2266048702317236,416,-2.5546875,-3.59765625,-2.0390625,-35.5625,-43.78125,-0.1171875,-0.08984375,nan,nan,ok,
pm_periodic,hernquist3d,2020,512,0.1,8,16,600,,nan,nan,117.6875,8.04296875,0.3583984375,854.3744623487927,218573753.8569468,0.1728228962818004,1.2137090750640653,413,-2.890625,-1.28515625,-1.5390625,-22.40625,50.1875,-0.1142578125,-0.1181640625,nan,nan,ok,
pm_periodic,hernquist3d,2021,512,0.1,8,16,600,,nan,nan,147.53125,10.5390625,0.5224609375,1145.7419790420777,206573716.38616943,0.22810665362035226,1.2067829445641647,383,-0.3671875,2.96484375,6.8125,2.96875,97.3125,0.0283203125,-0.08984375,nan,nan,ok,
pm_periodic,hernquist3d,2022,512,0.1,8,16,600,,nan,nan,144.46875,10.234375,0.49560546875,1088.2045447053938,223438489.93955207,0.20862126956947163,1.2195172851922693,389,-3.234375,-3.6015625,-0.6640625,-31.78125,31.15625,-0.134765625,-0.1611328125,nan,nan,ok,
pm_periodic,hernquist3d,2023,512,0.1,8,16,600,,nan,nan,153.6875,10.47265625,0.50341796875,1104.4381536613319,223447541.072176,0.22383347602739725,1.206809149079409,381,-1.36328125,2.4296875,4.99609375,-23.40625,79.53125,-0.0888671875,-0.09521484375,nan,nan,ok,
pm_periodic,hernquist3d,2024,512,0.1,8,16,600,,nan,nan,144.8125,10.58203125,0.47119140625,1110.2696085630964,229235881.56932318,0.2197819838551859,1.1567856879921679,383,-1.125,1.0234375,-1.97265625,-5.9375,27.0625,-0.04736328125,-0.0146484375,nan,nan,ok,
pm_periodic,hernquist3d,2025,512,0.1,8,16,600,,nan,nan,124.25,8.359375,0.39453125,934.7144504077196,163209463.60984573,0.19233885763209393,1.257444900729328,408,-3.64453125,-4.38671875,-3.9921875,-24.90625,-45.125,-0.1962890625,-0.18798828125,nan,nan,ok,
pm_periodic,hernquist3d,2026,512,0.1,8,16,600,,nan,nan,148.6875,9.36328125,0.3994140625,979.4715277267696,188881102.58095056,0.19846960616438356,1.2437529227256594,396,-4.62890625,-2.765625,-4.28515625,-37.53125,-59.59375,-0.19091796875,-0.158203125,nan,nan,ok,
pm_periodic,hernquist3d,2027,512,0.1,8,16,600,,nan,nan,128.125,9.73828125,0.5029296875,1114.4391184966835,190913003.87812537,0.20771923923679061,1.1864351937764235,378,0.1328125,4.26953125,10.796875,7.09375,166.09375,0.02197265625,0.1318359375,nan,nan,ok,
pm_periodic,hernquist3d,2028,512,0.1,8,16,600,,nan,nan,138.53125,10.1875,0.50146484375,1086.7133268815523,204882700.4470549,0.20659552348336596,1.1743133479639567,381,-0.30078125,0.0,6.88671875,-2.4375,104.1875,-0.0078125,0.037109375,nan,nan,ok,
pm_periodic,hernquist3d,2029,512,0.1,8,16,600,,nan,nan,144.6875,8.79296875,0.4267578125,899.173029582382,288898307.84541583,0.1894263698630137,1.1967315995217613,408,-1.1953125,-0.52734375,0.0,-26.8125,33.8125,-0.0859375,-0.15283203125,nan,nan,ok,
pm_periodic,plummer3d,2000,512,0.1,8,16,600,,nan,nan,345.875,22.59375,0.72900390625,1850.3074270107268,147649901.39775023,0.4725798067514677,1.5465870659696332,300,-13.7890625,-14.51171875,-11.08203125,-167.59375,-86.75,-0.45166015625,-0.40283203125,nan,nan,ok,
pm_periodic,plummer3d,2001,512,0.1,8,16,600,,nan,nan,327.09375,20.93359375,0.57373046875,1662.962465117197,139483635.12315875,0.43510732632093935,1.5320721892571518,324,-13.63671875,-17.2578125,-14.7734375,-136.3125,-133.78125,-0.34765625,-0.3486328125,nan,nan,ok,
pm_periodic,plummer3d,2002,512,0.1,8,16,600,,nan,nan,307.375,21.875,0.65625,1820.1421870197596,130534401.2386324,0.4377369740704501,1.4931510824148542,310,-12.87109375,-11.9453125,-10.93359375,-109.03125,-74.90625,-0.3671875,-0.294921875,nan,nan,ok,
pm_periodic,plummer3d,2003,512,0.1,8,16,600,,nan,nan,297.84375,20.43359375,0.55224609375,1704.1343932702712,134375427.5096603,0.4150256849315068,1.4935238078397217,321,-13.25390625,-15.2734375,-11.39453125,-133.25,-98.84375,-0.3095703125,-0.25146484375,nan,nan,ok,
pm_periodic,plummer3d,2004,512,0.1,8,16,600,,nan,nan,344.46875,25.48828125,0.78125,2010.5491977455124,149137843.9064944,0.504708904109589,1.4853237874170022,277,-11.6875,-10.29296875,-8.859375,-108.8125,-109.90625,-0.3466796875,-0.24658203125,nan,nan,ok,
pm_periodic,plummer3d,2005,512,0.1,8,16,600,,nan,nan,320.625,20.48046875,0.61865234375,1730.9901156139224,135673590.59273332,0.4249862402152642,1.5688438334708725,311,-13.34375,-16.72265625,-15.76953125,-148.4375,-176.84375,-0.3916015625,-0.4150390625,nan,nan,ok,
pm_periodic,plummer3d,2006,512,0.1,8,16,600,,nan,nan,301.96875,20.62109375,0.59716796875,1705.9045827950324,135543758.86438996,0.41621055528375733,1.5386534575589432,318,-13.375,-12.92578125,-13.01953125,-130.3125,-123.6875,-0.33935546875,-0.33740234375,nan,nan,ok,
pm_periodic,plummer3d,2007,512,0.1,8,16,600,,nan,nan,340.125,24.39453125,0.80078125,1996.453284321769,135920188.09564573,0.49497767857142855,1.5448603536452103,274,-11.54296875,-13.8203125,-13.47265625,-128.75,-173.875,-0.4189453125,-0.4638671875,nan,nan,ok,
pm_periodic,plummer3d,2008,512,0.1,8,16,600,,nan,nan,309.0,21.70703125,0.61669921875,1771.2838545208394,145066589.31052798,0.42681323385518594,1.5035977342478455,302,-13.171875,-13.83984375,-11.95703125,-142.125,-136.15625,-0.3330078125,-0.31640625,nan,nan,ok,
pm_periodic,plummer3d,2009,512,0.1,8,16,600,,nan,nan,320.90625,23.64453125,0.70751953125,1847.1850609928372,132973403.83807723,0.462305834148728,1.5682553467406057,312,-15.4921875,-15.05859375,-13.453125,-152.25,-115.25,-0.4140625,-0.37353515625,nan,nan,ok,
pm_periodic,plummer3d,2010,512,0.1,8,16,600,,nan,nan,328.125,22.4140625,0.67138671875,1835.762598095948,154772828.87015593,0.46550116193737767,1.5607853108967902,301,-13.76171875,-12.109375,-12.203125,-153.75,-104.375,-0.353515625,-0.37548828125,nan,nan,ok,
pm_periodic,plummer3d,2011,512,0.1,8,16,600,,nan,nan,341.8125,22.59765625,0.7236328125,1872.3258332092755,141757042.799551,0.4628332925636008,1.4700248118394523,291,-12.37890625,-11.40625,-8.4296875,-146.84375,-102.0625,-0.33349609375,-0.29052734375,nan,nan,ok,
pm_periodic,plummer3d,2012,512,0.1,8,16,600,,nan,nan,302.40625,19.23046875,0.58935546875,1656.4009280076007,124161579.62846418,0.4094606164383562,1.5221673797137631,326,-10.3125,-13.5859375,-10.625,-126.25,-162.90625,-0.296875,-0.28173828125,nan,nan,ok,
pm_periodic,plummer3d,2013,512,0.1,8,16,600,,nan,nan,317.5,22.70703125,0.6181640625,1760.0590702081936,137239785.4125922,0.4448844178082192,1.4886342676843474,309,-14.46875,-16.07421875,-13.27734375,-135.125,-133.03125,-0.3134765625,-0.31005859375,nan,nan,ok,
pm_periodic,plummer3d,2014,512,0.1,8,16,600,,nan,nan,315.59375,20.08203125,0.61669921875,1702.317104240497,138376409.30584735,0.42896128913894327,1.5109934756309809,318,-12.9921875,-14.19921875,-10.5390625,-152.875,-146.0,-0.375,-0.294921875,nan,nan,ok,
pm_periodic,plummer3d,2015,512,0.1,8,16,600,,nan,nan,311.09375,23.3125,0.7353515625,1831.429848344585,139601584.11674082,0.44820969911937375,1.503536061011653,305,-11.703125,-12.8515625,-10.3515625,-106.71875,-101.53125,-0.40869140625,-0.30712890625,nan,nan,ok,
pm_periodic,plummer3d,2016,512,0.1,8,16,600,,nan,nan,324.8125,23.7578125,0.6875,1928.027994019376,132024910.57727443,0.46830662915851273,1.5038599066159717,302,-14.89453125,-16.0859375,-12.8515625,-132.5625,-106.5,-0.38427734375,-0.3486328125,nan,nan,ok,
pm_periodic,plummer3d,2017,512,0.1,8,16,600,,nan,nan,303.09375,22.33984375,0.6220703125,1769.058414011732,131438701.35531771,0.4403513331702544,1.533539640368783,310,-15.9609375,-17.87890625,-15.8359375,-139.46875,-152.21875,-0.4052734375,-0.392578125,nan,nan,ok,
pm_periodic,plummer3d,2018,512,0.1,8,16,600,,nan,nan,296.15625,21.20703125,0.7587890625,1839.2561012757676,141165254.53460827,0.43596349070450097,1.467432254679434,310,-10.1640625,-7.81640625,-7.26953125,-109.6875,42.65625,-0.41357421875,-0.38037109375,nan,nan,ok,
pm_periodic,plummer3d,2019,512,0.1,8,16,600,,nan,nan,307.8125,20.98828125,0.56884765625,1645.6546837648198,153439926.50989467,0.41939823874755383,1.5319557967777122,312,-13.55078125,-16.26953125,-14.53515625,-138.46875,-174.53125,-0.333984375,-0.31005859375,nan,nan,ok,
pm_periodic,plummer3d,2020,512,0.1,8,16,600,,nan,nan,310.8125,19.8515625,0.607421875,1674.7642108939071,134154923.11739212,0.4068080357142857,1.512528789917669,321,-12.76953125,-12.8125,-12.44921875,-159.46875,-122.65625,-0.357421875,-0.35791015625,nan,nan,ok,
pm_periodic,plummer3d,2021,512,0.1,8,16,600,,nan,nan,329.8125,25.71484375,0.79443359375,1942.1801721000202,132765294.35519095,0.473290728962818,1.5175481458779991,294,-13.5234375,-12.32421875,-12.12890625,-123.96875,-47.65625,-0.388671875,-0.416015625,nan,nan,ok,
pm_periodic,plummer3d,2022,512,0.1,8,16,600,,nan,nan,317.25,23.78125,0.7607421875,1863.269086290178,135869805.0631273,0.4694685665362035,1.5219017811980595,297,-14.91015625,-13.96875,-12.92578125,-128.59375,-55.25,-0.470703125,-0.4375,nan,nan,ok,
pm_periodic,plummer3d,2023,512,0.1,8,16,600,,nan,nan,328.6875,24.23828125,0.78271484375,1931.4427765165753,146776688.8627318,0.4652488992172211,1.4953042072280645,274,-13.22265625,-12.01171875,-9.07421875,-123.3125,-49.09375,-0.42724609375,-0.3505859375,nan,nan,ok,
pm_periodic,plummer3d,2024,512,0.1,8,16,600,,nan,nan,319.3125,23.546875,0.77783203125,1952.3098667684856,150714332.83622625,0.473191352739726,1.4382476259825276,276,-10.484375,-10.5234375,-11.84765625,-93.0,-57.40625,-0.3525390625,-0.3583984375,nan,nan,ok,
pm_periodic,plummer3d,2025,512,0.1,8,16,600,,nan,nan,311.0625,20.90625,0.6240234375,1758.8010638118444,143542239.66576678,0.4314609833659491,1.5735425963605123,314,-14.76171875,-17.9921875,-14.65234375,-155.53125,-222.40625,-0.4072265625,-0.3818359375,nan,nan,ok,
pm_periodic,plummer3d,2026,512,0.1,8,16,600,,nan,nan,324.0,23.5,0.68701171875,1880.3970989709942,134970519.47180945,0.46138087084148727,1.5541641694171568,291,-16.87109375,-18.7109375,-16.21875,-147.375,-172.75,-0.4560546875,-0.4521484375,nan,nan,ok,
pm_periodic,plummer3d,2027,512,0.1,8,16,600,,nan,nan,321.8125,21.7109375,0.7509765625,1833.844620611408,146388020.4542169,0.4510916095890411,1.4688396079710548,302,-10.078125,-10.1796875,-7.9140625,-112.28125,-128.125,-0.34033203125,-0.255859375,nan,nan,ok,
pm_periodic,plummer3d,2028,512,0.1,8,16,600,,nan,nan,325.0,22.7265625,0.7705078125,1813.3890005395845,136334729.04392424,0.45504372553816047,1.4792828857035754,304,-9.703125,-9.48828125,-7.01953125,-119.59375,-102.96875,-0.37353515625,-0.29541015625,nan,nan,ok,
pm_periodic,plummer3d,2029,512,0.1,8,16,600,,nan,nan,317.6875,23.38671875,0.6865234375,1838.1772421035785,142325482.06337047,0.4621529476516634,1.4996923706859455,312,-14.203125,-15.17578125,-12.34375,-123.75,-79.21875,-0.392578125,-0.37939453125,nan,nan,ok,
direct_isolated,bimodal3d,2000,1024,0.02,8,16,600,0.0009968410928229237,3.015304544895014,13.551397785762985,715.861083984375,96.48196029663086,5.987419545650482,24843.139576856815,255419505.32919675,0.03984369208198557,2.2169682120039025,408,-91.44757080078125,-95.21097946166992,-95.07489013671875,-537.36328125,-693.23046875,-5.733128547668457,-5.9153547286987305,0.271896324996324,2.6089039413993307,ok,
direct_isolated,bimodal3d,2001,1024,0.02,8,16,600,0.0007800517677258239,3.00335779479665,13.231780840268728,722.630615234375,88.34115219116211,5.538442075252533,21046.768684358245,217248021.9965155,0.034979581044157826,2.147446332880903,397,-83.78445434570312,-87.25881958007812,-87.34920883178711,-575.017578125,-694.114990234375,-5.290882587432861,-5.476983487606049,0.2791042261858213,2.6147642295883653,ok,
direct_isolated,bimodal3d,2002,1024,0.02,8,16,600,0.0007907814427373619,3.0142792968923877,13.12622297631573,707.8271484375,88.85813903808594,5.619365453720093,24076.17282387406,276168451.9264486,0.03790589794565938,2.152263215861169,392,-84.33378601074219,-87.68019485473633,-87.3693733215332,-564.0498046875,-684.718017578125,-5.358303785324097,-5.544681370258331,0.2899060674517362,2.5348946839845916,ok,
direct_isolated,bimodal3d,2003,1024,0.02,8,16,600,0.0007707105771998443,3.0364714680529556,12.041378150888608,709.552490234375,91.60213851928711,5.634377896785736,23487.223441231115,257403301.95073086,0.03792392618580405,2.1592471439865046,411,-86.11887741088867,-89.86605453491211,-90.62841796875,-548.217529296875,-695.9375,-5.3547322154045105,-5.560234069824219,0.2743973502602258,2.3956590659913966,ok,
direct_isolated,bimodal3d,2004,1024,0.02,8,16,600,0.0009473457398545118,2.8887201052825464,9.991239895816081,720.163818359375,92.91100692749023,6.11851304769516,25944.29634901714,297774306.21314174,0.04050572434311707,2.1572305744604603,400,-86.44085693359375,-90.1463623046875,-88.5594482421875,-524.27734375,-608.6796875,-5.813529014587402,-5.97321891784668,0.25281375182092714,2.2063735355928937,ok,
direct_isolated,bimodal3d,2005,1024,0.02,8,16,600,0.0006421392874665533,3.1221190828181387,15.585513329761715,730.380615234375,89.91146469116211,5.460805356502533,21349.675775419324,217426361.60481083,0.03433910156594294,2.184930965380787,436,-86.04904174804688,-89.158935546875,-89.20123291015625,-605.201171875,-718.41015625,-5.223178386688232,-5.409150123596191,0.3146273622774326,2.79135498260135,ok,
direct_isolated,bimodal3d,2006,1024,0.02,8,16,600,0.0007802325684401777,3.128727618780106,15.427568815385593,718.802490234375,92.44979476928711,5.821877896785736,22300.87157499548,219521023.13657135,0.03711720283046917,2.20351142292919,429,-87.87557983398438,-91.1365966796875,-90.65786361694336,-600.287109375,-696.368896484375,-5.547311305999756,-5.743402898311615,0.34945561966865735,2.6828136607244364,ok,
direct_isolated,bimodal3d,2007,1024,0.02,8,16,600,0.0008732946316109209,2.930690379992013,10.723781445867868,732.4375,93.0419921875,6.0453948974609375,25645.71883369455,296238138.45553714,0.04144007818287858,2.160319643467412,433,-86.67801284790039,-88.28879165649414,-89.25693130493164,-569.439697265625,-609.646728515625,-5.750004351139069,-5.881730616092682,0.29525511946046823,2.4062592840287067,ok,
direct_isolated,bimodal3d,2008,1024,0.02,8,16,600,0.0008320896093620299,3.0873450565796734,14.243450235739255,727.595458984375,90.82448959350586,5.705418050289154,24258.502561663798,277884124.7807175,0.037625646016043686,2.1831721059018645,451,-86.10531234741211,-89.60433578491211,-89.84310913085938,-570.286865234375,-708.583984375,-5.441495358943939,-5.646962642669678,0.27792292022699117,2.5796468083474284,ok,
direct_isolated,bimodal3d,2009,1024,0.02,8,16,600,0.000899172562318658,2.913252840885291,10.802318197829699,731.929443359375,92.85656356811523,6.1319445967674255,23325.87696082913,241171057.26554462,0.03815069139647931,2.140851730552095,361,-86.99352645874023,-90.18084335327148,-90.3426628112793,-546.007568359375,-691.946044921875,-5.849660813808441,-6.036329448223114,0.2528732893046529,2.202371594477889,ok,
direct_isolated,bimodal3d,2010,1024,0.02,8,16,600,0.0008624161522726123,3.0100096445606663,13.849375921469047,712.53125,94.2216796875,5.7709808349609375,24192.632900056793,248627131.5297852,0.039032329250799955,2.1804887877711963,427,-89.68307876586914,-93.16810607910156,-93.20251846313477,-564.013916015625,-694.633056640625,-5.52175098657608,-5.709615767002106,0.3125770248121802,2.7239442698852727,ok,
direct_isolated,bimodal3d,2011,1024,0.02,8,16,600,0.0008990911224990641,3.00559518245338,13.017878758409905,714.845458984375,93.06277084350586,5.862644612789154,23764.32759779742,233229511.19553137,0.03882165877616651,2.1721540346393926,396,-88.30990219116211,-91.78641891479492,-92.28765869140625,-571.193115234375,-700.72265625,-5.602345883846283,-5.814553260803223,0.3149931999828921,2.561453893961051,ok,
direct_isolated,bimodal3d,2012,1024,0.02,8,16,600,0.000544844895790345,3.0934814161005333,13.958175848525691,719.495849609375,90.36101913452148,5.327021539211273,19976.491115033714,201405348.79928634,0.03336345352260472,2.156273831571745,418,-85.35505294799805,-89.1163330078125,-89.73431015014648,-560.364013671875,-703.011474609375,-5.0702754855155945,-5.282011926174164,0.277840702879392,2.639526336747157,ok,
direct_isolated,bimodal3d,2013,1024,0.02,8,16,600,0.0007118026605877494,3.0061624010727948,11.760009367294561,707.87109375,87.65863037109375,5.57810115814209,21722.405277289043,224611241.9440105,0.03606511143859259,2.1165464017571387,396,-81.51620864868164,-85.07568359375,-85.47236633300781,-543.927978515625,-648.1376953125,-5.286294519901276,-5.476985216140747,0.2639624715821619,2.4378737232737278,ok,
direct_isolated,bimodal3d,2014,1024,0.02,8,16,600,0.0006730086702158778,3.1567938532664623,16.739681991746497,725.83984375,91.07366943359375,5.374991416931152,19944.171141798117,200696736.27762225,0.03356947099689971,2.1756595077118686,397,-87.38818740844727,-90.41098403930664,-90.80610656738281,-609.515869140625,-722.3720703125,-5.1469040513038635,-5.3446877002716064,0.2984077951213542,2.885284501453723,ok,
direct_isolated,bimodal3d,2015,1024,0.02,8,16,600,0.0007852288482097013,3.0784100086528476,13.935155628128083,703.144287109375,88.49175643920898,5.578942239284515,20526.67773205769,196755235.89403912,0.03403804606209416,2.144120619302075,434,-83.74328231811523,-87.46398544311523,-87.71929550170898,-552.429443359375,-682.581787109375,-5.3268908858299255,-5.526589334011078,0.3002010766267239,2.7061022599011224,ok,
direct_isolated,bimodal3d,2016,1024,0.02,8,16,600,0.0006652703462950784,3.054901636731496,13.693005820210029,712.9443359375,94.23399353027344,5.7429139614105225,20858.773969450845,201665446.96531957,0.034710499210461244,2.169081631239193,370,-89.53886795043945,-93.1270751953125,-93.73622512817383,-539.284423828125,-702.946533203125,-5.4996612668037415,-5.701170265674591,0.27176080296100813,2.323253015709773,ok,
direct_isolated,bimodal3d,2017,1024,0.02,8,16,600,0.0005774349531759943,3.1771901356831833,15.09505916570154,709.646240234375,89.17635726928711,5.686135709285736,21665.51494416329,199951542.5464098,0.035095439138966525,2.1943165970694345,381,-84.24374008178711,-87.78432846069336,-88.02593994140625,-551.989990234375,-688.53515625,-5.428826749324799,-5.615578651428223,0.2883746086749783,2.684623451004625,ok,
direct_isolated,bimodal3d,2018,1024,0.02,8,16,600,0.0007747269498607958,2.9592160120673014,10.753178127677886,721.226318359375,86.77819442749023,5.65611070394516,24977.392233705334,271324554.63895905,0.038462373721918734,2.1316544413993026,425,-80.4909782409668,-82.6438102722168,-83.54583740234375,-557.500732421875,-657.18359375,-5.371532618999481,-5.534529685974121,0.2783010620288481,2.3964413953233796,ok,
direct_isolated,bimodal3d,2019,1024,0.02,8,16,600,0.0007776526380204371,3.041007793395199,13.7716318681236,717.99609375,91.85882568359375,5.710928916931152,21388.63066775208,217458495.40004915,0.03556139383774528,2.16718216876214,400,-86.82968521118164,-90.67883682250977,-91.03262710571289,-556.240478515625,-701.010009765625,-5.462579309940338,-5.652090609073639,0.26095889234495684,2.599746969526504,ok,
direct_isolated,bimodal3d,2020,1024,0.02,8,16,600,0.0008777365921039452,3.0027992535432375,13.195458349130238,705.782958984375,91.87917709350586,5.840183675289154,24723.155250229855,294608524.4679322,0.03915200506265634,2.1524936144450004,382,-87.4351806640625,-89.84623336791992,-90.12113571166992,-562.7890625,-678.893310546875,-5.591455459594727,-5.7654120326042175,0.28356968133695537,2.569730122419984,ok,
direct_isolated,bimodal3d,2021,1024,0.02,8,16,600,0.0009403407951537277,2.823595151376482,10.091597654620504,729.40234375,93.81976318359375,6.108878135681152,23666.835937926415,256979806.13652387,0.03797750436893773,2.1136665268543005,418,-88.07080078125,-91.40576171875,-91.04638671875,-556.6875,-655.1875,-5.824653625488281,-5.994499206542969,0.2696344759020508,2.2396767777089903,ok,
direct_isolated,bimodal3d,2022,1024,0.02,8,16,600,0.0010196052620662108,2.9170156512437106,10.790194553451846,707.251708984375,92.30105209350586,5.970554769039154,26722.255513691318,302625343.3231972,0.041086321872705237,2.1596123712478623,405,-86.58987426757812,-90.03839111328125,-89.62557983398438,-531.314453125,-635.787109375,-5.698791980743408,-5.870431423187256,0.24630621228082505,2.30364510873017,ok,
direct_isolated,bimodal3d,2023,1024,0.02,8,16,600,0.0008938878116797154,3.033271109622962,13.894432230313104,731.380615234375,93.80599594116211,6.018422544002533,23534.370289954135,230355794.92475182,0.03728295678232511,2.1673478080237336,368,-89.545654296875,-92.87710571289062,-93.09995651245117,-597.953125,-717.975341796875,-5.771404266357422,-5.965398490428925,0.3206723397468414,2.479279536193919,ok,
direct_isolated,bimodal3d,2024,1024,0.02,8,16,600,0.0008091156945437745,2.9665900128597613,11.899076192428897,725.398193359375,91.05187606811523,5.9835070967674255,23546.33598659938,220043548.5307109,0.03839059574936681,2.1357911242637564,357,-85.4156608581543,-88.94012451171875,-86.25310897827148,-570.742919921875,-633.370849609375,-5.709833323955536,-5.844988763332367,0.2733827452630714,2.6097247090818954,ok,
direct_isolated,bimodal3d,2025,1024,0.02,8,16,600,0.000673427252190796,3.170174199016581,15.617013139360699,698.8974609375,89.05210876464844,5.431844472885132,19589.79111137233,175754981.80887684,0.03311738823685485,2.148196778382301,440,-84.79359817504883,-88.24552917480469,-88.64543151855469,-567.243408203125,-692.6826171875,-5.197489082813263,-5.387221097946167,0.29005776684829443,2.608217134258572,ok,
direct_isolated,bimodal3d,2026,1024,0.02,8,16,600,0.0009596902863051338,2.955578452650215,12.147374451394617,739.7646484375,94.20237731933594,6.046130895614624,24075.483782044917,240363531.38860428,0.038740444906730516,2.169383168893835,391,-89.0400390625,-92.73329544067383,-92.7183723449707,-579.15625,-717.053955078125,-5.7740020751953125,-5.972558796405792,0.26011717174133653,2.365953247405,ok,
direct_isolated,bimodal3d,2027,1024,0.02,8,16,600,0.000860696704575322,2.9852027539221098,12.740890649893647,738.454833984375,94.48586654663086,5.555778920650482,23248.76293779024,257972945.05289957,0.036960228492053895,2.145695067354049,504,-88.83700180053711,-93.30136108398438,-93.61526489257812,-551.521240234375,-715.845703125,-5.281602323055267,-5.497162342071533,0.263332903875536,2.43467787371197,ok,
direct_isolated,bimodal3d,2028,1024,0.02,8,16,600,0.0008983912484809413,2.8949495133424166,10.426258399520222,728.0068359375,91.93321228027344,5.9777772426605225,24078.00018164901,249476263.8630577,0.037360467765206164,2.1345850922106107,421,-86.42637634277344,-89.6422119140625,-89.99961853027344,-557.8505859375,-691.2255859375,-5.709359884262085,-5.8896424770355225,0.23961333640089522,2.1621858996422416,ok,
direct_isolated,bimodal3d,2029,1024,0.02,8,16,600,0.0007071964285102598,3.2468103559870136,18.338921471017752,709.855224609375,91.87102890014648,5.963469445705414,24952.70012221119,241876974.0661896,0.03813986013986014,2.2423849091607155,441,-87.70306396484375,-91.03338241577148,-91.53315353393555,-571.99609375,-703.231201171875,-5.730711936950684,-5.929747760295868,0.31685304924865554,2.875145598943987,ok,
direct_isolated,cold_clumpy3d,2000,1024,0.02,8,16,600,0.0009230015040710969,0.005298266048965143,0.8734062767092132,2262.625,227.98828125,9.67529296875,35067.27623681682,502331481.5113802,0.051600302419354836,0.08802432645112929,379,25.11328125,94.28900146484375,0.3441429138183594,667.03125,744.540771484375,11.35107421875,5.032141149044037,-0.21576817485923255,-0.4535166743951995,ok,
direct_isolated,cold_clumpy3d,2001,1024,0.02,8,16,600,0.0003484746642667511,0.005280914608039571,0.8921942469285955,2150.53125,220.0703125,9.07470703125,36049.17268224725,559215498.7361763,0.05356297348484849,0.08635992345382665,438,-4.4375,62.74020004272461,170.960693359375,902.21875,4511.203125,7.01171875,6.650569915771484,-0.10856970438954061,-0.47920150306887743,ok,
direct_isolated,cold_clumpy3d,2002,1024,0.02,8,16,600,0.0016585373407375802,0.0056673848979015675,0.8753608423464359,1771.84375,167.125,9.060546875,36015.42427088705,559907993.4779866,0.054049822825024435,0.08757879143944142,261,26.21875,95.66392517089844,246.53070068359375,282.25,2945.71484375,5.24072265625,15.033865928649902,-0.09179770864531389,-0.601882225632495,ok,
direct_isolated,cold_clumpy3d,2003,1024,0.02,8,16,600,0.00015300752395101146,0.005516839152510549,0.8741756338711478,2223.71875,160.32421875,10.04052734375,35519.787697759806,549412878.9859674,0.053851264662756596,0.0867413125374453,304,73.50976181030273,345.95701599121094,59.270748138427734,1045.765380859375,1005.718505859375,3.8748778700828552,6.327442109584808,-0.06793761166476209,-0.5709648877657548,ok,
direct_isolated,cold_clumpy3d,2004,1024,0.02,8,16,600,0.0005699682288747849,0.004770735448594999,0.8813008463072187,2431.46875,226.15625,11.90380859375,39700.330514128815,628544136.4816393,0.055932306940371455,0.08703750096315771,616,37.1171875,115.74143981933594,86.59397888183594,366.125,729.5146484375,6.216796875,6.1185338497161865,-0.06386031494004746,-0.3669750165375864,ok,
direct_isolated,cold_clumpy3d,2005,1024,0.02,8,16,600,0.0010208413168984614,0.005398639878128231,0.9118892942873864,1982.1875,162.51953125,9.6474609375,35405.43564240108,503976874.3744214,0.05094353311339198,0.08768061463202337,376,78.41796875,122.953125,281.06272888183594,751.9375,2658.2958984375,4.8330078125,7.5301549434661865,-0.1366671133585563,-0.419813112857759,ok,
direct_isolated,cold_clumpy3d,2006,1024,0.02,8,16,600,0.0019930658254368547,0.005496042259263785,0.8792288522037165,1941.5625,181.9140625,9.162109375,34139.468824995354,486511440.4445075,0.05202414772727273,0.08912287678566608,298,192.85546875,241.58196640014648,91.65923690795898,2653.0625,1056.613037109375,8.7529296875,10.631730020046234,-0.13566410929136108,-0.5689328500336195,ok,
direct_isolated,cold_clumpy3d,2007,1024,0.02,8,16,600,0.002344933418323655,0.005231678961327746,0.9246598285561675,2258.875,177.62890625,9.337890625,35969.98821925459,537868413.2946125,0.05322504276637341,0.0879779942802423,451,112.1328125,112.18743896484375,164.71771240234375,1051.46875,2152.12109375,9.7373046875,8.788069725036621,-0.17924057830704787,-0.46689196367377683,ok,
direct_isolated,cold_clumpy3d,2008,1024,0.02,8,16,600,0.0007055502964060662,0.004830583932665923,0.8552988560850953,2995.34375,326.9453125,9.6162109375,43562.370395412465,564308138.9078286,0.06485405975073313,0.08817295996783714,252,-21.544925689697266,377.53125,-75.22743225097656,-235.265869140625,-265.9931640625,12.789428651332855,9.541307210922241,-0.05741593218460406,-0.5748361929180946,ok,
direct_isolated,cold_clumpy3d,2009,1024,0.02,8,16,600,0.0018659572537006047,0.005261413758207994,0.8671989726236659,2360.5,185.84375,9.17431640625,36119.58651613533,552268624.2794063,0.05295393450635386,0.08615908804562233,406,53.85546875,36.111324310302734,164.18272399902344,854.09375,1644.9443359375,7.12353515625,2.971971273422241,-0.09189250114048675,-0.4695388011647331,ok,
direct_isolated,cold_clumpy3d,2010,1024,0.02,8,16,600,0.0018322280357592456,0.00496485337831563,0.8928579578409882,2383.6875,178.99609375,8.8857421875,37323.18795333638,568586578.747021,0.05326895466764418,0.0890615729819514,635,257.203125,186.9707908630371,180.71177673339844,6677.28125,6672.8349609375,25.7353515625,17.0004403591156,-0.2634487370972309,-0.295391833329986,ok,
direct_isolated,cold_clumpy3d,2011,1024,0.02,8,16,600,0.002669889740704879,0.00512651940871453,0.8891297463956036,2598.5625,224.05859375,8.95751953125,38005.80637563667,564239075.4262898,0.05474477639296188,0.08666925805763628,367,94.39453125,101.66795349121094,344.94140625,669.1875,3876.8125,8.05224609375,9.308837890625,-0.10151529636214429,-0.44200990948906915,ok,
direct_isolated,cold_clumpy3d,2012,1024,0.02,8,16,600,0.0010112766539955745,0.004986588953566927,0.8654630299516484,2785.71875,214.96875,8.77197265625,37206.5031648175,544507329.2082006,0.053914268695014665,0.08845217967388944,450,634.60546875,425.15830993652344,397.034236907959,4611.3125,4865.706787109375,22.08544921875,6.335831582546234,-0.1788952633098998,-0.2894691799334622,ok,
direct_isolated,cold_clumpy3d,2013,1024,0.02,8,16,600,0.0019041306209175452,0.005281968993613453,0.8458295813559422,3164.4375,257.07421875,10.68505859375,37120.61238591422,563725193.0768847,0.05505406891495601,0.08774083322172294,322,26.90625,197.14837646484375,56.34157943725586,23.0625,103.595458984375,16.09423828125,7.819271504878998,-0.1246788043175806,-0.5327293084502165,ok,
direct_isolated,cold_clumpy3d,2014,1024,0.02,8,16,600,0.0009542895053833548,0.005970301763912463,0.8506105310984449,1987.0625,185.8125,10.23095703125,34699.99452644053,506548678.134093,0.05254154447702835,0.08907278957386672,245,12.3828125,-1.5801124572753906,75.84271240234375,-65.34375,993.99609375,5.8837890625,4.392073631286621,-0.09409102385363799,-0.5404998889641636,ok,
direct_isolated,cold_clumpy3d,2015,1024,0.02,8,16,600,0.0009389379577138152,0.005783931489628373,0.9090926086515014,1354.59375,166.1171875,8.7177734375,36978.78939085752,545472050.4870846,0.053740530303030304,0.0863675444280171,273,29.32421875,198.046875,176.6394920349121,319.625,2653.755615234375,6.3857421875,6.265637814998627,-0.0504342300430346,-0.6400289621005719,ok,
direct_isolated,cold_clumpy3d,2016,1024,0.02,8,16,600,0.002131571827764784,0.005478373835459307,0.9190315999284862,2952.78125,214.0703125,9.55517578125,33622.179430549986,502549444.7972473,0.052318166544477025,0.08815202535595937,404,-3.03515625,66.296875,79.19881820678711,37.15625,840.396240234375,9.03857421875,14.415185391902924,-0.09669094454852534,-0.5188210214411502,ok,
direct_isolated,cold_clumpy3d,2017,1024,0.02,8,16,600,0.0002531605329169221,0.005772797674460345,0.9015754382569464,2440.5625,224.90234375,8.37158203125,32688.092381374205,464260275.5561526,0.05055978128054741,0.08908485342866804,429,-58.96875,38.49945068359375,3.8036460876464844,654.0,1960.823974609375,8.24462890625,9.283888757228851,-0.10993320670353834,-0.47570211879054,ok,
direct_isolated,cold_clumpy3d,2018,1024,0.02,8,16,600,0.0022439137114217407,0.005707726031618897,0.8690277005471488,1927.375,186.05078125,9.9833984375,36975.31054072005,579499775.7697997,0.055390090420332355,0.08777647313636924,352,15.5703125,260.7890625,-17.257694244384766,27.15625,1167.898193359375,6.52978515625,3.456148087978363,-0.07339277870050964,-0.5855117131193437,ok,
direct_isolated,cold_clumpy3d,2019,1024,0.02,8,16,600,0.001134566668869394,0.004809415375807941,0.9177701677931402,3112.4375,204.73046875,10.12744140625,36951.61564590385,569173646.7032886,0.05470850134408602,0.08906188888151158,392,125.88671875,175.42687606811523,199.6645164489746,2410.65625,675.388427734375,11.99560546875,21.517920911312103,-0.17276408029441925,-0.34103116800618183,ok,
direct_isolated,cold_clumpy3d,2020,1024,0.02,8,16,600,0.0012456624781896491,0.004306879697745454,0.8867539552145447,2129.5625,143.76953125,9.16015625,37524.70922227748,556561483.1486508,0.055344269305962854,0.0872202243717149,781,713.13671875,323.92088317871094,280.09954833984375,10651.6875,5538.18359375,21.060546875,14.331755638122559,-0.2546617275370846,-0.2432443641464574,ok,
direct_isolated,cold_clumpy3d,2021,1024,0.02,8,16,600,0.00019563863264665727,0.005153367911963962,0.9227454195009912,2623.46875,240.61328125,9.95556640625,37963.192272318505,597314206.2077,0.05493760691593353,0.08535165210366166,289,178.66796875,145.27728271484375,13.571151733398438,1977.1875,1653.5224609375,23.47021484375,6.637159109115601,-0.12377873753654,-0.5781309099730401,ok,
direct_isolated,cold_clumpy3d,2022,1024,0.02,8,16,600,0.0016447410847809422,0.0052278566841142075,0.8661415226354378,2592.59375,257.91015625,8.8671875,36309.33281346869,539106342.3701577,0.05300357404692082,0.0878044963168782,289,-8.9453125,-32.96522521972656,174.17693710327148,-332.75,2184.620849609375,10.31103515625,4.601122796535492,-0.11999486672537141,-0.4181819887982832,ok,
direct_isolated,cold_clumpy3d,2023,1024,0.02,8,16,600,0.0009152247609883579,0.005579136628720306,0.9284930631874756,1900.3125,185.01953125,9.84228515625,36832.94218303608,560877598.4289185,0.053851264662756596,0.08909335293222935,438,57.19140625,155.46800231933594,79.67515563964844,1463.25,2141.8037109375,8.8203125,9.093862295150757,-0.14107000028891953,-0.3754931532942798,ok,
direct_isolated,cold_clumpy3d,2024,1024,0.02,8,16,600,0.0005994621012585566,0.005671989727803215,0.8748882090861462,2076.03125,192.1015625,10.73046875,36279.8966947564,574477309.9147813,0.05348660496089932,0.08866944481458168,359,12.16015625,79.00743103027344,113.52647399902344,-172.9375,2018.9755859375,6.18798828125,9.736131429672241,-0.09226488577948522,-0.44190333102676016,ok,
direct_isolated,cold_clumpy3d,2025,1024,0.02,8,16,600,0.0010037882832811098,0.006154812847671131,0.7897208490595728,1946.625,185.70703125,10.2607421875,37936.28624721934,589725127.9396799,0.05500824780058651,0.08969640703733735,230,65.58203125,101.59960556030273,24.13405990600586,268.625,497.189208984375,8.826171875,5.6630138754844666,-0.04712742853522356,-0.5194729204860109,ok,
direct_isolated,cold_clumpy3d,2026,1024,0.02,8,16,600,0.001643780810761707,0.0055347569133130355,0.8963898538120005,2075.84375,174.1953125,10.74365234375,35429.23633550521,534832422.78684247,0.05309139784946237,0.08817466291866022,407,26.73046875,31.71120834350586,96.38708114624023,12.15625,1681.226318359375,5.8720703125,10.217260301113129,-0.13148154689017955,-0.36220380338734737,ok,
direct_isolated,cold_clumpy3d,2027,1024,0.02,8,16,600,5.423010337355093e-05,0.005453692252157609,0.8654248294773815,2358.3125,227.67578125,11.29833984375,37666.714056658326,573329367.9212587,0.05518198619257087,0.08706008408558212,295,12.55078125,107.46676254272461,123.95005798339844,-302.625,2515.3037109375,7.27099609375,13.0424325466156,-0.07994873371795791,-0.43169064093496246,ok,
direct_isolated,cold_clumpy3d,2028,1024,0.02,8,16,600,0.0010649136065012151,0.005174389305762452,0.8601428600980686,2219.15625,238.34765625,10.462890625,36527.86113303259,572275435.6077816,0.054719956622678395,0.08765432485679372,338,-9.34765625,32.29818344116211,32.99119567871094,171.15625,548.2177734375,9.21337890625,5.516097784042358,-0.11096535955073056,-0.3659985047881598,ok,
direct_isolated,cold_clumpy3d,2029,1024,0.02,8,16,600,0.0015060073804596642,0.005487778044770428,0.8750894369217087,2435.15625,272.55859375,9.94189453125,35203.12361734735,522190853.507287,0.052022238514174,0.09038968846354198,557,-53.3671875,60.18386459350586,199.44329833984375,-18.71875,4004.77734375,8.27490234375,17.64431667327881,-0.15975130614130856,-0.37136091237054736,ok,
direct_isolated,hernquist3d,2000,1024,0.02,8,16,600,0.0014548766508780254,1.9299246589709886,1.882625305347206,540.284912109375,36.015438079833984,1.561612069606781,9709.824220666565,141981364.9543012,0.017200966908393765,1.2463261231121194,518,-11.109691619873047,-6.911983489990234,-6.593624114990234,-99.317138671875,-101.945068359375,-0.49265021085739136,-0.5115641951560974,0.11985927475121938,0.6493570611258404,ok,
direct_isolated,hernquist3d,2001,1024,0.02,8,16,600,0.0014121481141835903,2.060450356015814,2.1113876828428153,479.214599609375,28.144222259521484,1.3267468810081482,6878.573136459828,93261202.58421716,0.012931888577179388,1.219860365785051,518,-10.54718017578125,-11.007659912109375,-9.383331298828125,-95.51953125,-194.970703125,-0.730046272277832,-0.5939412117004395,0.12301522351375294,0.8586474113649459,ok,
direct_isolated,hernquist3d,2002,1024,0.02,8,16,600,0.005004168230181447,2.017044130834507,2.0293156953945033,503.054443359375,34.659297943115234,1.3482837080955505,7581.981056380285,110328541.93276113,0.014873131587126671,1.2205316853745471,521,-9.411407470703125,-13.580577850341797,-4.885387420654297,-74.298828125,-114.055419921875,-0.37819337844848633,-0.3191625475883484,0.1084325804258659,0.8705104099854547,ok,
direct_isolated,hernquist3d,2003,1024,0.02,8,16,600,0.000752536242773162,2.1659737596000617,2.2921119246545416,497.3193359375,29.618270874023438,1.2263963222503662,8610.61306901427,128999129.65324886,0.014298470599411039,1.2239114778800233,487,-9.046066284179688,-13.348739624023438,-6.384723663330078,-140.4482421875,-183.106689453125,-0.3859736919403076,-0.42132502794265747,0.16055246761396313,0.8976932922650996,ok,
direct_isolated,hernquist3d,2004,1024,0.02,8,16,600,0.0004460927817691471,1.7272864664155243,1.6283130123474858,607.234375,39.601318359375,1.8522911071777344,19499.947233957042,186763876.02990812,0.018799467908214167,1.204821230993773,493,-3.7115516662597656,3.3898887634277344,7.721431732177734,-101.804931640625,-27.000244140625,-0.14267927408218384,0.0955314040184021,0.08555890647350994,0.29087596267018834,ok,
direct_isolated,hernquist3d,2005,1024,0.02,8,16,600,0.003604843100191928,1.9705707180894079,1.953765583298743,527.8662109375,36.72789001464844,1.5321252346038818,11238.501960633621,131296947.98918858,0.01727468162423475,1.2256793349386461,496,-9.666706085205078,-6.734119415283203,-7.480030059814453,-83.091064453125,-42.456298828125,-0.34107524156570435,-0.34285813570022583,0.11202423962469926,0.7319638883500708,ok,
direct_isolated,hernquist3d,2006,1024,0.02,8,16,600,0.0004723215658012311,2.177510081811961,2.3590979026522714,506.96484375,30.12835693359375,1.2374181747436523,6411.060253223214,92564216.79779735,0.012999754721609027,1.273725453855082,527,-12.500564575195312,-17.462345123291016,-12.395339965820312,-151.9111328125,-269.1455078125,-0.6014492511749268,-0.6013920307159424,0.15481775214152638,1.1412058471529822,ok,
direct_isolated,hernquist3d,2007,1024,0.02,8,16,600,0.00024000472268318298,1.7932746004650604,1.699524483774842,593.640625,39.890380859375,1.7409629821777344,14271.602101094002,184519039.15518224,0.02020285999334885,1.233305112959444,507,-4.089786529541016,-8.598453521728516,0.09383773803710938,-75.855712890625,-93.760009765625,-0.07943636178970337,0.20132583379745483,0.107044697591542,0.38113832869118747,ok,
direct_isolated,hernquist3d,2008,1024,0.02,8,16,600,0.0029181233959377573,2.0313205959030816,2.051020088495149,529.3818359375,33.15977478027344,1.3217103481292725,11083.418873762983,160773392.59141147,0.015074781372101373,1.215860478667619,524,-4.824451446533203,-8.6470947265625,0.6156120300292969,-68.311767578125,71.977294921875,-0.3216894268989563,-0.28185445070266724,0.11939828596917568,0.7176708180940876,ok,
direct_isolated,hernquist3d,2009,1024,0.02,8,16,600,0.0006796143440098074,1.8413927462337183,1.7529440732633084,543.7802734375,36.60154724121094,1.552551031112671,10211.884393945928,143009642.71374816,0.01708408626484049,1.2227430285173688,517,-8.746078491210938,-12.270404815673828,-4.929737091064453,-99.2802734375,-118.237548828125,-0.3607175350189209,-0.2837226986885071,0.07844424632178204,0.4849950854079199,ok,
direct_isolated,hernquist3d,2010,1024,0.02,8,16,600,0.00024927631664125476,1.8624417067954406,1.7896248742243717,583.138427734375,36.19918441772461,1.800322949886322,11384.435775018695,140481437.65625542,0.020562570577969407,1.2253619129751268,498,-6.70587158203125,-4.0906982421875,2.115081787109375,-174.70703125,-84.166015625,-0.3567323684692383,-0.14474725723266602,0.1173512432347204,0.6651133322830036,ok,
direct_isolated,hernquist3d,2011,1024,0.02,8,16,600,0.0005992143405526574,1.8891174713663583,1.8238908984759903,553.538818359375,39.362178802490234,1.658521592617035,8938.32060944065,110541106.46170801,0.01683444296493564,1.2401024272912853,492,-11.910655975341797,-12.791027069091797,-8.67303466796875,-107.047607421875,-141.35546875,-0.3870622515678406,-0.2530698776245117,0.10691976245650359,0.5947818277685307,ok,
direct_isolated,hernquist3d,2012,1024,0.02,8,16,600,0.0038923229372745064,2.022643011734113,2.0367054546452135,516.25,32.9912109375,1.3383636474609375,7948.01709685389,112803741.22861099,0.01485961979771652,1.2102710184768466,505,-10.108657836914062,-10.87460708618164,-8.091129302978516,-87.3916015625,-173.879150390625,-0.3621103763580322,-0.3386736512184143,0.12205532647620554,0.6771551087382637,ok,
direct_isolated,hernquist3d,2013,1024,0.02,8,16,600,0.002947644907354902,1.9703880460530518,1.9504228561058148,547.9755859375,33.31211853027344,1.2577455043792725,8403.063891394755,128129063.44219995,0.014297515188060076,1.2026497408206158,530,-7.751514434814453,-7.4821014404296875,0.9124870300292969,-139.581298828125,56.352294921875,-0.21251755952835083,-0.44347554445266724,0.13119622231112243,0.7240339436289571,ok,
direct_isolated,hernquist3d,2014,1024,0.02,8,16,600,0.0006021580865946914,2.143971385224996,2.256087444686098,467.394287109375,30.368709564208984,1.2939996123313904,7105.380024471379,103697567.94294935,0.014717779236939196,1.2335313466883386,510,-8.925933837890625,-11.969356536865234,-8.8106689453125,-105.853515625,-193.2578125,-0.417116641998291,-0.4529743194580078,0.12945901189129383,1.0651427913968678,ok,
direct_isolated,hernquist3d,2015,1024,0.02,8,16,600,0.0006553065039531408,1.9197412624639019,1.874298729262606,547.435302734375,37.29366683959961,1.497477948665619,7857.03017093003,100023331.1743786,0.01635917577037746,1.2173275039473976,458,-11.525249481201172,-11.329936981201172,-1.502685546875,-137.662841796875,36.765625,-0.4821144938468933,-0.3935356140136719,0.15865627938634136,0.7703300697273288,ok,
direct_isolated,hernquist3d,2016,1024,0.02,8,16,600,0.001992114145719337,2.041774198491521,2.071051653936233,551.8896484375,34.60032653808594,1.3761403560638428,7674.916384835085,117847327.64770862,0.015038718291054739,1.2184205363226626,503,-12.358753204345703,-15.118396759033203,-10.721481323242188,-163.225830078125,-215.3310546875,-0.4352014660835266,-0.5018737316131592,0.1464903753113,0.7443674711634012,ok,
direct_isolated,hernquist3d,2017,1024,0.02,8,16,600,0.0008172897086922869,2.1057223856856684,2.185173342561974,548.65234375,32.45941162109375,1.3079595565795898,8370.953222577553,116060373.02486104,0.014492909248401806,1.2394781866073656,523,-12.330326080322266,-13.007755279541016,-11.744583129882812,-158.312744140625,-241.3720703125,-0.5235634446144104,-0.49143147468566895,0.13684805902050146,0.7766007880501089,ok,
direct_isolated,hernquist3d,2018,1024,0.02,8,16,600,0.00018376032090499958,1.8702920231192464,1.8152896070590774,572.71875,37.94140625,1.3720703125,8955.860628287413,123430233.12355427,0.015231149500217298,1.1845141612046195,524,-10.551029205322266,-11.92575454711914,-8.20639419555664,-124.156494140625,-173.006103515625,-0.0407448410987854,0.04136127233505249,0.07410351548426924,0.4190548741164956,ok,
direct_isolated,hernquist3d,2019,1024,0.02,8,16,600,0.00043506396718226496,2.120869667876283,2.223573999282399,496.55859375,30.07366943359375,1.1798009872436523,6534.714360119289,103633764.99122159,0.0123094712498686,1.2238548780961735,540,-11.216018676757812,-9.19305419921875,-0.5652503967285156,-119.7626953125,-36.910400390625,-0.4283020496368408,-0.42280298471450806,0.1241785205637218,0.9897921335377264,ok,
direct_isolated,hernquist3d,2020,1024,0.02,8,16,600,0.011473700830026263,2.0072383514110563,2.012533989274517,532.935302734375,35.45382308959961,1.401286542415619,8398.276025940218,110219952.21725027,0.01539104700925223,1.208320468069595,491,-13.3465576171875,-15.417205810546875,-8.910869598388672,-127.1171875,-133.155029296875,-0.3721141815185547,-0.571086585521698,0.14775506670413224,0.8183196220052673,ok,
direct_isolated,hernquist3d,2021,1024,0.02,8,16,600,0.0006680387467812409,1.8450821677552662,1.7489667904513164,554.193115234375,36.26888656616211,1.512166440486908,8408.481179964907,111951023.84097657,0.015145712930595323,1.2108233797824939,502,-9.796478271484375,-8.77669906616211,-8.532806396484375,-90.505859375,-139.068359375,-0.5421690940856934,-0.40364980697631836,0.10201003224884053,0.504840913051867,ok,
direct_isolated,hernquist3d,2022,1024,0.02,8,16,600,0.0006581211993910027,1.872790372149423,1.796029368157661,554.616943359375,37.921016693115234,1.6588305830955505,9081.587830010118,112828797.78372857,0.017953010652425758,1.2203432586207243,482,-9.002960205078125,-5.308868408203125,0.7850379943847656,-137.439453125,-34.554443359375,-0.3206028938293457,-0.31265443563461304,0.1325295187345683,0.6158978381611585,ok,
direct_isolated,hernquist3d,2023,1024,0.02,8,16,600,0.0006176803535839729,1.8968501331754772,1.842809697841835,563.665771484375,37.73818588256836,1.5339645743370056,10245.363224769115,137866067.79219195,0.017239876934626547,1.2326304225736795,508,-8.01873779296875,-9.87860107421875,-3.179119110107422,-126.26171875,-118.760498046875,-0.3221311569213867,-0.14668911695480347,0.1141490672726872,0.5223659872589435,ok,
direct_isolated,hernquist3d,2024,1024,0.02,8,16,600,0.01169353435944993,2.006194933603897,2.010103078446218,509.499755859375,35.562740325927734,1.4014624953269958,8527.717157178735,119222909.21363384,0.01620848327532299,1.2133123651355129,481,-8.576934814453125,-8.81268310546875,4.385242462158203,-92.017578125,-21.828857421875,-0.3113827705383301,-0.20018786191940308,0.11534136764099767,0.9266009027558424,ok,
direct_isolated,hernquist3d,2025,1024,0.02,8,16,600,0.002661116902504526,1.977317713961482,1.9641228302975204,549.78125,34.3935546875,1.4428558349609375,8596.88351512117,111144605.72465625,0.014671926792645267,1.222309188007914,518,-8.736221313476562,-2.50933837890625,2.6731224060058594,-120.6181640625,6.689208984375,-0.4381392002105713,-0.48640018701553345,0.15266115451016105,0.541032280094416,ok,
direct_isolated,hernquist3d,2026,1024,0.02,8,16,600,0.0004836827358595776,2.18329239774971,2.348917229059823,488.238037109375,28.619197845458984,1.2454232573509216,7162.765629588353,103563146.49958527,0.013351874462985575,1.2186502186507129,528,-11.353271484375,-13.149871826171875,-13.192455291748047,-137.734375,-213.520263671875,-0.6169090270996094,-0.6862041354179382,0.12426443236483842,1.07785589742531,ok,
direct_isolated,hernquist3d,2027,1024,0.02,8,16,600,0.012060304637678232,2.0051463891678534,2.008852632524404,504.8583984375,31.448471069335938,1.495410680770874,7966.580814020373,107968458.29125905,0.01560160771590913,1.2184003620459452,512,-7.2556610107421875,-10.644760131835938,-8.183673858642578,-95.1123046875,-181.239501953125,-0.4903228282928467,-0.4510815739631653,0.12120696401195319,0.9023586355450155,ok,
direct_isolated,hernquist3d,2028,1024,0.02,8,16,600,0.0005195828460554332,1.8440149448441079,1.7643751815733733,563.003662109375,36.734188079833984,1.506253182888031,9061.19993890873,119589686.7646766,0.015523203541047099,1.2051501389352095,496,-7.182281494140625,-8.699657440185547,-7.729854583740234,-91.072265625,-124.070068359375,-0.23551416397094727,-0.30934709310531616,0.12040889884687456,0.41137122858785347,ok,
direct_isolated,hernquist3d,2029,1024,0.02,8,16,600,0.0012355675126093668,2.098089495148952,2.174221072586832,508.984130859375,34.031246185302734,1.5315856337547302,11361.421960365527,159300276.615951,0.01674490487164736,1.2597935361146253,507,-13.20111083984375,-15.51043701171875,-11.6397705078125,-108.24609375,-182.2265625,-0.6113576889038086,-0.5220203399658203,0.14730777887009866,0.8838406732871322,ok,
direct_isolated,plummer3d,2000,1024,0.02,8,16,600,0.00028554013751550705,1.7273268434285813,1.4551436934682163,1315.9599609375,89.87730407714844,2.8121697902679443,6189.693132120657,65822274.68332866,0.012466922704667373,1.5533468649711397,599,-53.452880859375,-53.66270446777344,-49.74668884277344,-582.609375,-584.6943359375,-1.7033653259277344,-1.715707540512085,0.16575666828577768,0.18203125018064065,ok,
direct_isolated,plummer3d,2001,1024,0.02,8,16,600,0.0003688897387942343,1.7398989941992522,1.4601334486095572,1245.96484375,80.62933349609375,2.368048667907715,5210.813880443932,71190478.82134062,0.010458401951178838,1.5206120333395283,602,-52.1875,-57.431461334228516,-50.15754699707031,-518.65625,-630.3330078125,-1.55548095703125,-1.4489948749542236,0.16343662212386656,0.19253516078024013,ok,
direct_isolated,plummer3d,2002,1024,0.02,8,16,600,0.0003186540069186119,1.7436803296113994,1.4773102964010212,1275.21484375,85.93011474609375,2.372931480407715,5549.999947863479,62964025.16815181,0.011196347793458548,1.517622169823629,613,-53.31015396118164,-51.76106262207031,-50.328125,-524.021728515625,-635.0625,-1.5154967904090881,-1.43646240234375,0.15416098775735393,0.22749395812722623,ok,
direct_isolated,plummer3d,2003,1024,0.02,8,16,600,0.00045778971261722316,1.8257125292557093,1.6137712718776973,1238.8125,79.8623046875,2.2552337646484375,5107.233097142034,67819222.6512784,0.010418242959226566,1.5262729849137413,618,-48.72076416015625,-50.65101623535156,-46.43080139160156,-551.87890625,-579.3212890625,-1.4760446548461914,-1.4935476779937744,0.15895877388190688,0.24536330882111496,ok,
direct_isolated,plummer3d,2004,1024,0.02,8,16,600,0.00010677312070782567,1.5946297883393754,1.347212169256925,1335.9599609375,96.53355407714844,2.9464471340179443,7481.632576038699,76452893.90135139,0.014046395733157607,1.5060143155929997,583,-44.24546813964844,-36.34651565551758,-40.0308837890625,-435.4599609375,-558.1015625,-1.3110864162445068,-1.0922794342041016,0.10751385689441056,0.08684725735651067,ok,
direct_isolated,plummer3d,2005,1024,0.02,8,16,600,0.0002721158594462529,1.7434919291767983,1.4889897377794954,1268.810302734375,87.55343246459961,2.613109052181244,6272.863308378102,66677864.74756169,0.01197941417348311,1.535312873893492,599,-52.61941146850586,-49.56228256225586,-48.01267623901367,-524.814208984375,-636.951904296875,-1.675541341304779,-1.5151821970939636,0.1671669641640039,0.17386731551900175,ok,
direct_isolated,plummer3d,2006,1024,0.02,8,16,600,0.0005221976439310742,1.8498954899417688,1.648544578298964,1271.40234375,81.86224365234375,2.249434471130371,5379.188718620916,67424669.2188746,0.010431151528575941,1.5655888125928057,637,-56.962890625,-58.22908020019531,-50.16963195800781,-591.1875,-654.0751953125,-1.563995361328125,-1.485194444656372,0.20598216018052912,0.3017334983803105,ok,
direct_isolated,plummer3d,2007,1024,0.02,8,16,600,0.00012113102579643414,1.6495410593805881,1.37123226298163,1343.687255859375,94.41186141967773,2.8469809889793396,6976.734446028285,70917610.7343517,0.013578774628219633,1.5284655800068117,579,-51.720699310302734,-51.99627685546875,-44.5023193359375,-531.984130859375,-605.7109375,-1.6011962294578552,-1.4172725677490234,0.1406327483574535,0.13375943070308485,ok,
direct_isolated,plummer3d,2008,1024,0.02,8,16,600,0.0003226123967691772,1.775478989654898,1.5653423921616159,1250.017333984375,87.81545639038086,2.432327687740326,5925.65310621308,70177071.01438197,0.011912471997197065,1.5234260443981424,623,-47.419708251953125,-51.89178466796875,-47.3330078125,-485.236328125,-447.0,-1.3783230781555176,-1.3777008056640625,0.16080732975394602,0.21599257492343948,ok,
direct_isolated,plummer3d,2009,1024,0.02,8,16,600,0.0002791181291780079,1.6409986400669487,1.3477472305395752,1294.560302734375,90.67843246459961,2.687327802181244,6443.481914603218,76570377.81127876,0.012424294510783293,1.521771736309348,597,-50.12398910522461,-49.24912643432617,-43.450469970703125,-487.263427734375,-549.580078125,-1.4268946051597595,-1.3103833198547363,0.1387086918382755,0.14403467301728706,ok,
direct_isolated,plummer3d,2010,1024,0.02,8,16,600,0.0002823923434754632,1.6963721977743538,1.4122954778442078,1351.431396484375,93.93423080444336,2.8298744559288025,6957.828135361395,68481778.89026755,0.013656232852642157,1.5343278171538826,592,-54.48417282104492,-51.1326904296875,-54.12308883666992,-556.096435546875,-729.518310546875,-1.717129409313202,-1.6422736048698425,0.1413935823144944,0.15590284039344754,ok,
direct_isolated,plummer3d,2011,1024,0.02,8,16,600,0.0001933659735800316,1.6940370676668401,1.4260937194885734,1291.997802734375,89.00265121459961,2.756175458431244,6472.837189325707,67791595.73376048,0.012503159661486508,1.535919556978275,589,-53.24705123901367,-48.1939697265625,-43.00909423828125,-522.858154296875,-548.05078125,-1.6889492869377136,-1.5164995193481445,0.15511920457395773,0.15806777689848428,ok,
direct_isolated,plummer3d,2012,1024,0.02,8,16,600,0.00033531535159751107,1.750201229120207,1.5248838777629516,1317.74609375,85.50286865234375,2.456954002380371,5635.859251988123,67636041.37870476,0.011097711545639877,1.527271128368039,584,-50.75506591796875,-48.823429107666016,-46.58353042602539,-550.26171875,-692.486572265625,-1.4867124557495117,-1.3574147820472717,0.1522434245663004,0.1572813945790436,ok,
direct_isolated,plummer3d,2013,1024,0.02,8,16,600,0.00019950039920462815,1.700107722894065,1.4300561844536535,1287.345458984375,89.96364974975586,2.4375118613243103,5658.028251821485,67264093.47169963,0.011210967567455116,1.5081695940823119,591,-54.002288818359375,-47.44369125366211,-39.438232421875,-554.615234375,-421.859375,-1.5154776573181152,-1.2779045104980469,0.1514371106655404,0.19025354972158354,ok,
direct_isolated,plummer3d,2014,1024,0.02,8,16,600,0.0005446957005199624,1.8222821272250307,1.594243170416581,1259.7724609375,79.19371032714844,2.3048455715179443,5325.567448086667,61937441.25423622,0.010611505235736864,1.5461044242801103,629,-49.04225540161133,-54.9774169921875,-50.83049011230469,-588.532470703125,-735.5576171875,-1.495075523853302,-1.5032718181610107,0.17281687709045146,0.283232698020397,ok,
direct_isolated,plummer3d,2015,1024,0.02,8,16,600,0.0003119723201249004,1.7030713057716942,1.4121686522400057,1279.288818359375,87.62243270874023,2.528798997402191,6408.021639056822,73237544.62335376,0.012561454435625955,1.5100249316239402,577,-55.032588958740234,-45.829036712646484,-43.805206298828125,-523.195068359375,-467.564453125,-1.5781764388084412,-1.5321125984191895,0.17697173174637137,0.20530018951562584,ok,
direct_isolated,plummer3d,2016,1024,0.02,8,16,600,0.00022953374765461866,1.7676133893106307,1.5420230307281972,1280.095458984375,89.55739974975586,2.4926876425743103,5673.602307136451,68405814.23266508,0.011400278765940627,1.5213325613806514,612,-56.1573486328125,-53.35844039916992,-51.692138671875,-556.4140625,-595.703125,-1.5765552520751953,-1.4912834167480469,0.16560156106771207,0.17795396046417383,ok,
direct_isolated,plummer3d,2017,1024,0.02,8,16,600,0.0005798517757017953,1.8216405067848562,1.6365031164031716,1228.265625,87.736083984375,2.4388694763183594,5784.155536304758,71621059.72628735,0.011243993416536403,1.5564263656143786,580,-55.86407470703125,-57.537109375,-53.306766510009766,-509.48828125,-626.929931640625,-1.5766725540161133,-1.5177021622657776,0.18180070745565113,0.2071078489862998,ok,
direct_isolated,plummer3d,2018,1024,0.02,8,16,600,0.00016063825527891278,1.6626015191094696,1.4123922137710108,1268.435302734375,94.40743637084961,2.64018577337265,6005.166924576052,63802356.455281235,0.012221480823471138,1.5076427836615802,597,-50.468353271484375,-44.75767135620117,-44.852569580078125,-503.443359375,-577.970703125,-1.3840880393981934,-1.0720982551574707,0.13239957072576475,0.1186451030760402,ok,
direct_isolated,plummer3d,2019,1024,0.02,8,16,600,0.00028946706951153554,1.7872081321628086,1.538771081018563,1258.4375,84.1904296875,2.2147064208984375,5117.032303625894,65007255.26418042,0.010304749894913829,1.5220797333324407,592,-57.57679748535156,-58.4169921875,-53.695072174072266,-573.6962890625,-582.062744140625,-1.4468786716461182,-1.4751854538917542,0.1853353139671286,0.2537016255729837,ok,
direct_isolated,plummer3d,2020,1024,0.02,8,16,600,0.0003040670804497449,1.7574211474715844,1.5219917721233205,1227.849365234375,87.47640609741211,2.496060788631439,5870.692864095485,64457654.980488546,0.011499794873096231,1.525762317033382,562,-54.46433639526367,-54.44930648803711,-47.20652389526367,-490.108154296875,-463.514404296875,-1.5778424143791199,-1.4970929026603699,0.1780212351804844,0.18138225312900397,ok,
direct_isolated,plummer3d,2021,1024,0.02,8,16,600,0.00021838309266845884,1.6314164087802285,1.2977354171819404,1293.501708984375,91.56130599975586,2.6171993613243103,5943.759519750305,64471008.94859132,0.012109675674551165,1.5062116705693256,572,-53.803070068359375,-52.932708740234375,-54.157562255859375,-494.771484375,-660.271484375,-1.6116690635681152,-1.5693564414978027,0.15187244180324955,0.17852697619420815,ok,
direct_isolated,plummer3d,2022,1024,0.02,8,16,600,0.0002493416084049542,1.6943002323730911,1.4296359377611867,1243.24609375,89.25042724609375,2.634161949157715,6515.882775844706,63191325.6924739,0.012738946446811615,1.516756743871829,576,-53.819156646728516,-45.22200012207031,-38.06884765625,-502.722900390625,-416.5625,-1.632458746433258,-1.3637466430664062,0.1405069501947952,0.16792429928803976,ok,
direct_isolated,plummer3d,2023,1024,0.02,8,16,600,0.0002944617679907053,1.7059811556251532,1.4391271697561903,1337.560302734375,92.20040512084961,2.69487327337265,6500.242060956449,70249872.3760809,0.012714761158164915,1.5450565953241675,576,-50.33810043334961,-50.755340576171875,-47.29226303100586,-511.622802734375,-634.407958984375,-1.5331453680992126,-1.4242748618125916,0.13838825256093118,0.15702462761887892,ok,
direct_isolated,plummer3d,2024,1024,0.02,8,16,600,0.00036756516949771484,1.7534643426763152,1.5077811807442691,1224.6474609375,84.01792907714844,2.5514276027679443,6056.12108447684,71133023.33273819,0.011748231587401283,1.5205073800493714,594,-50.71324157714844,-48.86192321777344,-45.6834716796875,-479.9912109375,-576.4296875,-1.6227777004241943,-1.4131450653076172,0.1619734806163276,0.19669924521791055,ok,
direct_isolated,plummer3d,2025,1024,0.02,8,16,600,0.0003034136067218146,1.7423679701549297,1.496506740664792,1269.1474609375,89.87779235839844,2.5810983180999756,5914.665110499353,62063755.14932291,0.012224975595104002,1.5342199061093034,586,-51.28076171875,-50.51799011230469,-51.8189697265625,-556.1875,-649.7890625,-1.5560836791992188,-1.583108901977539,0.14335958048246888,0.1659164767123542,ok,
direct_isolated,plummer3d,2026,1024,0.02,8,16,600,0.00046070815401435313,1.827447817787253,1.6267110021962154,1246.96484375,80.79730224609375,2.159552574157715,5146.52539168019,70747538.56049193,0.010018552875695733,1.5229270413786937,635,-52.54695129394531,-58.653263092041016,-50.74359130859375,-555.6611328125,-661.87109375,-1.4097912311553955,-1.4122533798217773,0.18082239930882782,0.24523301975241885,ok,
direct_isolated,plummer3d,2027,1024,0.02,8,16,600,0.0002712864524969238,1.7374902731579251,1.4536853488286996,1281.125,86.07421875,2.52093505859375,5675.424115111582,69211631.92925073,0.011244344259626966,1.5214076269508756,599,-52.310916900634766,-55.25638198852539,-48.452213287353516,-552.039306640625,-628.582275390625,-1.5626888871192932,-1.5083170533180237,0.16492438896402334,0.23904704032627233,ok,
direct_isolated,plummer3d,2028,1024,0.02,8,16,600,0.00019535012242697096,1.6479050679921725,1.382373448485425,1327.7333984375,91.81858825683594,2.5840795040130615,6183.40765064983,64789120.41597301,0.012383639582906864,1.510093866084764,622,-50.42909622192383,-43.48311233520508,-36.27000427246094,-566.040283203125,-306.8115234375,-1.3970549702644348,-1.1747510433197021,0.1524751059549342,0.17595961233470253,ok,
direct_isolated,plummer3d,2029,1024,0.02,8,16,600,0.0006751176824810588,1.8547528651748335,1.669070758302979,1256.073974609375,89.16350936889648,2.5549535155296326,6316.662489862042,72343382.41763127,0.012224103030541611,1.5792365479450268,572,-59.09467697143555,-61.358394622802734,-57.658660888671875,-607.856201171875,-701.029296875,-1.7232505679130554,-1.651160717010498,0.17624405062363513,0.26574843734983905,ok,
pm_periodic,bimodal3d,2000,1024,0.02,8,16,600,,nan,nan,718.59375,96.4296875,5.98876953125,24576.904857349786,256255805.9796915,0.03899185911534702,2.2140211735142037,348,-91.875,-94.01171875,-94.03125,-579.25,-678.1875,-5.69580078125,-5.7216796875,nan,nan,ok,
pm_periodic,bimodal3d,2001,1024,0.02,8,16,600,,nan,nan,725.75,88.453125,5.54150390625,20784.64029241279,218291765.9357661,0.034104273582600195,2.1446938882224567,357,-84.07421875,-86.11328125,-86.28125,-606.875,-705.53125,-5.26806640625,-5.2822265625,nan,nan,ok,
pm_periodic,bimodal3d,2002,1024,0.02,8,16,600,,nan,nan,713.78125,89.0625,5.626953125,23659.898378302256,277388884.63398397,0.03659770588954057,2.1518557617196117,372,-84.80859375,-86.62109375,-86.48828125,-592.71875,-677.71875,-5.337890625,-5.36474609375,nan,nan,ok,
pm_periodic,bimodal3d,2003,1024,0.02,8,16,600,,nan,nan,716.34375,91.87890625,5.64013671875,23068.395106762335,258530414.96395427,0.03656524926686217,2.161131956923458,377,-86.703125,-89.60546875,-89.47265625,-567.90625,-680.21875,-5.3505859375,-5.38525390625,nan,nan,ok,
pm_periodic,bimodal3d,2004,1024,0.02,8,16,600,,nan,nan,715.90625,93.05859375,6.12060546875,25515.21179333557,298813704.08513665,0.039175143572825026,2.1556978750158238,346,-87.5234375,-90.25,-87.6796875,-539.375,-626.03125,-5.80517578125,-5.787109375,nan,nan,ok,
pm_periodic,bimodal3d,2005,1024,0.02,8,16,600,,nan,nan,736.53125,89.89453125,5.46240234375,21080.369887088316,218097971.65184048,0.033474233260019554,2.1854765059718613,368,-86.0,-87.7734375,-87.4921875,-625.84375,-703.15625,-5.18359375,-5.208984375,nan,nan,ok,
pm_periodic,bimodal3d,2006,1024,0.02,8,16,600,,nan,nan,721.53125,92.34765625,5.82421875,21888.29172955932,221063296.00092953,0.035753833699902246,2.2010934452200663,349,-87.98828125,-90.14453125,-89.984375,-608.09375,-689.875,-5.517578125,-5.56787109375,nan,nan,ok,
pm_periodic,bimodal3d,2007,1024,0.02,8,16,600,,nan,nan,745.15625,93.21875,6.07080078125,25255.04466588506,296390940.8871356,0.04017175281036168,2.1631436813146205,349,-87.96484375,-89.9375,-87.265625,-600.6875,-635.5,-5.76025390625,-5.73974609375,nan,nan,ok,
pm_periodic,bimodal3d,2008,1024,0.02,8,16,600,,nan,nan,729.96875,90.98828125,5.71044921875,23762.890879714912,279035766.0918317,0.03609940127077224,2.1833983285285186,358,-86.75390625,-88.58203125,-88.69140625,-619.03125,-701.03125,-5.416015625,-5.44677734375,nan,nan,ok,
pm_periodic,bimodal3d,2009,1024,0.02,8,16,600,,nan,nan,736.3125,92.79296875,6.13427734375,22985.662220209248,242249404.62143195,0.03704637096774194,2.141072026536047,338,-87.41796875,-89.79296875,-88.078125,-582.3125,-644.1875,-5.81640625,-5.82666015625,nan,nan,ok,
pm_periodic,bimodal3d,2010,1024,0.02,8,16,600,,nan,nan,718.5625,94.140625,5.77392578125,23815.84183863514,249413008.5800522,0.037823420698924734,2.1835107493998507,354,-89.65234375,-91.96875,-91.7890625,-589.0,-693.90625,-5.48095703125,-5.5126953125,nan,nan,ok,
pm_periodic,bimodal3d,2011,1024,0.02,8,16,600,,nan,nan,716.6875,92.9609375,5.86572265625,23277.831983314914,234304353.35107052,0.03724492913000978,2.1716595115148256,375,-88.50390625,-90.578125,-90.40625,-595.46875,-686.34375,-5.57666015625,-5.5966796875,nan,nan,ok,
pm_periodic,bimodal3d,2012,1024,0.02,8,16,600,,nan,nan,718.5,90.3203125,5.328125,19801.470139358727,202104375.20754755,0.03277927969208211,2.156660057143051,363,-85.3828125,-87.77734375,-87.33203125,-585.34375,-667.375,-5.009765625,-5.05224609375,nan,nan,ok,
pm_periodic,bimodal3d,2013,1024,0.02,8,16,600,,nan,nan,710.46875,87.5859375,5.58154296875,21299.576119196507,225915884.72692502,0.03467130987292277,2.1206725980064336,368,-81.5546875,-84.1875,-83.0390625,-568.4375,-604.71875,-5.25537109375,-5.28173828125,nan,nan,ok,
pm_periodic,bimodal3d,2014,1024,0.02,8,16,600,,nan,nan,727.9375,91.015625,5.37646484375,19711.429578373714,201491612.24304527,0.032786916544477025,2.1774651317824074,372,-87.33984375,-88.75,-89.0390625,-620.40625,-714.0,-5.1064453125,-5.11669921875,nan,nan,ok,
pm_periodic,bimodal3d,2015,1024,0.02,8,16,600,,nan,nan,712.40625,88.39453125,5.5830078125,20027.245466603534,198369398.41325974,0.03239743707233626,2.1417236573358585,375,-83.5390625,-85.9765625,-85.9375,-569.28125,-685.09375,-5.2880859375,-5.31396484375,nan,nan,ok,
pm_periodic,bimodal3d,2016,1024,0.02,8,16,600,,nan,nan,710.03125,94.17578125,5.744140625,20655.431169483658,202132639.42200756,0.03403745112414467,2.1675440549502962,355,-89.70703125,-91.69140625,-91.953125,-570.625,-684.25,-5.43994140625,-5.4892578125,nan,nan,ok,
pm_periodic,bimodal3d,2017,1024,0.02,8,16,600,,nan,nan,710.65625,89.08203125,5.68994140625,21264.37528509152,201173903.22999862,0.03380834555229716,2.193935192334545,358,-84.80859375,-86.796875,-86.6796875,-582.125,-687.84375,-5.3818359375,-5.4248046875,nan,nan,ok,
pm_periodic,bimodal3d,2018,1024,0.02,8,16,600,,nan,nan,720.8125,86.8984375,5.65966796875,24564.16416194484,272217159.3028035,0.03719719880254155,2.1320923299131933,367,-80.7109375,-83.8984375,-81.30859375,-575.71875,-622.34375,-5.322265625,-5.32373046875,nan,nan,ok,
pm_periodic,bimodal3d,2019,1024,0.02,8,16,600,,nan,nan,718.625,92.01171875,5.712890625,21141.480858776085,218331940.23879,0.03473431390518084,2.1668937152952896,348,-87.46875,-89.953125,-89.78515625,-589.25,-691.28125,-5.42724609375,-5.4599609375,nan,nan,ok,
pm_periodic,bimodal3d,2020,1024,0.02,8,16,600,,nan,nan,708.03125,91.78125,5.8427734375,24217.30851844408,296081723.3770387,0.037567586143695014,2.1490056360299734,356,-87.45703125,-89.4296875,-88.88671875,-582.03125,-667.125,-5.54638671875,-5.56640625,nan,nan,ok,
pm_periodic,bimodal3d,2021,1024,0.02,8,16,600,,nan,nan,734.6875,94.03515625,6.11083984375,23391.981851935998,257976817.94240797,0.03709219208211144,2.1108192980115206,359,-88.78125,-91.20703125,-91.23046875,-578.84375,-677.34375,-5.794921875,-5.8466796875,nan,nan,ok,
pm_periodic,bimodal3d,2022,1024,0.02,8,16,600,,nan,nan,706.84375,92.6328125,5.978515625,26186.928796015753,303725517.9709736,0.03944243340664712,2.159484437634049,346,-87.4453125,-89.828125,-87.56640625,-571.1875,-573.25,-5.65380859375,-5.662109375,nan,nan,ok,
pm_periodic,bimodal3d,2023,1024,0.02,8,16,600,,nan,nan,743.15625,94.0546875,6.0234375,23239.563554587054,231285045.81209582,0.03634759897360704,2.1706128394152318,354,-89.6640625,-92.06640625,-91.1953125,-612.5,-699.21875,-5.73291015625,-5.75341796875,nan,nan,ok,
pm_periodic,bimodal3d,2024,1024,0.02,8,16,600,,nan,nan,727.65625,91.4296875,5.990234375,23210.484888221028,221081199.50277886,0.03729075024437928,2.137548801488788,346,-86.23828125,-88.609375,-88.13671875,-593.53125,-678.5,-5.68505859375,-5.71142578125,nan,nan,ok,
pm_periodic,bimodal3d,2025,1024,0.02,8,16,600,,nan,nan,699.9375,88.9375,5.4365234375,19093.991475986397,177678029.0759409,0.031458104227761484,2.1533775187493376,394,-84.61328125,-86.9296875,-86.63671875,-578.21875,-674.0,-5.14794921875,-5.17919921875,nan,nan,ok,
pm_periodic,bimodal3d,2026,1024,0.02,8,16,600,,nan,nan,736.53125,94.125,6.0478515625,23746.690294268585,241326056.591388,0.03768786656891496,2.172338378521459,347,-89.5546875,-91.7265625,-91.78125,-614.40625,-707.03125,-5.7509765625,-5.79833984375,nan,nan,ok,
pm_periodic,bimodal3d,2027,1024,0.02,8,16,600,,nan,nan,744.4375,94.44921875,5.55712890625,22999.76554482551,258839085.9122727,0.03617004215542522,2.1476247776168544,353,-89.4609375,-92.26171875,-92.140625,-578.5625,-707.0,-5.2490234375,-5.30615234375,nan,nan,ok,
pm_periodic,bimodal3d,2028,1024,0.02,8,16,600,,nan,nan,727.40625,91.87890625,5.97900390625,23843.26752222846,250064581.61346063,0.036633980938416424,2.1325572040285934,348,-86.921875,-89.16015625,-87.90625,-599.875,-655.46875,-5.6669921875,-5.67529296875,nan,nan,ok,
pm_periodic,bimodal3d,2029,1024,0.02,8,16,600,,nan,nan,709.96875,91.76953125,5.966796875,24393.694726585494,243812379.34410217,0.03644687805474096,2.2393943276068935,331,-87.56640625,-89.4375,-89.68359375,-584.15625,-685.09375,-5.68505859375,-5.71240234375,nan,nan,ok,
pm_periodic,cold_clumpy3d,2000,1024,0.02,8,16,600,,nan,nan,2262.625,227.98828125,9.67529296875,35067.27623681682,502331481.5113802,0.051600302419354836,0.08802432645112929,92,45.453125,91.5234375,132.03515625,974.96875,1615.46875,6.43115234375,16.685546875,nan,nan,ok,
pm_periodic,cold_clumpy3d,2001,1024,0.02,8,16,600,,nan,nan,2150.53125,220.0703125,9.07470703125,36049.17268224725,559215498.7361763,0.05356297348484849,0.08635992345382665,94,40.421875,-11.98828125,30.8203125,1086.9375,2671.1875,9.90234375,7.35107421875,nan,nan,ok,
pm_periodic,cold_clumpy3d,2002,1024,0.02,8,16,600,,nan,nan,1771.84375,167.125,9.060546875,36015.42427088705,559907993.4779866,0.054049822825024435,0.08757879143944142,106,80.98828125,172.12109375,162.84375,679.375,3620.625,8.03662109375,5.26513671875,nan,nan,ok,
pm_periodic,cold_clumpy3d,2003,1024,0.02,8,16,600,,nan,nan,2223.71875,160.32421875,10.04052734375,35519.787697759806,549412878.9859674,0.053851264662756596,0.0867413125374453,81,117.7734375,91.91015625,223.796875,1181.75,2926.90625,12.93505859375,13.15234375,nan,nan,ok,
pm_periodic,cold_clumpy3d,2004,1024,0.02,8,16,600,,nan,nan,2431.46875,226.15625,11.90380859375,39700.330514128815,628544136.4816393,0.055932306940371455,0.08703750096315771,87,17.12890625,421.28125,164.5859375,-144.4375,1113.15625,5.78076171875,17.94482421875,nan,nan,ok,
pm_periodic,cold_clumpy3d,2005,1024,0.02,8,16,600,,nan,nan,1982.1875,162.51953125,9.6474609375,35405.43564240108,503976874.3744214,0.05094353311339198,0.08768061463202337,86,33.28515625,115.984375,149.12109375,87.5,1517.75,4.8623046875,1.52392578125,nan,nan,ok,
pm_periodic,cold_clumpy3d,2006,1024,0.02,8,16,600,,nan,nan,1941.5625,181.9140625,9.162109375,34139.468824995354,486511440.4445075,0.05202414772727273,0.08912287678566608,92,195.125,233.765625,123.3515625,2150.46875,1174.34375,6.896484375,8.2587890625,nan,nan,ok,
pm_periodic,cold_clumpy3d,2007,1024,0.02,8,16,600,,nan,nan,2258.875,177.62890625,9.337890625,35969.98821925459,537868413.2946125,0.05322504276637341,0.0879779942802423,82,121.6640625,202.40625,150.30078125,925.71875,3299.96875,13.05029296875,12.69140625,nan,nan,ok,
pm_periodic,cold_clumpy3d,2008,1024,0.02,8,16,600,,nan,nan,2995.34375,326.9453125,9.6162109375,43562.370395412465,564308138.9078286,0.06485405975073313,0.08817295996783714,75,-5.38671875,-22.515625,-79.90625,-199.78125,868.1875,7.248046875,7.2958984375,nan,nan,ok,
pm_periodic,cold_clumpy3d,2009,1024,0.02,8,16,600,,nan,nan,2360.5,185.84375,9.17431640625,36119.58651613533,552268624.2794063,0.05295393450635386,0.08615908804562233,91,73.00390625,85.12890625,122.8359375,1169.53125,1451.375,10.43408203125,3.8515625,nan,nan,ok,
pm_periodic,cold_clumpy3d,2010,1024,0.02,8,16,600,,nan,nan,2383.6875,178.99609375,8.8857421875,37323.18795333638,568586578.747021,0.05326895466764418,0.0890615729819514,91,281.79296875,203.09765625,338.1640625,7462.9375,5910.3125,20.30517578125,11.43701171875,nan,nan,ok,
pm_periodic,cold_clumpy3d,2011,1024,0.02,8,16,600,,nan,nan,2598.5625,224.05859375,8.95751953125,38005.80637563667,564239075.4262898,0.05474477639296188,0.08666925805763628,80,82.59765625,71.8125,395.72265625,152.65625,4492.25,12.38525390625,4.13037109375,nan,nan,ok,
pm_periodic,cold_clumpy3d,2012,1024,0.02,8,16,600,,nan,nan,2785.71875,214.96875,8.77197265625,37206.5031648175,544507329.2082006,0.053914268695014665,0.08845217967388944,98,630.515625,135.21484375,284.46875,4448.21875,7075.5,24.89453125,10.4794921875,nan,nan,ok,
pm_periodic,cold_clumpy3d,2013,1024,0.02,8,16,600,,nan,nan,3164.4375,257.07421875,10.68505859375,37120.61238591422,563725193.0768847,0.05505406891495601,0.08774083322172294,80,51.83984375,451.25,72.94140625,472.75,-100.125,14.0830078125,10.4560546875,nan,nan,ok,
pm_periodic,cold_clumpy3d,2014,1024,0.02,8,16,600,,nan,nan,1987.0625,185.8125,10.23095703125,34699.99452644053,506548678.134093,0.05254154447702835,0.08907278957386672,66,92.13671875,385.71484375,98.546875,375.28125,1954.25,11.0888671875,12.57470703125,nan,nan,ok,
pm_periodic,cold_clumpy3d,2015,1024,0.02,8,16,600,,nan,nan,1354.59375,166.1171875,8.7177734375,36978.78939085752,545472050.4870846,0.053740530303030304,0.0863675444280171,100,36.1015625,181.36328125,139.9765625,261.875,1653.875,6.16015625,6.4462890625,nan,nan,ok,
pm_periodic,cold_clumpy3d,2016,1024,0.02,8,16,600,,nan,nan,2952.78125,214.0703125,9.55517578125,33622.179430549986,502549444.7972473,0.052318166544477025,0.08815202535595937,74,25.30078125,62.2578125,76.10546875,508.46875,5168.46875,5.23828125,9.0185546875,nan,nan,ok,
pm_periodic,cold_clumpy3d,2017,1024,0.02,8,16,600,,nan,nan,2440.5625,224.90234375,8.37158203125,32688.092381374205,464260275.5561526,0.05055978128054741,0.08908485342866804,73,-33.44921875,440.296875,181.56640625,-219.09375,3060.875,7.4560546875,15.48046875,nan,nan,ok,
pm_periodic,cold_clumpy3d,2018,1024,0.02,8,16,600,,nan,nan,1927.375,186.05078125,9.9833984375,36975.31054072005,579499775.7697997,0.055390090420332355,0.08777647313636924,76,67.90234375,59.5,-19.8046875,353.3125,596.6875,8.734375,3.8408203125,nan,nan,ok,
pm_periodic,cold_clumpy3d,2019,1024,0.02,8,16,600,,nan,nan,3112.4375,204.73046875,10.12744140625,36951.61564590385,569173646.7032886,0.05470850134408602,0.08906188888151158,88,121.4609375,251.50390625,213.37890625,2636.53125,1475.25,6.8427734375,6.38720703125,nan,nan,ok,
pm_periodic,cold_clumpy3d,2020,1024,0.02,8,16,600,,nan,nan,2129.5625,143.76953125,9.16015625,37524.70922227748,556561483.1486508,0.055344269305962854,0.0872202243717149,91,619.78125,316.41796875,367.46875,9271.6875,5751.21875,24.091796875,10.87841796875,nan,nan,ok,
pm_periodic,cold_clumpy3d,2021,1024,0.02,8,16,600,,nan,nan,2623.46875,240.61328125,9.95556640625,37963.192272318505,597314206.2077,0.05493760691593353,0.08535165210366166,87,226.0625,34.81640625,57.34765625,1676.46875,2437.21875,27.04150390625,4.6689453125,nan,nan,ok,
pm_periodic,cold_clumpy3d,2022,1024,0.02,8,16,600,,nan,nan,2592.59375,257.91015625,8.8671875,36309.33281346869,539106342.3701577,0.05300357404692082,0.0878044963168782,96,-1.265625,-14.22265625,112.91015625,-372.1875,975.5625,11.78857421875,17.38623046875,nan,nan,ok,
pm_periodic,cold_clumpy3d,2023,1024,0.02,8,16,600,,nan,nan,1900.3125,185.01953125,9.84228515625,36832.94218303608,560877598.4289185,0.053851264662756596,0.08909335293222935,98,24.203125,77.859375,-24.953125,1075.125,2042.90625,7.98583984375,1.28271484375,nan,nan,ok,
pm_periodic,cold_clumpy3d,2024,1024,0.02,8,16,600,,nan,nan,2076.03125,192.1015625,10.73046875,36279.8966947564,574477309.9147813,0.05348660496089932,0.08866944481458168,86,50.90625,199.3359375,87.90625,142.15625,2121.15625,6.8369140625,4.43896484375,nan,nan,ok,
pm_periodic,cold_clumpy3d,2025,1024,0.02,8,16,600,,nan,nan,1946.625,185.70703125,10.2607421875,37936.28624721934,589725127.9396799,0.05500824780058651,0.08969640703733735,80,62.65234375,2.9140625,55.2109375,410.125,1633.15625,12.62744140625,8.68212890625,nan,nan,ok,
pm_periodic,cold_clumpy3d,2026,1024,0.02,8,16,600,,nan,nan,2075.84375,174.1953125,10.74365234375,35429.23633550521,534832422.78684247,0.05309139784946237,0.08817466291866022,82,65.44921875,159.83984375,165.15625,120.65625,1920.78125,5.6728515625,13.01171875,nan,nan,ok,
pm_periodic,cold_clumpy3d,2027,1024,0.02,8,16,600,,nan,nan,2358.3125,227.67578125,11.29833984375,37666.714056658326,573329367.9212587,0.05518198619257087,0.08706008408558212,103,105.63671875,55.4765625,101.03125,435.28125,4138.375,13.63671875,7.7431640625,nan,nan,ok,
pm_periodic,cold_clumpy3d,2028,1024,0.02,8,16,600,,nan,nan,2219.15625,238.34765625,10.462890625,36527.86113303259,572275435.6077816,0.054719956622678395,0.08765432485679371,77,50.23046875,27.40625,116.4609375,668.28125,1669.90625,10.8740234375,11.24755859375,nan,nan,ok,
pm_periodic,cold_clumpy3d,2029,1024,0.02,8,16,600,,nan,nan,2435.15625,272.55859375,9.94189453125,35203.12361734735,522190853.507287,0.052022238514174,0.09038968846354198,82,-11.16796875,91.60546875,261.76171875,69.90625,4591.15625,11.9375,10.35595703125,nan,nan,ok,
pm_periodic,hernquist3d,2000,1024,0.02,8,16,600,,nan,nan,536.53125,36.55859375,1.6328125,7399.574161931123,159047366.27906764,0.00998709371945259,1.2334498539843586,781,-14.00390625,-10.828125,-7.01953125,-106.53125,-116.59375,-0.65185546875,-0.53955078125,nan,nan,ok,
pm_periodic,hernquist3d,2001,1024,0.02,8,16,600,,nan,nan,482.40625,28.765625,1.39404296875,5154.604628474332,111062159.7617448,0.007232099217986314,1.2090397010844165,806,-10.45703125,-12.4609375,-8.21484375,-115.0625,-164.75,-0.751953125,-0.6318359375,nan,nan,ok,
pm_periodic,hernquist3d,2002,1024,0.02,8,16,600,,nan,nan,521.625,36.3046875,1.43310546875,5699.1518259261065,129704697.97794731,0.008310804618768328,1.2240208978200982,796,-11.50390625,-13.38671875,-14.62890625,-99.03125,-218.5,-0.46240234375,-0.57470703125,nan,nan,ok,
pm_periodic,hernquist3d,2003,1024,0.02,8,16,600,,nan,nan,509.0625,30.31640625,1.30419921875,6194.356783288795,149406890.54902738,0.0073523796432062565,1.2216844658666708,805,-10.8359375,-13.79296875,-9.2890625,-148.1875,-160.71875,-0.54931640625,-0.53125,nan,nan,ok,
pm_periodic,hernquist3d,2004,1024,0.02,8,16,600,,nan,nan,610.34375,39.76171875,1.9013671875,14824.326821273477,202612197.53425312,0.010890151515151516,1.2089152193482882,752,-2.4609375,12.28125,33.4296875,-78.3125,557.25,-0.28857421875,0.0537109375,nan,nan,ok,
pm_periodic,hernquist3d,2005,1024,0.02,8,16,600,,nan,nan,511.15625,37.046875,1.59912109375,8194.242940767987,149258152.5490593,0.009177587365591398,1.23046943942851,791,-10.109375,-8.24609375,-2.24609375,-76.0,16.0625,-0.3203125,-0.4931640625,nan,nan,ok,
pm_periodic,hernquist3d,2006,1024,0.02,8,16,600,,nan,nan,488.875,30.390625,1.31396484375,4851.718058352837,110633733.86515453,0.007262646627565982,1.2554017726273328,811,-12.375,-16.71484375,-11.74609375,-139.0,-204.8125,-0.6826171875,-0.61767578125,nan,nan,ok,
pm_periodic,hernquist3d,2007,1024,0.02,8,16,600,,nan,nan,597.5,39.78125,1.791015625,10848.192490795567,201133440.8910191,0.011650018328445748,1.2289853721847899,769,-7.87890625,-11.84765625,11.35546875,-94.65625,84.5,-0.47412109375,-0.3828125,nan,nan,ok,
pm_periodic,hernquist3d,2008,1024,0.02,8,16,600,,nan,nan,539.9375,34.328125,1.39404296875,8276.557879510887,178655263.7322257,0.008392900782013685,1.2246383061229122,813,-6.16796875,-2.38671875,0.09765625,-65.6875,168.71875,-0.35546875,-0.46240234375,nan,nan,ok,
pm_periodic,hernquist3d,2009,1024,0.02,8,16,600,,nan,nan,551.34375,36.9765625,1.609375,7721.565987847329,159017773.59128636,0.009725531524926686,1.2108693915879032,789,-10.125,-9.7578125,-8.0,-73.59375,-155.3125,-0.48486328125,-0.294921875,nan,nan,ok,
pm_periodic,hernquist3d,2010,1024,0.02,8,16,600,,nan,nan,576.625,36.55078125,1.8720703125,8630.078661978594,158650255.37921542,0.01171684078690127,1.2312204478665183,760,-6.90625,-10.96484375,-4.11328125,-159.25,-131.34375,-0.509765625,-0.30029296875,nan,nan,ok,
pm_periodic,hernquist3d,2011,1024,0.02,8,16,600,,nan,nan,542.3125,39.5234375,1.72705078125,6616.393405023501,128128274.70277679,0.009154676808406648,1.2296147081126296,774,-12.625,-13.66796875,-6.9140625,-82.1875,-43.15625,-0.6318359375,-0.5703125,nan,nan,ok,
pm_periodic,hernquist3d,2012,1024,0.02,8,16,600,,nan,nan,494.375,33.53515625,1.4111328125,5915.154386394907,132061634.65071118,0.00818288734115347,1.2206478782205803,804,-11.25,-11.953125,-2.4375,-75.96875,-3.625,-0.3896484375,-0.2353515625,nan,nan,ok,
pm_periodic,hernquist3d,2013,1024,0.02,8,16,600,,nan,nan,535.78125,33.21875,1.31201171875,6268.396577743557,145306909.1944914,0.00791177908113392,1.201703723336057,803,-9.4140625,-9.015625,-1.4609375,-137.34375,160.71875,-0.365234375,-0.4462890625,nan,nan,ok,
pm_periodic,hernquist3d,2014,1024,0.02,8,16,600,,nan,nan,461.90625,31.18359375,1.35595703125,5217.904318256798,122112757.33646742,0.007854502688172043,1.2340354890824958,813,-9.91015625,-10.02734375,-4.46484375,-90.09375,-95.40625,-0.47265625,-0.38037109375,nan,nan,ok,
pm_periodic,hernquist3d,2015,1024,0.02,8,16,600,,nan,nan,549.375,37.57421875,1.5595703125,5715.973453706171,119338346.44610363,0.008612460288367546,1.2104955328786307,764,-11.48046875,-14.390625,-4.546875,-121.625,-63.40625,-0.587890625,-0.4345703125,nan,nan,ok,
pm_periodic,hernquist3d,2016,1024,0.02,8,16,600,,nan,nan,527.9375,34.66796875,1.42431640625,5656.883039132117,136548290.04532892,0.008129429374389052,1.2280933671585386,796,-13.56640625,-15.65625,-13.12109375,-141.625,-190.28125,-0.60888671875,-0.55810546875,nan,nan,ok,
pm_periodic,hernquist3d,2017,1024,0.02,8,16,600,,nan,nan,540.53125,32.5703125,1.37548828125,6164.633670528007,133953706.74432953,0.007825864491691105,1.2455529044878961,805,-12.32421875,-15.453125,-12.28515625,-157.46875,-223.75,-0.63916015625,-0.599609375,nan,nan,ok,
pm_periodic,hernquist3d,2018,1024,0.02,8,16,600,,nan,nan,574.46875,38.42578125,1.43505859375,6783.955007669601,141496165.60943246,0.008704102517106549,1.199638296009928,785,-12.1953125,-11.1484375,0.91796875,-108.1875,-49.46875,-0.1181640625,0.10546875,nan,nan,ok,
pm_periodic,hernquist3d,2019,1024,0.02,8,16,600,,nan,nan,503.8125,31.078125,1.24755859375,4882.695620920058,121593133.54106537,0.006831164467253177,1.2151291274657396,822,-10.78515625,-15.09765625,-11.23828125,-104.21875,-166.3125,-0.44091796875,-0.55859375,nan,nan,ok,
pm_periodic,hernquist3d,2020,1024,0.02,8,16,600,,nan,nan,537.78125,35.57421875,1.46044921875,6112.293013447226,130410855.21603072,0.008075971407624633,1.2196378424188246,796,-13.06640625,-16.15234375,-9.38671875,-144.4375,-184.875,-0.42138671875,-0.43896484375,nan,nan,ok,
pm_periodic,hernquist3d,2021,1024,0.02,8,16,600,,nan,nan,539.40625,36.12109375,1.56591796875,6241.207724266373,130084630.74005188,0.008314623044965786,1.200352319388256,800,-8.671875,-6.83984375,3.93359375,-45.34375,165.875,-0.64697265625,-0.498046875,nan,nan,ok,
pm_periodic,hernquist3d,2022,1024,0.02,8,16,600,,nan,nan,556.0625,38.0390625,1.71630859375,6720.578974169352,130436815.1004212,0.009794263196480938,1.21256941759802,775,-9.65234375,-6.35546875,3.9765625,-125.53125,207.84375,-0.52490234375,-0.41943359375,nan,nan,ok,
pm_periodic,hernquist3d,2023,1024,0.02,8,16,600,,nan,nan,561.125,37.91015625,1.58642578125,7777.289806111796,154250760.87503833,0.009903088343108504,1.2310149764781797,776,-6.625,-10.046875,7.46875,-97.625,7.40625,-0.349609375,-0.17333984375,nan,nan,ok,
pm_periodic,hernquist3d,2024,1024,0.02,8,16,600,,nan,nan,491.75,35.734375,1.46044921875,6193.970511218452,137988704.306635,0.008513181207233626,1.2170497845247266,788,-10.3515625,-9.45703125,5.2734375,-86.9375,260.90625,-0.3671875,-0.43798828125,nan,nan,ok,
pm_periodic,hernquist3d,2025,1024,0.02,8,16,600,,nan,nan,552.25,34.6171875,1.498046875,6359.522682372986,128648589.34231253,0.007995784457478006,1.2240384985928743,801,-10.5703125,-5.83984375,1.21875,-136.21875,-23.78125,-0.5966796875,-0.513671875,nan,nan,ok,
pm_periodic,hernquist3d,2026,1024,0.02,8,16,600,,nan,nan,465.5625,28.72265625,1.3046875,5145.651631947319,124087090.59808862,0.006855984237536657,1.2238050286392022,841,-10.90234375,-14.79296875,-10.3828125,-103.625,-124.125,-0.64794921875,-0.685546875,nan,nan,ok,
pm_periodic,hernquist3d,2027,1024,0.02,8,16,600,,nan,nan,505.6875,31.92578125,1.5556640625,5912.387925779636,125092995.25611171,0.008549456256109481,1.2221302584185274,794,-8.04296875,-10.3671875,-11.234375,-103.53125,-184.375,-0.5732421875,-0.61181640625,nan,nan,ok,
pm_periodic,hernquist3d,2028,1024,0.02,8,16,600,,nan,nan,582.6875,37.84375,1.5771484375,6821.14674423242,136344714.3415699,0.008717467008797653,1.2055006853499501,768,-8.56640625,-12.6484375,2.6328125,-108.34375,5.28125,-0.35595703125,-0.35400390625,nan,nan,ok,
pm_periodic,hernquist3d,2029,1024,0.02,8,16,600,,nan,nan,509.59375,34.06640625,1.58544921875,8555.834952942976,175491319.96466655,0.009484970674486804,1.2618060984256068,781,-14.359375,-13.171875,-10.38671875,-98.9375,-154.125,-0.7099609375,-0.748046875,nan,nan,ok,
pm_periodic,plummer3d,2000,1024,0.02,8,16,600,,nan,nan,1320.28125,89.8359375,2.8193359375,5965.495431726353,68320138.15536341,0.01157174059139785,1.5548910184763534,597,-56.875,-58.57421875,-55.71875,-616.03125,-702.78125,-1.89306640625,-1.8583984375,nan,nan,ok,
pm_periodic,plummer3d,2001,1024,0.02,8,16,600,,nan,nan,1234.78125,80.4921875,2.3740234375,4990.684236271961,73765077.89364463,0.009582340542521994,1.5154543055304845,609,-54.8984375,-63.78125,-48.5078125,-542.4375,-605.0,-1.63671875,-1.4521484375,nan,nan,ok,
pm_periodic,plummer3d,2002,1024,0.02,8,16,600,,nan,nan,1263.40625,85.75390625,2.37890625,5314.397339835982,66032886.105562076,0.01025820197947214,1.5175082114059322,628,-56.16015625,-62.453125,-53.96875,-547.28125,-519.0625,-1.587890625,-1.537109375,nan,nan,ok,
pm_periodic,plummer3d,2003,1024,0.02,8,16,600,,nan,nan,1230.71875,79.7578125,2.2646484375,4872.5684894121005,71255902.41080949,0.009473515395894428,1.5239729003307647,624,-50.8125,-60.4609375,-52.58203125,-597.6875,-722.1875,-1.5263671875,-1.51708984375,nan,nan,ok,
pm_periodic,plummer3d,2004,1024,0.02,8,16,600,,nan,nan,1327.625,96.375,2.9521484375,7206.987850330113,78624289.39965181,0.013024651759530792,1.5079102733871315,565,-47.83203125,-35.63671875,-37.53125,-492.75,-389.3125,-1.49609375,-1.30712890625,nan,nan,ok,
pm_periodic,plummer3d,2005,1024,0.02,8,16,600,,nan,nan,1263.65625,87.43359375,2.61767578125,6098.842040430935,68183315.79756282,0.011313996823069404,1.5363740196867837,592,-55.8125,-56.87109375,-50.84765625,-573.28125,-636.65625,-1.71435546875,-1.6064453125,nan,nan,ok,
pm_periodic,plummer3d,2006,1024,0.02,8,16,600,,nan,nan,1273.90625,81.77734375,2.255859375,5195.942827691253,70083171.07299966,0.009721713098729228,1.5637692103368401,622,-59.046875,-67.62109375,-55.29296875,-683.625,-729.21875,-1.583984375,-1.5283203125,nan,nan,ok,
pm_periodic,plummer3d,2007,1024,0.02,8,16,600,,nan,nan,1350.21875,94.328125,2.8515625,6755.8216098657085,73082982.03459579,0.012721086876832845,1.5325008125166066,572,-55.33203125,-55.80078125,-56.69921875,-571.1875,-789.875,-1.68310546875,-1.658203125,nan,nan,ok,
pm_periodic,plummer3d,2008,1024,0.02,8,16,600,,nan,nan,1258.25,87.76171875,2.4453125,5628.728392755134,73463598.03979245,0.01072786840175953,1.5278486173772678,628,-53.52734375,-57.65625,-48.8203125,-527.4375,-442.25,-1.5166015625,-1.33984375,nan,nan,ok,
pm_periodic,plummer3d,2009,1024,0.02,8,16,600,,nan,nan,1293.09375,90.6328125,2.69384765625,6265.743878787938,78378335.18422863,0.01174166055718475,1.520895624017905,588,-54.27734375,-55.8671875,-51.765625,-533.40625,-656.34375,-1.5986328125,-1.6904296875,nan,nan,ok,
pm_periodic,plummer3d,2010,1024,0.02,8,16,600,,nan,nan,1346.40625,93.85546875,2.83447265625,6709.559978520219,71078574.43464215,0.012690539467253176,1.5326834525557769,593,-57.57421875,-59.953125,-56.19140625,-577.96875,-766.15625,-1.791015625,-1.52978515625,nan,nan,ok,
pm_periodic,plummer3d,2011,1024,0.02,8,16,600,,nan,nan,1294.34375,88.98046875,2.76123046875,6294.568537096643,69607871.02961469,0.01181802908113392,1.5364368768399714,581,-55.2578125,-53.88671875,-49.6640625,-558.8125,-702.46875,-1.82275390625,-1.75390625,nan,nan,ok,
pm_periodic,plummer3d,2012,1024,0.02,8,16,600,,nan,nan,1313.25,85.34765625,2.4619140625,5439.647598230144,69837723.98790963,0.010330752077223851,1.5264141305471168,607,-53.859375,-55.515625,-52.2890625,-606.40625,-717.15625,-1.56640625,-1.47998046875,nan,nan,ok,
pm_periodic,plummer3d,2013,1024,0.02,8,16,600,,nan,nan,1283.0,89.8515625,2.4443359375,5427.09077341774,69818062.0947663,0.010305932306940371,1.503391883254237,625,-56.265625,-53.05078125,-50.2890625,-606.03125,-460.28125,-1.564453125,-1.4521484375,nan,nan,ok,
pm_periodic,plummer3d,2014,1024,0.02,8,16,600,,nan,nan,1260.96875,79.12890625,2.31201171875,5133.822835362154,64231022.93045731,0.009849630376344086,1.5451939649545405,611,-53.25390625,-61.140625,-50.4375,-641.1875,-707.0,-1.61767578125,-1.515625,nan,nan,ok,
pm_periodic,plummer3d,2015,1024,0.02,8,16,600,,nan,nan,1279.40625,88.07421875,2.53857421875,6123.7167490068105,76784139.70308986,0.011451460166177908,1.5090781503191817,595,-58.88671875,-50.640625,-50.97265625,-580.03125,-589.90625,-1.6826171875,-1.5107421875,nan,nan,ok,
pm_periodic,plummer3d,2016,1024,0.02,8,16,600,,nan,nan,1282.59375,89.4921875,2.50146484375,5447.382176247772,71410763.63074389,0.010483489125122189,1.5281216557901305,612,-59.51953125,-65.7265625,-58.625,-636.46875,-725.34375,-1.68603515625,-1.57958984375,nan,nan,ok,
pm_periodic,plummer3d,2017,1024,0.02,8,16,600,,nan,nan,1222.96875,88.140625,2.44677734375,5568.150981639865,74246535.81437662,0.010395665322580645,1.5538004657954603,610,-59.45703125,-66.109375,-59.140625,-529.1875,-687.21875,-1.64404296875,-1.65625,nan,nan,ok,
pm_periodic,plummer3d,2018,1024,0.02,8,16,600,,nan,nan,1260.96875,94.26953125,2.64794921875,5803.689678088266,65875220.23848866,0.011409457478005865,1.506076729870426,574,-53.765625,-47.05859375,-50.46875,-550.0625,-612.375,-1.53564453125,-1.2705078125,nan,nan,ok,
pm_periodic,plummer3d,2019,1024,0.02,8,16,600,,nan,nan,1249.875,84.29296875,2.23095703125,4904.1435076809175,68597572.34680626,0.00942196664222874,1.521102715337181,624,-60.0078125,-66.0234375,-53.8046875,-613.90625,-512.09375,-1.50927734375,-1.48193359375,nan,nan,ok,
pm_periodic,plummer3d,2020,1024,0.02,8,16,600,,nan,nan,1217.21875,87.31640625,2.5048828125,5584.094440157286,67832719.6778619,0.010389937683284457,1.518439941059606,600,-57.9765625,-63.94921875,-54.6640625,-527.3125,-546.75,-1.65576171875,-1.5908203125,nan,nan,ok,
pm_periodic,plummer3d,2021,1024,0.02,8,16,600,,nan,nan,1293.8125,92.09765625,2.6298828125,5712.184810868657,67587300.53702775,0.011153622922776149,1.4990809224654722,587,-57.21484375,-61.10546875,-53.65234375,-511.0625,-663.0,-1.6904296875,-1.52392578125,nan,nan,ok,
pm_periodic,plummer3d,2022,1024,0.02,8,16,600,,nan,nan,1249.59375,89.61328125,2.6484375,6257.511061440199,65466533.152345866,0.011705385508308895,1.5156308964616811,589,-55.96875,-53.859375,-41.109375,-537.59375,-403.40625,-1.7470703125,-1.35107421875,nan,nan,ok,
pm_periodic,plummer3d,2023,1024,0.02,8,16,600,,nan,nan,1344.0,92.328125,2.7060546875,6288.210696565202,72267592.77023755,0.011879123900293255,1.5443833459225895,564,-54.9609375,-54.7421875,-52.046875,-570.40625,-692.4375,-1.63525390625,-1.42578125,nan,nan,ok,
pm_periodic,plummer3d,2024,1024,0.02,8,16,600,,nan,nan,1226.46875,84.20703125,2.5615234375,5843.73229296179,73664873.24121039,0.010914971285434996,1.5253526200974559,600,-53.1171875,-52.70703125,-44.6015625,-523.03125,-568.1875,-1.69921875,-1.52978515625,nan,nan,ok,
pm_periodic,plummer3d,2025,1024,0.02,8,16,600,,nan,nan,1265.21875,89.7109375,2.58984375,5585.8061436491,65525544.76465225,0.010890151515151516,1.5352303035390733,607,-54.76953125,-54.390625,-55.984375,-583.875,-670.9375,-1.6357421875,-1.5859375,nan,nan,ok,
pm_periodic,plummer3d,2026,1024,0.02,8,16,600,,nan,nan,1243.25,80.88671875,2.16748046875,4932.179054772635,73797594.61890727,0.009185224217986315,1.5272427931978776,645,-55.43359375,-65.59375,-51.234375,-612.96875,-718.5625,-1.4462890625,-1.41845703125,nan,nan,ok,
pm_periodic,plummer3d,2027,1024,0.02,8,16,600,,nan,nan,1271.5,85.94140625,2.52490234375,5499.813718617729,71256157.58995926,0.010552220796676441,1.5220198478873357,618,-56.1640625,-63.56640625,-52.19921875,-590.9375,-629.5625,-1.6611328125,-1.6328125,nan,nan,ok,
pm_periodic,plummer3d,2028,1024,0.02,8,16,600,,nan,nan,1339.0,92.0234375,2.5947265625,5890.802374983792,68082993.2743726,0.011214717741935484,1.5041423776429532,603,-53.58984375,-51.28125,-43.76171875,-618.53125,-188.78125,-1.4931640625,-1.4853515625,nan,nan,ok,
pm_periodic,plummer3d,2029,1024,0.02,8,16,600,,nan,nan,1251.21875,89.03515625,2.56103515625,6068.557851741128,75075262.9131751,0.011270084921798632,1.577631806278041,605,-60.59375,-69.37890625,-60.0078125,-623.5625,-659.3125,-1.77685546875,-1.78857421875,nan,nan,ok,
direct_isolated,bimodal3d,2000,1024,0.05,8,16,600,0.0006374101122110617,3.268975981648828,18.12061427666084,715.861083984375,96.48196029663086,5.987419545650482,15268.62256492132,255419505.32919675,0.24302837812001296,2.2169682120039025,408,-92.38554000854492,-95.73929977416992,-96.13236618041992,-573.221435546875,-710.518310546875,-5.746411025524139,-5.953209578990936,0.3118221802194059,2.9846248110113462,ok,
direct_isolated,bimodal3d,2001,1024,0.05,8,16,600,0.0005504667728477329,3.2385618048540303,17.067077397432477,722.630615234375,88.34115219116211,5.538442075252533,14208.247146514797,217248021.9965155,0.22309055831399163,2.147446332880903,397,-84.77572250366211,-87.62017822265625,-88.056396484375,-607.380615234375,-718.484375,-5.3172659277915955,-5.509120941162109,0.31258328686272785,2.9448419194246362,ok,
direct_isolated,bimodal3d,2002,1024,0.05,8,16,600,0.0005742650622869146,3.261696237763579,17.482357612731736,707.8271484375,88.85813903808594,5.619365453720093,14734.95401165826,276168451.9264486,0.2270100788304996,2.152263215861169,392,-85.25297927856445,-88.17775344848633,-88.55442810058594,-598.643798828125,-703.9208984375,-5.392411053180695,-5.587398290634155,0.3343939173239914,2.8995181735980102,ok,
direct_isolated,bimodal3d,2003,1024,0.05,8,16,600,0.0005261258020518503,3.282676432401953,16.93476017645998,709.552490234375,91.60213851928711,5.634377896785736,14804.582281220979,257403301.95073086,0.2299657093020951,2.1592471439865046,411,-87.51723861694336,-90.70261764526367,-91.28001022338867,-578.275146484375,-704.905029296875,-5.398004949092865,-5.600291907787323,0.31384308650443304,2.8010068607370635,ok,
direct_isolated,bimodal3d,2004,1024,0.05,8,16,600,0.0006452929525754709,3.1340334995909016,14.312963664322085,720.163818359375,92.91100692749023,6.11851304769516,15330.77547795678,297774306.21314174,0.24217554652225673,2.1572305744604603,400,-88.00930786132812,-91.8841552734375,-91.98544311523438,-554.876953125,-704.474609375,-5.848961353302002,-6.061906337738037,0.30106660370413163,2.6724920315615557,ok,
direct_isolated,bimodal3d,2005,1024,0.05,8,16,600,0.00048829991884859,3.3644162607321766,19.656275256131742,730.380615234375,89.91146469116211,5.460805356502533,14005.25521215618,217426361.60481083,0.22169599749292437,2.184930965380787,436,-86.9583740234375,-89.37974166870117,-89.67666625976562,-639.0234375,-728.306640625,-5.243001937866211,-5.437574863433838,0.34306517669895054,3.126174094325864,ok,
direct_isolated,bimodal3d,2006,1024,0.05,8,16,600,0.0005233221544185485,3.3794707911253825,19.890530372924683,718.802490234375,92.44979476928711,5.821877896785736,14960.621188384359,219521023.13657135,0.23669501100077303,2.20351142292919,429,-89.02195358276367,-91.716796875,-92.06187057495117,-625.358154296875,-712.381591796875,-5.602119147777557,-5.791402518749237,0.37970005291494124,3.0323259782350807,ok,
direct_isolated,bimodal3d,2007,1024,0.05,8,16,600,0.000609524206095661,3.180794466557268,15.38628418986057,732.4375,93.0419921875,6.0453948974609375,15545.202402821982,296238138.45553714,0.24492835863243012,2.160319643467412,433,-88.84681701660156,-91.77137756347656,-91.42054748535156,-601.8837890625,-681.4775390625,-5.814501047134399,-5.967935800552368,0.32979714530645887,2.8239699134027942,ok,
direct_isolated,bimodal3d,2008,1024,0.05,8,16,600,0.0005687116453227907,3.3389158365968936,18.650683718215387,727.595458984375,90.82448959350586,5.705418050289154,14763.745196833988,277884124.7807175,0.22965833039802747,2.1831721059018645,451,-86.91543579101562,-90.01774215698242,-90.56304931640625,-604.337890625,-725.37890625,-5.467001438140869,-5.678414344787598,0.3266154430461585,2.9625260046418114,ok,
direct_isolated,bimodal3d,2009,1024,0.05,8,16,600,0.0006119335834603515,3.151289644410051,14.846281215502112,731.929443359375,92.85656356811523,6.1319445967674255,15088.129318566564,241171057.26554462,0.23778454229395757,2.140851730552095,361,-88.4167594909668,-91.82555770874023,-92.47503662109375,-590.719482421875,-724.30859375,-5.892345607280731,-6.09738826751709,0.2872766113734553,2.5422816459756556,ok,
direct_isolated,bimodal3d,2010,1024,0.05,8,16,600,0.000583680574933231,3.2589182977477233,18.18019860128542,712.53125,94.2216796875,5.7709808349609375,15209.100687847547,248627131.5297852,0.23793170031998234,2.1804887877711963,427,-91.10113525390625,-93.53041076660156,-93.99574279785156,-605.37890625,-708.8212890625,-5.551629066467285,-5.744745492935181,0.3573459571044556,3.0144237472819606,ok,
direct_isolated,bimodal3d,2011,1024,0.05,8,16,600,0.0006031918693070006,3.2527333716824094,17.548109197893307,714.845458984375,93.06277084350586,5.862644612789154,15238.063640867886,233229511.19553137,0.23843638744445306,2.1721540346393926,396,-89.38383102416992,-92.35604858398438,-92.78530883789062,-598.205810546875,-711.759765625,-5.63542240858078,-5.833376407623291,0.34905879892630454,2.9520532055685504,ok,
direct_isolated,bimodal3d,2012,1024,0.05,8,16,600,0.00047751773378711533,3.3268183284641117,17.92182218024816,719.495849609375,90.36101913452148,5.327021539211273,14163.539969677393,201405348.79928634,0.22042148832599762,2.156273831571745,418,-86.0721435546875,-89.67742538452148,-90.09858322143555,-596.5859375,-714.887451171875,-5.092069625854492,-5.296981036663055,0.31149208542759144,2.917301389931661,ok,
direct_isolated,bimodal3d,2013,1024,0.05,8,16,600,0.0005142062588562427,3.244163101700585,15.300539425421952,707.87109375,87.65863037109375,5.57810115814209,14496.472731240903,224611241.9440105,0.22532800006355436,2.1165464017571387,396,-83.08270263671875,-86.16177749633789,-86.16797256469727,-581.51171875,-678.797119140625,-5.3264875411987305,-5.50973516702652,0.30555271243453364,2.8201203647957387,ok,
direct_isolated,bimodal3d,2014,1024,0.05,8,16,600,0.0004751739476677707,3.3962309891334304,20.343371404977773,725.83984375,91.07366943359375,5.374991416931152,14136.845322938223,200696736.27762225,0.2215569447539516,2.1756595077118686,397,-87.87057876586914,-90.62912368774414,-90.90292739868164,-633.420166015625,-723.896728515625,-5.15474659204483,-5.356057703495026,0.3315676596789844,3.1154799692001984,ok,
direct_isolated,bimodal3d,2015,1024,0.05,8,16,600,0.0005169036473821323,3.314268928299492,17.9404285239245,703.144287109375,88.49175643920898,5.578942239284515,14000.548406560018,196755235.89403912,0.22366254029580682,2.144120619302075,434,-84.76522827148438,-87.89802169799805,-88.20098495483398,-582.505859375,-700.503662109375,-5.356805324554443,-5.550290048122406,0.33340122423739627,2.9422878370063055,ok,
direct_isolated,bimodal3d,2016,1024,0.05,8,16,600,0.0005289215035664708,3.2926561086131385,17.59328723792216,712.9443359375,94.23399353027344,5.7429139614105225,14993.469214273076,201665446.96531957,0.23074781294843563,2.169081631239193,370,-90.12916946411133,-93.48530960083008,-93.91707229614258,-567.032470703125,-706.645751953125,-5.5188334584236145,-5.710770905017853,0.3096755910214617,2.749525247911757,ok,
direct_isolated,bimodal3d,2017,1024,0.05,8,16,600,0.00047090304078857765,3.4242066258885395,19.566908780621056,709.646240234375,89.17635726928711,5.686135709285736,14463.50590711755,199951542.5464098,0.23015995718618065,2.1943165970694345,381,-85.33260726928711,-88.39608383178711,-88.77117919921875,-583.021240234375,-701.13671875,-5.439065396785736,-5.654566764831543,0.32998939573679764,3.0524665024471087,ok,
direct_isolated,bimodal3d,2018,1024,0.05,8,16,600,0.0005249918210424873,3.2051012326960313,14.729629707997853,721.226318359375,86.77819442749023,5.65611070394516,14860.24267225806,271324554.63895905,0.22820179222579123,2.1316544413993026,425,-82.23553466796875,-85.46770858764648,-84.9433708190918,-595.29296875,-697.203857421875,-5.408648490905762,-5.580810725688934,0.3262588509181904,2.7994730729785284,ok,
direct_isolated,bimodal3d,2019,1024,0.05,8,16,600,0.0005414663017552365,3.28136404807094,17.819710406486017,717.99609375,91.85882568359375,5.710928916931152,14709.183469559155,217458495.40004915,0.2288209146033943,2.16718216876214,400,-87.97119140625,-91.18442153930664,-91.55932998657227,-594.78125,-713.312744140625,-5.478187561035156,-5.680767118930817,0.29390542864989067,2.88559236900527,ok,
direct_isolated,bimodal3d,2020,1024,0.05,8,16,600,0.0005932161239365401,3.2542995795435017,17.513229106557194,705.782958984375,91.87917709350586,5.840183675289154,14794.887716697092,294608524.4679322,0.23409412481119515,2.1524936144450004,382,-88.33432006835938,-91.06852340698242,-91.55794906616211,-590.365234375,-701.755615234375,-5.618443965911865,-5.812947690486908,0.31902427132344513,2.9544508725065377,ok,
direct_isolated,bimodal3d,2021,1024,0.05,8,16,600,0.0006509034392927833,3.054419254070815,14.03576160256618,729.40234375,93.81976318359375,6.108878135681152,15182.023442496475,256979806.13652387,0.23383883995417992,2.1136665268543005,418,-89.34834289550781,-93.00360107421875,-93.23616027832031,-593.5439453125,-713.6142578125,-5.86738133430481,-6.066556215286255,0.3134881993583477,2.6348746778662293,ok,
direct_isolated,bimodal3d,2022,1024,0.05,8,16,600,0.0006787577966580494,3.167025891760082,15.257656239115741,707.251708984375,92.30105209350586,5.970554769039154,15166.99371410938,302625343.3231972,0.24273088916882088,2.1596123712478623,405,-87.72367477416992,-91.07839584350586,-91.59555053710938,-574.237060546875,-691.927734375,-5.72380131483078,-5.923184871673584,0.2856209515111875,2.701119958347194,ok,
direct_isolated,bimodal3d,2023,1024,0.05,8,16,600,0.0005809917852628681,3.280273763316812,17.917023169054698,731.380615234375,93.80599594116211,6.018422544002533,14927.932272285534,230355794.92475182,0.23535955969484187,2.1673478080237336,368,-90.38803100585938,-93.16567993164062,-93.51182174682617,-633.708984375,-728.022216796875,-5.800008296966553,-5.988923728466034,0.3603640901628812,2.8364209483825458,ok,
direct_isolated,bimodal3d,2024,1024,0.05,8,16,600,0.0005775592758899102,3.2119664873761056,16.797602165307588,725.398193359375,91.05187606811523,5.9835070967674255,15506.212122575442,220043548.5307109,0.24029567228278825,2.1357911242637564,357,-87.1463737487793,-90.11266708374023,-90.3234977722168,-610.008544921875,-709.313232421875,-5.7474958300590515,-5.9424020648002625,0.3177177055221022,2.960605391361268,ok,
direct_isolated,bimodal3d,2025,1024,0.05,8,16,600,0.0004575556050427678,3.408697023670947,19.30143706056644,698.8974609375,89.05210876464844,5.431844472885132,14037.897980430918,175754981.80887684,0.22272026500342712,2.148196778382301,440,-85.63460159301758,-88.46281433105469,-88.85783767700195,-593.317626953125,-696.917236328125,-5.209958374500275,-5.4054020047187805,0.32648485770704905,2.943283493979088,ok,
direct_isolated,bimodal3d,2026,1024,0.05,8,16,600,0.0006059742707267089,3.2004261434615304,16.601277849272403,739.7646484375,94.20237731933594,6.046130895614624,15542.788659532527,240363531.38860428,0.24025748461863033,2.169383168893835,391,-90.5458869934082,-93.39598083496094,-93.87132263183594,-626.764892578125,-735.2958984375,-5.802688419818878,-6.0136754512786865,0.3078652347404899,2.8193178110423527,ok,
direct_isolated,bimodal3d,2027,1024,0.05,8,16,600,0.0005626255046526291,3.226638446179116,16.94922116593882,738.454833984375,94.48586654663086,5.555778920650482,14547.744054380199,257972945.05289957,0.22761608964879493,2.145695067354049,504,-90.09762573242188,-93.71462631225586,-94.21122360229492,-589.060546875,-735.408935546875,-5.309813976287842,-5.526768386363983,0.3097273243440656,2.797786592895084,ok,
direct_isolated,bimodal3d,2028,1024,0.05,8,16,600,0.0006098238799695695,3.132813175748662,14.605211915684167,728.0068359375,91.93321228027344,5.9777772426605225,14687.06963352508,249476263.8630577,0.233041466848134,2.1345850922106107,421,-87.0892219543457,-90.90443801879883,-91.38350296020508,-588.288330078125,-719.153564453125,-5.728963673114777,-5.938395798206329,0.28582557580676515,2.5854839595570995,ok,
direct_isolated,bimodal3d,2029,1024,0.05,8,16,600,0.0005294226348875044,3.5146404049358555,22.627981873415308,709.855224609375,91.87102890014648,5.963469445705414,14952.203112269008,241876974.0661896,0.2393226773226773,2.2423849091607155,441,-88.5179443359375,-91.15095138549805,-91.64411544799805,-604.9921875,-707.364013671875,-5.756383895874023,-5.9390498995780945,0.35035656177315777,3.1971226519715574,ok,
direct_isolated,cold_clumpy3d,2000,1024,0.05,8,16,600,0.0002651361472845323,0.005889385138211631,0.6376043812318956,2262.625,227.98828125,9.67529296875,22240.294547811132,502331481.5113802,0.18978341886608016,0.08802432645112929,379,41.8984375,230.37694931030273,61.90688705444336,888.15625,3791.337646484375,9.70556640625,11.007608830928802,-0.20808945679649782,-0.2585883604997409,ok,
direct_isolated,cold_clumpy3d,2001,1024,0.05,8,16,600,0.00012547731447812383,0.005908384007185828,0.7669651092691019,2150.53125,220.0703125,9.07470703125,23133.237696250588,559215498.7361763,0.19167544904692083,0.08635992345382665,438,20.3515625,-7.23046875,33.27964782714844,1358.3125,4107.0537109375,8.11669921875,2.1046502590179443,-0.10740899270674653,-0.45504818622605436,ok,
direct_isolated,cold_clumpy3d,2002,1024,0.05,8,16,600,0.0001781980680664794,0.006359816305014661,0.6627422864326231,1771.84375,167.125,9.060546875,23138.214202024436,559907993.4779866,0.1911179588220919,0.08757879143944142,261,42.69921875,88.37295150756836,48.65536117553711,565.03125,1788.489990234375,7.51806640625,5.362992703914642,-0.09545365788598603,-0.5510770393036841,ok,
direct_isolated,cold_clumpy3d,2003,1024,0.05,8,16,600,7.870708050178013e-05,0.006189317844458955,0.683015224351487,2223.71875,160.32421875,10.04052734375,23057.06961651259,549412878.9859674,0.1914387066226784,0.0867413125374453,304,96.17578125,101.69140625,63.74652099609375,1330.53125,1808.12109375,6.44140625,7.042365074157715,-0.07200827208472027,-0.49741931154222796,ok,
direct_isolated,cold_clumpy3d,2004,1024,0.05,8,16,600,0.0003004869237297218,0.005306431872727063,0.755346868448049,2431.46875,226.15625,11.90380859375,22949.239282724957,628544136.4816393,0.21326864919354838,0.08703750096315771,616,39.71484375,129.46409606933594,149.9881248474121,257.28125,1313.693115234375,5.87646484375,6.087369382381439,-0.08134406236742325,-0.3724305243628752,ok,
direct_isolated,cold_clumpy3d,2005,1024,0.05,8,16,600,0.0002505672040847206,0.006004300497292929,0.7205635531446418,1982.1875,162.51953125,9.6474609375,22299.4159482835,503976874.3744214,0.19077048203812316,0.08768061463202337,376,72.3046875,306.6328125,260.68630599975586,514.21875,2921.189208984375,4.71630859375,16.66260951757431,-0.13041290920024046,-0.3019073200123243,ok,
direct_isolated,cold_clumpy3d,2006,1024,0.05,8,16,600,0.0001382623791918459,0.006112594172723356,0.6607663715833699,1941.5625,181.9140625,9.162109375,22738.500027347196,486511440.4445075,0.19065020161290322,0.08912287678566608,298,262.12890625,230.22060775756836,92.7958984375,3353.46875,909.84375,12.02880859375,5.7942962646484375,-0.13427354464055574,-0.5442736768905939,ok,
direct_isolated,cold_clumpy3d,2007,1024,0.05,8,16,600,0.0003603248635750991,0.005821130675016834,0.7560817628026616,2258.875,177.62890625,9.337890625,22889.951358233935,537868413.2946125,0.1947244623655914,0.0879779942802423,451,116.859375,43.66796875,161.80516052246094,1212.40625,1605.7802734375,13.97509765625,6.817573308944702,-0.11725744331576737,-0.4265391416280266,ok,
direct_isolated,cold_clumpy3d,2008,1024,0.05,8,16,600,0.0002458126907006993,0.0054606461489456965,0.6386622287044577,2995.34375,326.9453125,9.6162109375,23550.733491611438,564308138.9078286,0.26047967069892475,0.08817295996783714,252,7.140625,225.67578125,-74.51001358032227,-96.71875,1171.437255859375,12.95751953125,10.86309427022934,-0.05592346282265348,-0.4804608259746114,ok,
direct_isolated,cold_clumpy3d,2009,1024,0.05,8,16,600,0.00015115421616612308,0.005877066819707555,0.8460566972229469,2360.5,185.84375,9.17431640625,22729.303986828058,552268624.2794063,0.19014616935483872,0.08615908804562233,406,86.9453125,50.02734375,245.30638122558594,1229.59375,1915.6708984375,8.89794921875,9.08480429649353,-0.08595814065505891,-0.5051868976951384,ok,
direct_isolated,cold_clumpy3d,2010,1024,0.05,8,16,600,0.0003603837351003301,0.005481405921118089,0.7953089558103914,2383.6875,178.99609375,8.8857421875,22634.22857315811,568586578.747021,0.1917136333088954,0.0890615729819514,635,308.015625,338.81097412109375,289.82318115234375,7922.78125,6546.08984375,24.10791015625,24.00382900238037,-0.26078715812520387,-0.286867160814238,ok,
direct_isolated,cold_clumpy3d,2011,1024,0.05,8,16,600,0.00021768751931160844,0.005717060140893189,0.7237990792884755,2598.5625,224.05859375,8.95751953125,23041.697517854453,564239075.4262898,0.1944972660068426,0.08666925805763628,367,97.1015625,18.6875,117.45257186889648,468.09375,2466.136474609375,10.23681640625,4.276633203029633,-0.09473478389984491,-0.3967914647249693,ok,
direct_isolated,cold_clumpy3d,2012,1024,0.05,8,16,600,0.00014214517465335012,0.005522933946530492,0.6412995318950013,2785.71875,214.96875,8.77197265625,22742.679927789944,544507329.2082006,0.1915494409824047,0.08845217967388944,450,648.46875,417.8974609375,184.17327880859375,4582.71875,3715.96484375,22.7841796875,6.730795860290527,-0.18458891271473443,-0.23891406465218692,ok,
direct_isolated,cold_clumpy3d,2013,1024,0.05,8,16,600,0.00017296605930350464,0.0059006198431415255,0.7862502896108342,3164.4375,257.07421875,10.68505859375,23214.290546071552,563725193.0768847,0.19180145711143695,0.08774083322172294,322,77.34765625,38.64453125,41.65114974975586,310.96875,-248.873291015625,19.53515625,5.98780483007431,-0.12996197888819505,-0.5335214824099432,ok,
direct_isolated,cold_clumpy3d,2014,1024,0.05,8,16,600,0.00011587312506621524,0.006699433409539341,0.6007889751812653,1987.0625,185.8125,10.23095703125,23247.092007893785,506548678.134093,0.19207447458455523,0.08907278957386672,245,33.26171875,-0.70703125,75.45141220092773,122.59375,1423.343505859375,6.880859375,5.112369477748871,-0.09092775326852043,-0.37129818543317117,ok,
direct_isolated,cold_clumpy3d,2015,1024,0.05,8,16,600,0.0001257844224832172,0.006531132969193106,0.6892563044225135,1354.59375,166.1171875,8.7177734375,22490.941089616324,545472050.4870846,0.1900163428641251,0.0863675444280171,273,45.41015625,253.33984375,35.342281341552734,447.25,533.296630859375,7.63525390625,6.5882644057273865,-0.04659999739034071,-0.5341345509102879,ok,
direct_isolated,cold_clumpy3d,2016,1024,0.05,8,16,600,0.0006813652482249599,0.006105880499018908,0.9142781911953466,2952.78125,214.0703125,9.55517578125,23155.12986174029,502549444.7972473,0.1987032624633431,0.08815202535595937,404,9.28125,55.5390625,138.9574851989746,179.96875,2543.825927734375,11.2578125,21.588721692562103,-0.10064633296639403,-0.5066226978492838,ok,
direct_isolated,cold_clumpy3d,2017,1024,0.05,8,16,600,7.205213430948635e-05,0.00642493786186846,0.6400807409624648,2440.5625,224.90234375,8.37158203125,22676.319210070338,464260275.5561526,0.19114850623167157,0.08908485342866804,429,-42.953125,59.544918060302734,31.910762786865234,791.90625,2459.304443359375,10.73193359375,3.9968051314353943,-0.10526611303261257,-0.37406327693392555,ok,
direct_isolated,cold_clumpy3d,2018,1024,0.05,8,16,600,1.5632142731931528e-05,0.0064357131249372385,0.7531596920658521,1927.375,186.05078125,9.9833984375,23511.551630854916,579499775.7697997,0.1919026454056696,0.08777647313636924,352,37.0859375,118.59375,112.94427490234375,111.65625,3806.55859375,9.20703125,8.426192283630371,-0.06563098193516526,-0.4718019000679469,ok,
direct_isolated,cold_clumpy3d,2019,1024,0.05,8,16,600,0.00021409732892905425,0.005315554430357861,0.7006926112678764,3112.4375,204.73046875,10.12744140625,23121.566431678762,569173646.7032886,0.210570931085044,0.08906188888151158,392,109.61328125,268.78514099121094,122.80474472045898,2780.78125,558.394287109375,7.72607421875,6.855988442897797,-0.18119996714047326,-0.34699266072665236,ok,
direct_isolated,cold_clumpy3d,2020,1024,0.05,8,16,600,0.0003021340294276751,0.0047294494472818254,0.7030752155145242,2129.5625,143.76953125,9.16015625,23048.29436199998,556561483.1486508,0.21495830278592376,0.0872202243717149,781,728.10546875,718.7115135192871,375.7550926208496,10699.1875,4954.654052734375,23.58935546875,11.27446311712265,-0.24876002267991099,-0.2530339525280565,ok,
direct_isolated,cold_clumpy3d,2021,1024,0.05,8,16,600,0.00016532950568681857,0.005778135611313112,0.6561199580740971,2623.46875,240.61328125,9.95556640625,23056.151584934367,597314206.2077,0.19105304557673508,0.08535165210366166,289,248.53515625,208.49998474121094,-16.50442886352539,2368.65625,2254.169677734375,29.056640625,6.791648328304291,-0.12243128143208193,-0.3859700715307439,ok,
direct_isolated,cold_clumpy3d,2022,1024,0.05,8,16,600,0.00022753158369837308,0.005832750253164716,0.6827382268061098,2592.59375,257.91015625,8.8671875,22629.045015055093,539106342.3701577,0.1932085471652004,0.0878044963168782,289,18.95703125,-44.44976806640625,56.610347747802734,-254.53125,366.265380859375,11.60693359375,5.245956361293793,-0.0989268009269475,-0.302492192729258,ok,
direct_isolated,cold_clumpy3d,2023,1024,0.05,8,16,600,4.150333689180241e-06,0.006223066262762278,0.7371996569260689,1900.3125,185.01953125,9.84228515625,22689.74985837727,560877598.4289185,0.1901079850928641,0.08909335293222935,438,62.05078125,179.05263900756836,33.26458740234375,1483.65625,1648.65234375,9.64501953125,5.603926658630371,-0.11954481177838061,-0.3632395124631612,ok,
direct_isolated,cold_clumpy3d,2024,1024,0.05,8,16,600,0.0002062242107765267,0.006363956608056944,0.5691195396436322,2076.03125,192.1015625,10.73046875,22893.539333364464,574477309.9147813,0.19089267167644183,0.08866944481458168,359,37.20703125,80.20306396484375,-0.4987220764160156,-6.34375,991.503662109375,8.01416015625,6.623707711696625,-0.09580500038043516,-0.290927127684689,ok,
direct_isolated,cold_clumpy3d,2025,1024,0.05,8,16,600,0.00013404821059569212,0.0069739666274007414,0.7551707539974549,1946.625,185.70703125,10.2607421875,23085.72278024666,589725127.9396799,0.19011753115835778,0.08969640703733735,230,83.64453125,87.078125,29.795406341552734,419.15625,609.796630859375,9.79931640625,0.9110183119773865,-0.04835877174430403,-0.6060588272189799,ok,
direct_isolated,cold_clumpy3d,2026,1024,0.05,8,16,600,0.00015748402478584246,0.006177472247915192,0.7024224508603231,2075.84375,174.1953125,10.74365234375,23051.223992186395,534832422.78684247,0.19120196419843596,0.08817466291866022,407,60.24609375,81.55163192749023,94.3203125,192.75,1202.0,7.29248046875,2.732177734375,-0.12852087955904334,-0.30395695863426125,ok,
direct_isolated,cold_clumpy3d,2027,1024,0.05,8,16,600,0.00018824442706438034,0.006111888294053888,0.7478422348533343,2358.3125,227.67578125,11.29833984375,23004.86494081555,573329367.9212587,0.19089839931573802,0.08706008408558212,295,25.1953125,60.2578125,91.83958435058594,-176.21875,2359.7021484375,8.4423828125,4.210078954696655,-0.08089605158085322,-0.38966062855254013,ok,
direct_isolated,cold_clumpy3d,2028,1024,0.05,8,16,600,0.0003070275412955387,0.0057713752948673255,0.7007806756988246,2219.15625,238.34765625,10.462890625,23123.768760694045,572275435.6077816,0.19131651698435972,0.08765432485679372,338,25.5859375,53.62109375,97.29820251464844,305.125,932.9599609375,12.4013671875,12.695028066635132,-0.11803139710106714,-0.287598834817014,ok,
direct_isolated,cold_clumpy3d,2029,1024,0.05,8,16,600,0.00016949499321711772,0.006081441171032059,0.7647337794053946,2435.15625,272.55859375,9.94189453125,22761.28853479665,522190853.507287,0.19094040200391008,0.09038968846354198,557,-44.4296875,-32.85211181640625,130.84324645996094,-102.59375,3554.9365234375,10.06689453125,6.97087836265564,-0.15193314332681396,-0.3471860474795472,ok,
direct_isolated,hernquist3d,2000,1024,0.05,8,16,600,0.0047313674015163395,2.0189496603391373,2.0350748376817838,540.284912109375,36.015438079833984,1.561612069606781,5791.643946241757,141981364.9543012,0.11710927731932984,1.2463261231121194,518,-15.933910369873047,-13.918025970458984,-13.777904510498047,-131.223388671875,-165.301513671875,-0.8661853671073914,-0.779519259929657,0.14167718173026056,0.8294643679238938,ok,
direct_isolated,hernquist3d,2001,1024,0.05,8,16,600,0.000580338936451553,2.1401817651925583,2.2914076466584348,479.214599609375,28.144222259521484,1.3267468810081482,4780.482388600078,93261202.58421716,0.09492423373345708,1.219860365785051,518,-13.860042572021484,-15.286449432373047,-15.0960693359375,-122.245849609375,-268.5546875,-0.8796185851097107,-0.8901119232177734,0.14315185052036938,1.0207845920628333,ok,
direct_isolated,hernquist3d,2002,1024,0.05,8,16,600,0.000772601416622438,2.100836978572373,2.193495690804244,503.054443359375,34.659297943115234,1.3482837080955505,5175.999602831745,110328541.93276113,0.108569269023198,1.2205316853745471,521,-14.364925384521484,-19.435302734375,-16.508556365966797,-103.839599609375,-205.875732421875,-0.7103833556175232,-0.6893121600151062,0.1205568189251599,0.9275276026826834,ok,
direct_isolated,hernquist3d,2003,1024,0.05,8,16,600,0.0003531914928761709,2.254176719012724,2.5040980787783744,497.3193359375,29.618270874023438,1.2263963222503662,4751.728473387211,128999129.65324886,0.10150280231784933,1.2239114778800233,487,-12.987472534179688,-18.510421752929688,-9.607501983642578,-164.0107421875,-213.489501953125,-0.7717158794403076,-0.6854870915412903,0.169750683255961,1.0128597884413284,ok,
direct_isolated,hernquist3d,2004,1024,0.05,8,16,600,0.0003867159432283128,1.8146524697324726,1.721306591120037,607.234375,39.601318359375,1.8522911071777344,6070.735259963003,186763876.02990812,0.12906883937479216,1.204821230993773,493,-10.481082916259766,-7.024169921875,1.1782073974609375,-122.023681640625,-56.2509765625,-0.8536167740821838,-0.38918328285217285,0.10854908984569589,0.3685867399583621,ok,
direct_isolated,hernquist3d,2005,1024,0.05,8,16,600,0.0013407540155253306,2.059808309808049,2.1060106090048456,527.8662109375,36.72789001464844,1.5321252346038818,5845.771859479519,131296947.98918858,0.12323624736732978,1.2256793349386461,496,-14.358112335205078,-13.2542724609375,-11.199970245361328,-112.747314453125,-107.626220703125,-0.7077744603157043,-0.7055476307868958,0.12385200502414068,0.9062225719629387,ok,
direct_isolated,hernquist3d,2006,1024,0.05,8,16,600,0.00028326811799406123,2.25940997768099,2.577252141063109,506.96484375,30.12835693359375,1.2374181747436523,4848.80830988026,92564216.79779735,0.09755422404429027,1.273725453855082,527,-15.938064575195312,-17.970462799072266,-17.236515045166016,-166.0361328125,-301.152587890625,-0.7772305011749268,-0.790408194065094,0.1696041496762497,1.2415494146656467,ok,
direct_isolated,hernquist3d,2007,1024,0.05,8,16,600,0.0008404969645809649,1.8844289072158964,1.800169138467071,593.640625,39.890380859375,1.7409629821777344,6265.647866350233,184519039.15518224,0.1262454273362155,1.233305112959444,507,-11.320255279541016,-13.41485595703125,-9.48538589477539,-111.355712890625,-163.267822265625,-0.6351004242897034,-0.6883397698402405,0.13280710853272593,0.5116083722016147,ok,
direct_isolated,hernquist3d,2008,1024,0.05,8,16,600,0.0007376500084184596,2.1205402035224075,2.2176606860157815,529.3818359375,33.15977478027344,1.3217103481292725,5027.438351369645,160773392.59141147,0.10378420581172033,1.215860478667619,524,-10.992420196533203,-14.9912109375,-5.936542510986328,-90.874267578125,-2.860595703125,-0.6444433331489563,-0.6474764943122864,0.13602718416179782,0.8206446871635014,ok,
direct_isolated,hernquist3d,2009,1024,0.05,8,16,600,0.0012869678858516216,1.9264688160296328,1.87259482724512,543.7802734375,36.60154724121094,1.552551031112671,5751.1400609606535,143009642.71374816,0.11678854305642342,1.2227430285173688,517,-14.046859741210938,-15.326953887939453,-9.720996856689453,-118.9677734375,-168.878173828125,-0.7337644100189209,-0.5655563473701477,0.10344436258140188,0.701163975354058,ok,
direct_isolated,hernquist3d,2010,1024,0.05,8,16,600,0.0019176290904995169,1.9554941166142377,1.9207939956016198,583.138427734375,36.19918441772461,1.800322949886322,6615.841537234973,140481437.65625542,0.12862471341066967,1.2253619129751268,498,-9.95977783203125,-9.845073699951172,-13.461040496826172,-177.20703125,-235.084716796875,-0.7458925247192383,-0.9474198222160339,0.1338036971046223,0.7892361089277453,ok,
direct_isolated,hernquist3d,2011,1024,0.05,8,16,600,0.0027933879634632563,1.9720293810653875,1.949749400860107,553.538818359375,39.362178802490234,1.658521592617035,5878.398168635838,110541106.46170801,0.1282769640479361,1.2401024272912853,492,-17.109874725341797,-17.95379638671875,-14.872406005859375,-133.860107421875,-153.115234375,-0.9622575640678406,-0.8338828086853027,0.12761486647542253,0.8373549312896243,ok,
direct_isolated,hernquist3d,2012,1024,0.05,8,16,600,0.0007606994822030463,2.1061545043198446,2.19852230094876,516.25,32.9912109375,1.3383636474609375,5219.212719783242,112803741.22861099,0.10571719976201943,1.2102710184768466,505,-14.57315444946289,-16.582828521728516,-15.876285552978516,-124.916259765625,-196.066650390625,-0.6475968956947327,-0.6227312684059143,0.13103454121961333,0.8581158640573299,ok,
direct_isolated,hernquist3d,2013,1024,0.05,8,16,600,0.0016468798372476223,2.0508647318324598,2.0953384536007693,547.9755859375,33.31211853027344,1.2577455043792725,4987.4231710522645,128129063.44219995,0.09945521657145447,1.2026497408206158,530,-12.927295684814453,-14.940418243408203,-11.440174102783203,-160.706298828125,-44.780517578125,-0.6597831845283508,-0.7369497418403625,0.14918418389182758,0.8497919818300494,ok,
direct_isolated,hernquist3d,2014,1024,0.05,8,16,600,0.00032439065255044833,2.2306145235895687,2.4710387332830233,467.394287109375,30.368709564208984,1.2939996123313904,5151.555540847487,103697567.94294935,0.1032022143782219,1.2335313466883386,510,-11.746246337890625,-16.95355224609375,-14.191650390625,-130.603515625,-241.484375,-0.697878360748291,-0.7855873107910156,0.14722767699665695,1.2118932374793783,ok,
direct_isolated,hernquist3d,2015,1024,0.05,8,16,600,0.029092288007428375,2.0026436581828357,2.0048264760667567,547.435302734375,37.29366683959961,1.497477948665619,5824.376756059709,100023331.1743786,0.1268688735601835,1.2173275039473976,458,-17.99099349975586,-16.5572509765625,-8.91949462890625,-171.907958984375,-70.66015625,-0.8217892050743103,-0.6465082168579102,0.1741666601924428,0.9437505374518698,ok,
direct_isolated,hernquist3d,2016,1024,0.05,8,16,600,0.000676058075010975,2.1253656442087148,2.2355368427987408,551.8896484375,34.60032653808594,1.3761403560638428,5156.9828952605285,117847327.64770862,0.10566266132621273,1.2184205363226626,503,-17.609115600585938,-20.1387939453125,-15.771350860595703,-187.2021484375,-274.100830078125,-0.7976644039154053,-0.7904031872749329,0.1617413354630775,0.8723902259220542,ok,
direct_isolated,hernquist3d,2017,1024,0.05,8,16,600,0.0004904433650417982,2.191485182455322,2.385194716716229,548.65234375,32.45941162109375,1.3079595565795898,5251.501061123441,116060373.02486104,0.10375548539970936,1.2394781866073656,523,-16.369388580322266,-17.841796875,-15.12039566040039,-169.656494140625,-248.627197265625,-0.7974892258644104,-0.7641187310218811,0.15000261475636045,0.9030844883768068,ok,
direct_isolated,hernquist3d,2018,1024,0.05,8,16,600,0.0011025212827629432,1.9499337476071026,1.9190257860187103,572.71875,37.94140625,1.3720703125,5277.256838327685,123430233.12355427,0.11429813124728379,1.1845141612046195,524,-14.593997955322266,-15.233535766601562,-14.113712310791016,-130.468994140625,-212.043212890625,-0.5295143723487854,-0.4349127411842346,0.09522224249064465,0.5060564053219536,ok,
direct_isolated,hernquist3d,2019,1024,0.05,8,16,600,0.0003599773618162338,2.199335072842303,2.428382946439204,496.55859375,30.07366943359375,1.1798009872436523,4524.7884650775795,103633764.99122159,0.09089316374084586,1.2238548780961735,540,-14.094924926757812,-17.647415161132812,-15.085025787353516,-136.6376953125,-233.488525390625,-0.6656067371368408,-0.7174845337867737,0.13688258560182842,1.1564989595652848,ok,
direct_isolated,hernquist3d,2020,1024,0.05,8,16,600,0.0007543448767800818,2.0922235688773156,2.1736230756566375,532.935302734375,35.45382308959961,1.401286542415619,5344.962544622406,110219952.21725027,0.1148956144500552,1.208320468069595,491,-17.6512451171875,-20.63055419921875,-12.34136962890625,-142.3671875,-197.12890625,-0.7685985565185547,-0.6826410293579102,0.17211255655712582,0.953940015189586,ok,
direct_isolated,hernquist3d,2021,1024,0.05,8,16,600,0.0010430370210026626,1.921584255730971,1.8620604659786733,554.193115234375,36.26888656616211,1.512166440486908,5312.139951053159,111951023.84097657,0.1146239921302721,1.2108233797824939,502,-14.952728271484375,-14.72689437866211,-9.327495574951172,-113.068359375,-145.694091796875,-0.8766417503356934,-0.7486168742179871,0.1296518455944371,0.7314315422727213,ok,
direct_isolated,hernquist3d,2022,1024,0.05,8,16,600,0.002082077942139027,1.9597671698387202,1.9295492362809255,554.616943359375,37.921016693115234,1.6588305830955505,6199.42259649206,112828797.78372857,0.12815758243621259,1.2203432586207243,482,-13.608428955078125,-11.503570556640625,-4.66534423828125,-158.033203125,-67.89453125,-0.8943333625793457,-0.5873613357543945,0.15571722028488655,0.7705231539014293,ok,
direct_isolated,hernquist3d,2023,1024,0.05,8,16,600,0.0045676057875560705,1.9835468343961609,1.9722924629110041,563.665771484375,37.73818588256836,1.5339645743370056,5885.961643482235,137866067.79219195,0.11905368358256976,1.2326304225736795,508,-12.558025360107422,-15.89532470703125,-9.86806869506836,-130.197998046875,-159.072021484375,-0.7070528864860535,-0.5642532706260681,0.12723702576565238,0.6329299358091782,ok,
direct_isolated,hernquist3d,2024,1024,0.05,8,16,600,0.0008034211567611613,2.0932725415593803,2.1722389313080863,509.499755859375,35.562740325927734,1.4014624953269958,5548.666658835528,119222909.21363384,0.12012565630346292,1.2133123651355129,481,-13.109615325927734,-10.246837615966797,-10.710540771484375,-105.062255859375,-141.943359375,-0.6370581984519958,-0.6539244651794434,0.1342886437687265,1.0135403449099156,ok,
direct_isolated,hernquist3d,2025,1024,0.05,8,16,600,0.001265921862350833,2.059071417738648,2.1031113370850187,549.78125,34.3935546875,1.4428558349609375,5168.552593234714,111144605.72465625,0.11339490608266992,1.222309188007914,518,-13.857315063476562,-13.01523208618164,-6.545047760009766,-158.7119140625,-49.429931640625,-0.7731001377105713,-0.7673969864845276,0.16066222432481303,0.5896878868607615,ok,
direct_isolated,hernquist3d,2026,1024,0.05,8,16,600,0.00031233422260372646,2.2666586130651085,2.564508895705067,488.238037109375,28.619197845458984,1.2454232573509216,4716.90391233641,103563146.49958527,0.09798157946306095,1.2186502186507129,528,-13.919677734375,-18.357616424560547,-14.659149169921875,-144.328125,-260.685546875,-0.7785301208496094,-0.8030238151550293,0.1379189237530175,1.2062505626669857,ok,
direct_isolated,hernquist3d,2027,1024,0.05,8,16,600,0.0008392981974511349,2.090094023095966,2.167464766421887,504.8583984375,31.448471069335938,1.495410680770874,5467.300579154156,107968458.29125905,0.10836935194676643,1.2184003620459452,512,-11.474811553955078,-16.0321044921875,-11.3497314453125,-119.278564453125,-206.8203125,-0.8342316746711731,-0.8342609405517578,0.13244126970545178,1.0362641377892412,ok,
direct_isolated,hernquist3d,2028,1024,0.05,8,16,600,0.0008611994284820567,1.9223702908275326,1.867976701068816,563.003662109375,36.734188079833984,1.506253182888031,5406.614403612832,119589686.7646766,0.11549899716439588,1.2051501389352095,496,-14.580718994140625,-16.511104583740234,-6.854366302490234,-112.603515625,-120.101318359375,-0.6202797889709473,-0.6139659285545349,0.13909137497918522,0.5905472041410144,ok,
direct_isolated,hernquist3d,2029,1024,0.05,8,16,600,0.0005587026290036638,2.195496472679096,2.3935803719116833,508.984130859375,34.031246185302734,1.5315856337547302,5484.977765944409,159300276.615951,0.10720279410813552,1.2597935361146253,507,-17.95501708984375,-18.037975311279297,-11.847015380859375,-137.46484375,-177.552734375,-0.9370412826538086,-0.8333640098571777,0.1618157362483657,1.034938960204823,ok,
direct_isolated,plummer3d,2000,1024,0.05,8,16,600,0.0004539348262594791,1.792627552448307,1.5305995180113319,1315.9599609375,89.87730407714844,2.8121697902679443,6175.989522556112,65822274.68332866,0.14100143120437392,1.5533468649711397,599,-61.32902526855469,-63.47856521606445,-57.8830451965332,-631.7138671875,-692.218017578125,-2.045912504196167,-1.9576147198677063,0.2000547510512829,0.24477835847459595,ok,
direct_isolated,plummer3d,2001,1024,0.05,8,16,600,0.00042903611144773975,1.799745699386402,1.5448017415039363,1245.96484375,80.62933349609375,2.368048667907715,5196.789823320523,71190478.82134062,0.12162139626024056,1.5206120333395283,602,-57.30728530883789,-63.145755767822266,-55.89853286743164,-569.713134765625,-711.896728515625,-1.733347475528717,-1.7296462655067444,0.19664037396829576,0.22619545031591887,ok,
direct_isolated,plummer3d,2002,1024,0.05,8,16,600,0.00042001018302231303,1.805718151975032,1.5491549292102857,1275.21484375,85.93011474609375,2.372931480407715,5538.647769478237,62964025.16815181,0.1294865647995664,1.517622169823629,613,-60.346500396728516,-64.21527099609375,-58.8564453125,-583.004150390625,-715.9375,-1.680798590183258,-1.7190704345703125,0.1819565049852584,0.28985339583101416,ok,
direct_isolated,plummer3d,2003,1024,0.05,8,16,600,0.0007421631528094766,1.888743681172045,1.730808508704909,1238.8125,79.8623046875,2.2552337646484375,5091.877231312778,67819222.6512784,0.1212673392181589,1.5262729849137413,618,-53.90435791015625,-61.110233306884766,-54.17567443847656,-603.78515625,-641.9619140625,-1.6156930923461914,-1.6618025302886963,0.19102151201245465,0.2927986082857586,ok,
direct_isolated,plummer3d,2004,1024,0.05,8,16,600,0.00024066988831120934,1.659127622270827,1.3762237664960015,1335.9599609375,96.53355407714844,2.9464471340179443,6967.510602741376,76452893.90135139,0.1534251088847932,1.5060143155929997,583,-55.9081916809082,-49.92570495605469,-48.70466995239258,-513.452392578125,-594.645751953125,-1.8414915204048157,-1.522454559803009,0.15052699842033113,0.14388868749837763,ok,
direct_isolated,plummer3d,2005,1024,0.05,8,16,600,0.00044997099043180304,1.808867225950348,1.5831990615345677,1268.810302734375,87.55343246459961,2.613109052181244,6213.789453160403,66677864.74756169,0.13446912631568303,1.535312873893492,599,-59.86029052734375,-57.811737060546875,-53.83701705932617,-579.24609375,-697.584716796875,-1.900771141052246,-1.7300888895988464,0.1994934124469399,0.24348482029725754,ok,
direct_isolated,plummer3d,2006,1024,0.05,8,16,600,0.0010081963127309016,1.914094401098881,1.7801094284646188,1271.40234375,81.86224365234375,2.249434471130371,5362.262555334485,67424669.2188746,0.12346537374532895,1.5655888125928057,637,-61.876953125,-67.16601943969727,-58.51416015625,-666.125,-742.375,-1.672393798828125,-1.6612319946289062,0.23412600117776128,0.34388087938563316,ok,
direct_isolated,plummer3d,2007,1024,0.05,8,16,600,0.0003295183635120504,1.7151645395504787,1.4125010562621032,1343.687255859375,94.41186141967773,2.8469809889793396,6814.520782668272,70917610.7343517,0.14997196995178833,1.5284655800068117,579,-59.92242431640625,-58.794586181640625,-57.4434814453125,-594.41015625,-738.6328125,-1.8845300674438477,-1.7602863311767578,0.178829462901314,0.20524517763378872,ok,
direct_isolated,plummer3d,2008,1024,0.05,8,16,600,0.0005294521481097558,1.840026293279049,1.6539558758815625,1250.017333984375,87.81545639038086,2.432327687740326,5847.87983576103,70177071.01438197,0.1343688619448544,1.5234260443981424,623,-57.24151611328125,-60.9976806640625,-54.01620101928711,-551.61328125,-522.677490234375,-1.6578874588012695,-1.614053189754486,0.1953501907848597,0.2579541382224959,ok,
direct_isolated,plummer3d,2009,1024,0.05,8,16,600,0.0003079285136537989,1.7036375530618981,1.3831361164189457,1294.560302734375,90.67843246459961,2.687327802181244,6343.08145727206,76570377.81127876,0.13806456831440908,1.521771736309348,597,-58.278839111328125,-54.5220947265625,-56.008148193359375,-547.876953125,-673.708984375,-1.739037036895752,-1.7113089561462402,0.16994752967308324,0.21774288099047068,ok,
direct_isolated,plummer3d,2010,1024,0.05,8,16,600,0.0003776112920457907,1.762941511606232,1.4865113391851947,1351.431396484375,93.93423080444336,2.8298744559288025,6812.472233908165,68481778.89026755,0.14530478368897082,1.5343278171538826,592,-62.44228744506836,-62.734710693359375,-58.37101364135742,-603.697021484375,-778.260498046875,-2.012312352657318,-1.8630053400993347,0.17570484378050255,0.20312211721406537,ok,
direct_isolated,plummer3d,2011,1024,0.05,8,16,600,0.00038253884661575876,1.7592244112118003,1.4744725068396383,1291.997802734375,89.00265121459961,2.756175458431244,6440.926592879321,67791595.73376048,0.14080462675550792,1.535919556978275,589,-60.76523971557617,-57.71950912475586,-56.07595443725586,-584.740966796875,-690.095458984375,-1.9897705912590027,-1.8706631064414978,0.1901474496478852,0.22978232829724776,ok,
direct_isolated,plummer3d,2012,1024,0.05,8,16,600,0.00046550627447495456,1.8128489532467524,1.5809772982852983,1317.74609375,85.50286865234375,2.456954002380371,5601.341116305346,67636041.37870476,0.1288737391760908,1.527271128368039,584,-58.71600341796875,-59.3330078125,-58.423828125,-622.32421875,-779.25,-1.7264585494995117,-1.759918212890625,0.18813892817693123,0.23071488078108626,ok,
direct_isolated,plummer3d,2013,1024,0.05,8,16,600,0.00032646259614954755,1.7605836968971977,1.4695099483663328,1287.345458984375,89.96364974975586,2.4375118613243103,5635.155098858645,67264093.47169963,0.12950134182113213,1.5081695940823119,591,-59.158538818359375,-58.29667282104492,-59.82302474975586,-611.115234375,-546.751708984375,-1.6902823448181152,-1.7339596152305603,0.18725799341432126,0.26423983160368547,ok,
direct_isolated,plummer3d,2014,1024,0.05,8,16,600,0.0007478491371972118,1.8856806946368618,1.7075198646782777,1259.7724609375,79.19371032714844,2.3048455715179443,5325.567448086667,61937441.25423622,0.12198597625642241,1.5461044242801103,629,-55.98103713989258,-62.27327346801758,-55.62559509277344,-632.989501953125,-780.9130859375,-1.6779568791389465,-1.699350118637085,0.20635502748794904,0.36360850351997515,ok,
direct_isolated,plummer3d,2015,1024,0.05,8,16,600,0.00042403545128136136,1.7681859656629455,1.4886773272731553,1279.288818359375,87.62243270874023,2.528798997402191,6387.68777301391,73237544.62335376,0.13936523650519322,1.5100249316239402,577,-61.4129753112793,-52.686946868896484,-54.10430908203125,-576.102294921875,-657.05078125,-1.790357768535614,-1.6901674270629883,0.20928384175316134,0.2796677115812119,ok,
direct_isolated,plummer3d,2016,1024,0.05,8,16,600,0.0005257449041671927,1.8312281810932565,1.626558194626052,1280.095458984375,89.55739974975586,2.4926876425743103,5667.468656225313,68405814.23266508,0.13030851484324615,1.5213325613806514,612,-62.636749267578125,-65.778076171875,-62.58236312866211,-631.533203125,-675.849365234375,-1.7567753791809082,-1.7579092383384705,0.20092314966841995,0.2258518036112317,ok,
direct_isolated,plummer3d,2017,1024,0.05,8,16,600,0.0008678114455138393,1.8877152014149887,1.7437778076220765,1228.265625,87.736083984375,2.4388694763183594,5750.18663500296,71621059.72628735,0.12988693976461638,1.5564263656143786,580,-62.41094970703125,-65.70619201660156,-59.14466857910156,-561.36328125,-686.6962890625,-1.7666139602661133,-1.735048532485962,0.20817612650043227,0.2546623801214078,ok,
direct_isolated,plummer3d,2018,1024,0.05,8,16,600,0.00025604545375226237,1.7250303410732526,1.4653158978739051,1268.435302734375,94.40743637084961,2.64018577337265,5982.8328509060175,63802356.455281235,0.13921148831478244,1.5076427836615802,597,-61.38106918334961,-49.91656494140625,-53.76153564453125,-540.091552734375,-663.89453125,-1.7079500555992126,-1.4947481155395508,0.17448865986986162,0.15972646175560717,ok,
direct_isolated,plummer3d,2019,1024,0.05,8,16,600,0.0005398392367952957,1.8480888515342748,1.6410279893199373,1258.4375,84.1904296875,2.2147064208984375,5116.89209431995,65007255.26418042,0.12331862126944095,1.5220797333324407,592,-62.50131607055664,-67.665283203125,-61.17001724243164,-616.006103515625,-655.459228515625,-1.5925193428993225,-1.5791030526161194,0.21913671188195838,0.3049055034992042,ok,
direct_isolated,plummer3d,2020,1024,0.05,8,16,600,0.0004789435141633613,1.8218957337812005,1.605469006389561,1227.849365234375,87.47640609741211,2.496060788631439,5861.263180299932,64457654.980488546,0.1338632797465731,1.525762317033382,562,-62.22214889526367,-65.41159057617188,-55.946319580078125,-550.295654296875,-577.626953125,-1.7873150706291199,-1.7346348762512207,0.2056073245536944,0.28331718918586124,ok,
direct_isolated,plummer3d,2021,1024,0.05,8,16,600,0.0002831076701015454,1.6919309146986288,1.374072880169354,1293.501708984375,91.56130599975586,2.6171993613243103,5938.967813534421,64471008.94859132,0.13884208117497765,1.5062116705693256,572,-62.982757568359375,-65.33427047729492,-57.24349594116211,-535.521484375,-649.349365234375,-1.8602042198181152,-1.752675473690033,0.19304013373101386,0.19537973931951802,ok,
direct_isolated,plummer3d,2022,1024,0.05,8,16,600,0.0004002924421165486,1.7601786787105678,1.496630644618946,1243.24609375,89.25042724609375,2.634161949157715,6460.312706625503,63191325.6924739,0.14332617623147317,1.516756743871829,576,-60.953189849853516,-55.07759094238281,-52.47412109375,-545.894775390625,-547.6875,-1.8885813355445862,-1.7370834350585938,0.1839790047115928,0.2448885153631014,ok,
direct_isolated,plummer3d,2023,1024,0.05,8,16,600,0.0004060914419353657,1.7716824226197538,1.513161071747438,1337.560302734375,92.20040512084961,2.69487327337265,6404.0194088879025,70249872.3760809,0.14306767151213962,1.5450565953241675,576,-59.457855224609375,-57.017486572265625,-57.1435546875,-579.990234375,-727.96875,-1.8379645347595215,-1.7984466552734375,0.17682441926726222,0.21266381653838845,ok,
direct_isolated,plummer3d,2024,1024,0.05,8,16,600,0.0005038723196816686,1.8188306719755407,1.5823569049113009,1224.6474609375,84.01792907714844,2.5514276027679443,6011.2356331103865,71133023.33273819,0.13116833640510292,1.5205073800493714,594,-57.1014404296875,-56.9960823059082,-55.48095703125,-541.5546875,-717.78125,-1.7309551239013672,-1.7652664184570312,0.18696412233770987,0.3065437899110078,ok,
direct_isolated,plummer3d,2025,1024,0.05,8,16,600,0.00045784867075314927,1.8066623410412543,1.5792390892941441,1269.1474609375,89.87779235839844,2.5810983180999756,5906.243667941817,62063755.14932291,0.14091118763342236,1.5342199061093034,586,-61.28556823730469,-59.12858963012695,-58.66594314575195,-591.9951171875,-717.635986328125,-1.8269107341766357,-1.7769764065742493,0.18375328092519239,0.23050540127858588,ok,
direct_isolated,plummer3d,2026,1024,0.05,8,16,600,0.0007363484196668137,1.8890569786446874,1.7346185883498366,1246.96484375,80.79730224609375,2.159552574157715,5133.277162213561,70747538.56049193,0.11790456734276959,1.5229270413786937,635,-58.52490234375,-64.67013931274414,-56.75699234008789,-621.1875,-758.650634765625,-1.5628890991210938,-1.5678887963294983,0.2013558640423237,0.31010815259457347,ok,
direct_isolated,plummer3d,2027,1024,0.05,8,16,600,0.0004120800488742214,1.8000324329931185,1.5319514242135253,1281.125,86.07421875,2.52093505859375,5651.61516579166,69211631.92925073,0.12761018521532502,1.5214076269508756,599,-58.05299377441406,-63.91102600097656,-58.513797760009766,-593.7041015625,-713.992431640625,-1.7896463871002197,-1.8265400528907776,0.19082865331164356,0.27988402957984004,ok,
direct_isolated,plummer3d,2028,1024,0.05,8,16,600,0.00027775851077366926,1.7098959358432795,1.4088997571486077,1327.7333984375,91.81858825683594,2.5840795040130615,6170.3671711439065,64789120.41597301,0.14422255097066378,1.510093866084764,622,-58.888671875,-53.78172302246094,-50.40702819824219,-627.53125,-509.7998046875,-1.668670654296875,-1.6526610851287842,0.19063171653238242,0.21949928373155037,ok,
direct_isolated,plummer3d,2029,1024,0.05,8,16,600,0.0013605871996456372,1.9239251924216954,1.8087911549488638,1256.073974609375,89.16350936889648,2.5549535155296326,6057.533074948113,72343382.41763127,0.13491887546539647,1.5792365479450268,572,-65.46218872070312,-70.59589767456055,-62.53815841674805,-645.548828125,-752.582763671875,-1.9082226753234863,-1.8827068209648132,0.21063382024900335,0.29871520473963536,ok,
pm_periodic,bimodal3d,2000,1024,0.05,8,16,600,,nan,nan,718.59375,96.4296875,5.98876953125,15105.23910237844,256255805.9796915,0.2378421309872923,2.2140211735142037,348,-91.875,-94.01171875,-94.03125,-579.25,-678.1875,-5.69580078125,-5.7216796875,nan,nan,ok,
pm_periodic,bimodal3d,2001,1024,0.05,8,16,600,,nan,nan,725.75,88.453125,5.54150390625,14032.935922530247,218291765.9357661,0.21770184200879766,2.1446938882224567,357,-84.07421875,-86.11328125,-86.28125,-606.875,-705.53125,-5.26806640625,-5.2822265625,nan,nan,ok,
pm_periodic,bimodal3d,2002,1024,0.05,8,16,600,,nan,nan,713.78125,89.0625,5.626953125,14482.880678019928,277388884.63398397,0.2193647666177908,2.1518557617196117,372,-84.80859375,-86.62109375,-86.48828125,-592.71875,-677.71875,-5.337890625,-5.36474609375,nan,nan,ok,
pm_periodic,bimodal3d,2003,1024,0.05,8,16,600,,nan,nan,716.34375,91.87890625,5.64013671875,14546.857640150822,258530414.96395427,0.2221923112170088,2.161131956923458,377,-86.703125,-89.60546875,-89.47265625,-567.90625,-680.21875,-5.3505859375,-5.38525390625,nan,nan,ok,
pm_periodic,bimodal3d,2004,1024,0.05,8,16,600,,nan,nan,715.90625,93.05859375,6.12060546875,15077.891952361166,298813704.08513665,0.23430817754154448,2.1556978750158238,346,-87.5234375,-90.25,-87.6796875,-539.375,-626.03125,-5.80517578125,-5.787109375,nan,nan,ok,
pm_periodic,bimodal3d,2005,1024,0.05,8,16,600,,nan,nan,736.53125,89.89453125,5.46240234375,13829.189038007222,218097971.65184048,0.21615156097262953,2.1854765059718613,368,-86.0,-87.7734375,-87.4921875,-625.84375,-703.15625,-5.18359375,-5.208984375,nan,nan,ok,
pm_periodic,bimodal3d,2006,1024,0.05,8,16,600,,nan,nan,721.53125,92.34765625,5.82421875,14684.237395043529,221063296.00092953,0.2280249572336266,2.2010934452200663,349,-87.98828125,-90.14453125,-89.984375,-608.09375,-689.875,-5.517578125,-5.56787109375,nan,nan,ok,
pm_periodic,bimodal3d,2007,1024,0.05,8,16,600,,nan,nan,745.15625,93.21875,6.07080078125,15312.348804244877,296390940.8871356,0.2378249480694037,2.1631436813146205,349,-87.96484375,-89.9375,-87.265625,-600.6875,-635.5,-5.76025390625,-5.73974609375,nan,nan,ok,
pm_periodic,bimodal3d,2008,1024,0.05,8,16,600,,nan,nan,729.96875,90.98828125,5.71044921875,14462.850218656025,279035766.0918317,0.22041865224828935,2.1833983285285186,358,-86.75390625,-88.58203125,-88.69140625,-619.03125,-701.03125,-5.416015625,-5.44677734375,nan,nan,ok,
pm_periodic,bimodal3d,2009,1024,0.05,8,16,600,,nan,nan,736.3125,92.79296875,6.13427734375,14868.584709425137,242249404.62143195,0.23092314271749756,2.141072026536047,338,-87.41796875,-89.79296875,-88.078125,-582.3125,-644.1875,-5.81640625,-5.82666015625,nan,nan,ok,
pm_periodic,bimodal3d,2010,1024,0.05,8,16,600,,nan,nan,718.5625,94.140625,5.77392578125,14972.677317241665,249413008.5800522,0.2305852119990225,2.1835107493998507,354,-89.65234375,-91.96875,-91.7890625,-589.0,-693.90625,-5.48095703125,-5.5126953125,nan,nan,ok,
pm_periodic,bimodal3d,2011,1024,0.05,8,16,600,,nan,nan,716.6875,92.9609375,5.86572265625,14926.423048939603,234304353.35107052,0.22876955034213098,2.1716595115148256,375,-88.50390625,-90.578125,-90.40625,-595.46875,-686.34375,-5.57666015625,-5.5966796875,nan,nan,ok,
pm_periodic,bimodal3d,2012,1024,0.05,8,16,600,,nan,nan,718.5,90.3203125,5.328125,14039.609384928388,202104375.20754755,0.21657158785434996,2.156660057143051,363,-85.3828125,-87.77734375,-87.33203125,-585.34375,-667.375,-5.009765625,-5.05224609375,nan,nan,ok,
pm_periodic,bimodal3d,2013,1024,0.05,8,16,600,,nan,nan,710.46875,87.5859375,5.58154296875,14214.775068188374,225915884.72692502,0.2166460471652004,2.1206725980064336,368,-81.5546875,-84.1875,-83.0390625,-568.4375,-604.71875,-5.25537109375,-5.28173828125,nan,nan,ok,
pm_periodic,bimodal3d,2014,1024,0.05,8,16,600,,nan,nan,727.9375,91.015625,5.37646484375,13972.158358953582,201491612.24304527,0.2164169415933529,2.1774651317824074,372,-87.33984375,-88.75,-89.0390625,-620.40625,-714.0,-5.1064453125,-5.11669921875,nan,nan,ok,
pm_periodic,bimodal3d,2015,1024,0.05,8,16,600,,nan,nan,712.40625,88.39453125,5.5830078125,13660.445470341638,198369398.41325974,0.21291926319648094,2.1417236573358585,375,-83.5390625,-85.9765625,-85.9375,-569.28125,-685.09375,-5.2880859375,-5.31396484375,nan,nan,ok,
pm_periodic,bimodal3d,2016,1024,0.05,8,16,600,,nan,nan,710.03125,94.17578125,5.744140625,14847.404781055673,202132639.42200756,0.2262684811827957,2.1675440549502962,355,-89.70703125,-91.69140625,-91.953125,-570.625,-684.25,-5.43994140625,-5.4892578125,nan,nan,ok,
pm_periodic,bimodal3d,2017,1024,0.05,8,16,600,,nan,nan,710.65625,89.08203125,5.68994140625,14195.997275100333,201173903.22999862,0.2217169171554252,2.193935192334545,358,-84.80859375,-86.796875,-86.6796875,-582.125,-687.84375,-5.3818359375,-5.4248046875,nan,nan,ok,
pm_periodic,bimodal3d,2018,1024,0.05,8,16,600,,nan,nan,720.8125,86.8984375,5.65966796875,14614.97509126378,272217159.3028035,0.22072794477028349,2.1320923299131933,367,-80.7109375,-83.8984375,-81.30859375,-575.71875,-622.34375,-5.322265625,-5.32373046875,nan,nan,ok,
pm_periodic,bimodal3d,2019,1024,0.05,8,16,600,,nan,nan,718.625,92.01171875,5.712890625,14540.30843243698,218331940.23879,0.2236700421554252,2.1668937152952896,348,-87.46875,-89.953125,-89.78515625,-589.25,-691.28125,-5.42724609375,-5.4599609375,nan,nan,ok,
pm_periodic,bimodal3d,2020,1024,0.05,8,16,600,,nan,nan,708.03125,91.78125,5.8427734375,14492.648033938847,296081723.3770387,0.22461892106549364,2.1490056360299734,356,-87.45703125,-89.4296875,-88.88671875,-582.03125,-667.125,-5.54638671875,-5.56640625,nan,nan,ok,
pm_periodic,bimodal3d,2021,1024,0.05,8,16,600,,nan,nan,734.6875,94.03515625,6.11083984375,15006.600752936874,257976817.94240797,0.2285347171309873,2.1108192980115206,359,-88.78125,-91.20703125,-91.23046875,-578.84375,-677.34375,-5.794921875,-5.8466796875,nan,nan,ok,
pm_periodic,bimodal3d,2022,1024,0.05,8,16,600,,nan,nan,706.84375,92.6328125,5.978515625,14868.640138808054,303725517.9709736,0.2335597660068426,2.159484437634049,346,-87.4453125,-89.828125,-87.56640625,-571.1875,-573.25,-5.65380859375,-5.662109375,nan,nan,ok,
pm_periodic,bimodal3d,2023,1024,0.05,8,16,600,,nan,nan,743.15625,94.0546875,6.0234375,14742.386957064642,231285045.81209582,0.22965733443304007,2.1706128394152318,354,-89.6640625,-92.06640625,-91.1953125,-612.5,-699.21875,-5.73291015625,-5.75341796875,nan,nan,ok,
pm_periodic,bimodal3d,2024,1024,0.05,8,16,600,,nan,nan,727.65625,91.4296875,5.990234375,15288.136276111502,221081199.50277886,0.2338786045943304,2.137548801488788,346,-86.23828125,-88.609375,-88.13671875,-593.53125,-678.5,-5.68505859375,-5.71142578125,nan,nan,ok,
pm_periodic,bimodal3d,2025,1024,0.05,8,16,600,,nan,nan,699.9375,88.9375,5.4365234375,13683.064381572785,177678029.0759409,0.21159808773216032,2.1533775187493376,394,-84.61328125,-86.9296875,-86.63671875,-578.21875,-674.0,-5.14794921875,-5.17919921875,nan,nan,ok,
pm_periodic,bimodal3d,2026,1024,0.05,8,16,600,,nan,nan,736.53125,94.125,6.0478515625,15330.653112884298,241326056.591388,0.23373159518572825,2.172338378521459,347,-89.5546875,-91.7265625,-91.78125,-614.40625,-707.03125,-5.7509765625,-5.79833984375,nan,nan,ok,
pm_periodic,bimodal3d,2027,1024,0.05,8,16,600,,nan,nan,744.4375,94.44921875,5.55712890625,14392.214637702104,258839085.9122727,0.22277080278592376,2.1476247776168544,353,-89.4609375,-92.26171875,-92.140625,-578.5625,-707.0,-5.2490234375,-5.30615234375,nan,nan,ok,
pm_periodic,bimodal3d,2028,1024,0.05,8,16,600,,nan,nan,727.40625,91.87890625,5.97900390625,14544.045280238548,250064581.61346063,0.22852135263929618,2.1325572040285934,348,-86.921875,-89.16015625,-87.90625,-599.875,-655.46875,-5.6669921875,-5.67529296875,nan,nan,ok,
pm_periodic,bimodal3d,2029,1024,0.05,8,16,600,,nan,nan,709.96875,91.76953125,5.966796875,14617.818254952554,243812379.34410217,0.22872182001466276,2.2393943276068935,331,-87.56640625,-89.4375,-89.68359375,-584.15625,-685.09375,-5.68505859375,-5.71240234375,nan,nan,ok,
pm_periodic,cold_clumpy3d,2000,1024,0.05,8,16,600,,nan,nan,2262.625,227.98828125,9.67529296875,22240.294547811132,502331481.5113802,0.18978341886608016,0.08802432645112929,92,45.453125,91.5234375,132.03515625,974.96875,1615.46875,6.43115234375,16.685546875,nan,nan,ok,
pm_periodic,cold_clumpy3d,2001,1024,0.05,8,16,600,,nan,nan,2150.53125,220.0703125,9.07470703125,23133.237696250588,559215498.7361763,0.19167544904692083,0.08635992345382665,94,40.421875,-11.98828125,30.8203125,1086.9375,2671.1875,9.90234375,7.35107421875,nan,nan,ok,
pm_periodic,cold_clumpy3d,2002,1024,0.05,8,16,600,,nan,nan,1771.84375,167.125,9.060546875,23138.214202024436,559907993.4779866,0.1911179588220919,0.08757879143944142,106,80.98828125,172.12109375,162.84375,679.375,3620.625,8.03662109375,5.26513671875,nan,nan,ok,
pm_periodic,cold_clumpy3d,2003,1024,0.05,8,16,600,,nan,nan,2223.71875,160.32421875,10.04052734375,23057.06961651259,549412878.9859674,0.1914387066226784,0.0867413125374453,81,117.7734375,91.91015625,223.796875,1181.75,2926.90625,12.93505859375,13.15234375,nan,nan,ok,
pm_periodic,cold_clumpy3d,2004,1024,0.05,8,16,600,,nan,nan,2431.46875,226.15625,11.90380859375,22949.239282724957,628544136.4816393,0.21326864919354838,0.08703750096315771,87,17.12890625,421.28125,164.5859375,-144.4375,1113.15625,5.78076171875,17.94482421875,nan,nan,ok,
pm_periodic,cold_clumpy3d,2005,1024,0.05,8,16,600,,nan,nan,1982.1875,162.51953125,9.6474609375,22299.4159482835,503976874.3744214,0.19077048203812316,0.08768061463202337,86,33.28515625,115.984375,149.12109375,87.5,1517.75,4.8623046875,1.52392578125,nan,nan,ok,
pm_periodic,cold_clumpy3d,2006,1024,0.05,8,16,600,,nan,nan,1941.5625,181.9140625,9.162109375,22738.500027347196,486511440.4445075,0.19065020161290322,0.08912287678566608,92,195.125,233.765625,123.3515625,2150.46875,1174.34375,6.896484375,8.2587890625,nan,nan,ok,
pm_periodic,cold_clumpy3d,2007,1024,0.05,8,16,600,,nan,nan,2258.875,177.62890625,9.337890625,22889.951358233935,537868413.2946125,0.1947244623655914,0.0879779942802423,82,121.6640625,202.40625,150.30078125,925.71875,3299.96875,13.05029296875,12.69140625,nan,nan,ok,
pm_periodic,cold_clumpy3d,2008,1024,0.05,8,16,600,,nan,nan,2995.34375,326.9453125,9.6162109375,23550.733491611438,564308138.9078286,0.26047967069892475,0.08817295996783714,75,-5.38671875,-22.515625,-79.90625,-199.78125,868.1875,7.248046875,7.2958984375,nan,nan,ok,
pm_periodic,cold_clumpy3d,2009,1024,0.05,8,16,600,,nan,nan,2360.5,185.84375,9.17431640625,22729.303986828058,552268624.2794063,0.19014616935483872,0.08615908804562233,91,73.00390625,85.12890625,122.8359375,1169.53125,1451.375,10.43408203125,3.8515625,nan,nan,ok,
pm_periodic,cold_clumpy3d,2010,1024,0.05,8,16,600,,nan,nan,2383.6875,178.99609375,8.8857421875,22634.22857315811,568586578.747021,0.1917136333088954,0.0890615729819514,91,281.79296875,203.09765625,338.1640625,7462.9375,5910.3125,20.30517578125,11.43701171875,nan,nan,ok,
pm_periodic,cold_clumpy3d,2011,1024,0.05,8,16,600,,nan,nan,2598.5625,224.05859375,8.95751953125,23041.697517854453,564239075.4262898,0.1944972660068426,0.08666925805763628,80,82.59765625,71.8125,395.72265625,152.65625,4492.25,12.38525390625,4.13037109375,nan,nan,ok,
pm_periodic,cold_clumpy3d,2012,1024,0.05,8,16,600,,nan,nan,2785.71875,214.96875,8.77197265625,22742.679927789944,544507329.2082006,0.1915494409824047,0.08845217967388944,98,630.515625,135.21484375,284.46875,4448.21875,7075.5,24.89453125,10.4794921875,nan,nan,ok,
pm_periodic,cold_clumpy3d,2013,1024,0.05,8,16,600,,nan,nan,3164.4375,257.07421875,10.68505859375,23214.290546071552,563725193.0768847,0.19180145711143695,0.08774083322172294,80,51.83984375,451.25,72.94140625,472.75,-100.125,14.0830078125,10.4560546875,nan,nan,ok,
pm_periodic,cold_clumpy3d,2014,1024,0.05,8,16,600,,nan,nan,1987.0625,185.8125,10.23095703125,23247.092007893785,506548678.134093,0.19207447458455523,0.08907278957386672,66,92.13671875,385.71484375,98.546875,375.28125,1954.25,11.0888671875,12.57470703125,nan,nan,ok,
pm_periodic,cold_clumpy3d,2015,1024,0.05,8,16,600,,nan,nan,1354.59375,166.1171875,8.7177734375,22490.941089616324,545472050.4870846,0.1900163428641251,0.0863675444280171,100,36.1015625,181.36328125,139.9765625,261.875,1653.875,6.16015625,6.4462890625,nan,nan,ok,
pm_periodic,cold_clumpy3d,2016,1024,0.05,8,16,600,,nan,nan,2952.78125,214.0703125,9.55517578125,23155.12986174029,502549444.7972473,0.1987032624633431,0.08815202535595937,74,25.30078125,62.2578125,76.10546875,508.46875,5168.46875,5.23828125,9.0185546875,nan,nan,ok,
pm_periodic,cold_clumpy3d,2017,1024,0.05,8,16,600,,nan,nan,2440.5625,224.90234375,8.37158203125,22676.319210070338,464260275.5561526,0.19114850623167157,0.08908485342866804,73,-33.44921875,440.296875,181.56640625,-219.09375,3060.875,7.4560546875,15.48046875,nan,nan,ok,
pm_periodic,cold_clumpy3d,2018,1024,0.05,8,16,600,,nan,nan,1927.375,186.05078125,9.9833984375,23511.551630854916,579499775.7697997,0.1919026454056696,0.08777647313636924,76,67.90234375,59.5,-19.8046875,353.3125,596.6875,8.734375,3.8408203125,nan,nan,ok,
pm_periodic,cold_clumpy3d,2019,1024,0.05,8,16,600,,nan,nan,3112.4375,204.73046875,10.12744140625,23121.566431678762,569173646.7032886,0.210570931085044,0.08906188888151158,88,121.4609375,251.50390625,213.37890625,2636.53125,1475.25,6.8427734375,6.38720703125,nan,nan,ok,
pm_periodic,cold_clumpy3d,2020,1024,0.05,8,16,600,,nan,nan,2129.5625,143.76953125,9.16015625,23048.29436199998,556561483.1486508,0.21495830278592376,0.0872202243717149,91,619.78125,316.41796875,367.46875,9271.6875,5751.21875,24.091796875,10.87841796875,nan,nan,ok,
pm_periodic,cold_clumpy3d,2021,1024,0.05,8,16,600,,nan,nan,2623.46875,240.61328125,9.95556640625,23056.151584934367,597314206.2077,0.19105304557673508,0.08535165210366166,87,226.0625,34.81640625,57.34765625,1676.46875,2437.21875,27.04150390625,4.6689453125,nan,nan,ok,
pm_periodic,cold_clumpy3d,2022,1024,0.05,8,16,600,,nan,nan,2592.59375,257.91015625,8.8671875,22629.045015055093,539106342.3701577,0.1932085471652004,0.0878044963168782,96,-1.265625,-14.22265625,112.91015625,-372.1875,975.5625,11.78857421875,17.38623046875,nan,nan,ok,
pm_periodic,cold_clumpy3d,2023,1024,0.05,8,16,600,,nan,nan,1900.3125,185.01953125,9.84228515625,22689.74985837727,560877598.4289185,0.1901079850928641,0.08909335293222935,98,24.203125,77.859375,-24.953125,1075.125,2042.90625,7.98583984375,1.28271484375,nan,nan,ok,
pm_periodic,cold_clumpy3d,2024,1024,0.05,8,16,600,,nan,nan,2076.03125,192.1015625,10.73046875,22893.539333364464,574477309.9147813,0.19089267167644183,0.08866944481458168,86,50.90625,199.3359375,87.90625,142.15625,2121.15625,6.8369140625,4.43896484375,nan,nan,ok,
pm_periodic,cold_clumpy3d,2025,1024,0.05,8,16,600,,nan,nan,1946.625,185.70703125,10.2607421875,23085.72278024666,589725127.9396799,0.19011753115835778,0.08969640703733735,80,62.65234375,2.9140625,55.2109375,410.125,1633.15625,12.62744140625,8.68212890625,nan,nan,ok,
pm_periodic,cold_clumpy3d,2026,1024,0.05,8,16,600,,nan,nan,2075.84375,174.1953125,10.74365234375,23051.223992186395,534832422.78684247,0.19120196419843596,0.08817466291866022,82,65.44921875,159.83984375,165.15625,120.65625,1920.78125,5.6728515625,13.01171875,nan,nan,ok,
pm_periodic,cold_clumpy3d,2027,1024,0.05,8,16,600,,nan,nan,2358.3125,227.67578125,11.29833984375,23004.86494081555,573329367.9212587,0.19089839931573802,0.08706008408558212,103,105.63671875,55.4765625,101.03125,435.28125,4138.375,13.63671875,7.7431640625,nan,nan,ok,
pm_periodic,cold_clumpy3d,2028,1024,0.05,8,16,600,,nan,nan,2219.15625,238.34765625,10.462890625,23123.768760694045,572275435.6077816,0.19131651698435972,0.08765432485679371,77,50.23046875,27.40625,116.4609375,668.28125,1669.90625,10.8740234375,11.24755859375,nan,nan,ok,
pm_periodic,cold_clumpy3d,2029,1024,0.05,8,16,600,,nan,nan,2435.15625,272.55859375,9.94189453125,22761.28853479665,522190853.507287,0.19094040200391008,0.09038968846354198,82,-11.16796875,91.60546875,261.76171875,69.90625,4591.15625,11.9375,10.35595703125,nan,nan,ok,
pm_periodic,hernquist3d,2000,1024,0.05,8,16,600,,nan,nan,536.53125,36.55859375,1.6328125,4434.154520642816,159047366.27906764,0.06886531647116324,1.2334498539843586,781,-14.00390625,-10.828125,-7.01953125,-106.53125,-116.59375,-0.65185546875,-0.53955078125,nan,nan,ok,
pm_periodic,hernquist3d,2001,1024,0.05,8,16,600,,nan,nan,482.40625,28.765625,1.39404296875,3599.4768182931302,111062159.7617448,0.05393527003910068,1.2090397010844165,806,-10.45703125,-12.4609375,-8.21484375,-115.0625,-164.75,-0.751953125,-0.6318359375,nan,nan,ok,
pm_periodic,hernquist3d,2002,1024,0.05,8,16,600,,nan,nan,521.625,36.3046875,1.43310546875,3918.5001053913484,129704697.97794731,0.061354472140762464,1.2240208978200982,796,-11.50390625,-13.38671875,-14.62890625,-99.03125,-218.5,-0.46240234375,-0.57470703125,nan,nan,ok,
pm_periodic,hernquist3d,2003,1024,0.05,8,16,600,,nan,nan,509.0625,30.31640625,1.30419921875,3456.5892770429277,149406890.54902738,0.05304748594819159,1.2216844658666708,805,-10.8359375,-13.79296875,-9.2890625,-148.1875,-160.71875,-0.54931640625,-0.53125,nan,nan,ok,
pm_periodic,hernquist3d,2004,1024,0.05,8,16,600,,nan,nan,610.34375,39.76171875,1.9013671875,4647.50212223112,202612197.53425312,0.07582821664222873,1.2089152193482882,752,-2.4609375,12.28125,33.4296875,-78.3125,557.25,-0.28857421875,0.0537109375,nan,nan,ok,
pm_periodic,hernquist3d,2005,1024,0.05,8,16,600,,nan,nan,511.15625,37.046875,1.59912109375,4285.66466251236,149258152.5490593,0.06641197763929618,1.23046943942851,791,-10.109375,-8.24609375,-2.24609375,-76.0,16.0625,-0.3203125,-0.4931640625,nan,nan,ok,
pm_periodic,hernquist3d,2006,1024,0.05,8,16,600,,nan,nan,488.875,30.390625,1.31396484375,3684.8991159298266,110633733.86515453,0.05529844819159335,1.2554017726273328,811,-12.375,-16.71484375,-11.74609375,-139.0,-204.8125,-0.6826171875,-0.61767578125,nan,nan,ok,
pm_periodic,hernquist3d,2007,1024,0.05,8,16,600,,nan,nan,597.5,39.78125,1.791015625,4781.180297278805,201133440.8910191,0.07356007148093842,1.2289853721847899,769,-7.87890625,-11.84765625,11.35546875,-94.65625,84.5,-0.47412109375,-0.3828125,nan,nan,ok,
pm_periodic,hernquist3d,2008,1024,0.05,8,16,600,,nan,nan,539.9375,34.328125,1.39404296875,3793.7129225048816,178655263.7322257,0.05942234848484849,1.2246383061229122,813,-6.16796875,-2.38671875,0.09765625,-65.6875,168.71875,-0.35546875,-0.46240234375,nan,nan,ok,
pm_periodic,hernquist3d,2009,1024,0.05,8,16,600,,nan,nan,551.34375,36.9765625,1.609375,4367.295346833012,159017773.59128636,0.06748495540078202,1.2108693915879032,789,-10.125,-9.7578125,-8.0,-73.59375,-155.3125,-0.48486328125,-0.294921875,nan,nan,ok,
pm_periodic,hernquist3d,2010,1024,0.05,8,16,600,,nan,nan,576.625,36.55078125,1.8720703125,5039.692495765938,158650255.37921542,0.07399537206744868,1.2312204478665183,760,-6.90625,-10.96484375,-4.11328125,-159.25,-131.34375,-0.509765625,-0.30029296875,nan,nan,ok,
pm_periodic,hernquist3d,2011,1024,0.05,8,16,600,,nan,nan,542.3125,39.5234375,1.72705078125,4372.251068066067,128128274.70277679,0.0705797898338221,1.2296147081126296,774,-12.625,-13.66796875,-6.9140625,-82.1875,-43.15625,-0.6318359375,-0.5703125,nan,nan,ok,
pm_periodic,hernquist3d,2012,1024,0.05,8,16,600,,nan,nan,494.375,33.53515625,1.4111328125,3911.188671983652,132061634.65071118,0.059273429863147604,1.2206478782205803,804,-11.25,-11.953125,-2.4375,-75.96875,-3.625,-0.3896484375,-0.2353515625,nan,nan,ok,
pm_periodic,hernquist3d,2013,1024,0.05,8,16,600,,nan,nan,535.78125,33.21875,1.31201171875,3740.021903896283,145306909.1944914,0.056088862414467255,1.201703723336057,803,-9.4140625,-9.015625,-1.4609375,-137.34375,160.71875,-0.365234375,-0.4462890625,nan,nan,ok,
pm_periodic,hernquist3d,2014,1024,0.05,8,16,600,,nan,nan,461.90625,31.18359375,1.35595703125,3800.2367485961036,122112757.33646742,0.05627023765884653,1.2340354890824958,813,-9.91015625,-10.02734375,-4.46484375,-90.09375,-95.40625,-0.47265625,-0.38037109375,nan,nan,ok,
pm_periodic,hernquist3d,2015,1024,0.05,8,16,600,,nan,nan,549.375,37.57421875,1.5595703125,4249.048772466751,119338346.44610363,0.06754032258064516,1.2104955328786307,764,-11.48046875,-14.390625,-4.546875,-121.625,-63.40625,-0.587890625,-0.4345703125,nan,nan,ok,
pm_periodic,hernquist3d,2016,1024,0.05,8,16,600,,nan,nan,527.9375,34.66796875,1.42431640625,3812.6934715726265,136548290.04532892,0.05780524499022483,1.2280933671585386,796,-13.56640625,-15.65625,-13.12109375,-141.625,-190.28125,-0.60888671875,-0.55810546875,nan,nan,ok,
pm_periodic,hernquist3d,2017,1024,0.05,8,16,600,,nan,nan,540.53125,32.5703125,1.37548828125,3885.9713494658245,133953706.74432953,0.05707210716031281,1.2455529044878961,805,-12.32421875,-15.453125,-12.28515625,-157.46875,-223.75,-0.63916015625,-0.599609375,nan,nan,ok,
pm_periodic,hernquist3d,2018,1024,0.05,8,16,600,,nan,nan,574.46875,38.42578125,1.43505859375,4025.002165199804,141496165.60943246,0.06632415383675465,1.199638296009928,785,-12.1953125,-11.1484375,0.91796875,-108.1875,-49.46875,-0.1181640625,0.10546875,nan,nan,ok,
pm_periodic,hernquist3d,2019,1024,0.05,8,16,600,,nan,nan,503.8125,31.078125,1.24755859375,3398.805018721296,121593133.54106537,0.05156211815738025,1.2151291274657396,822,-10.78515625,-15.09765625,-11.23828125,-104.21875,-166.3125,-0.44091796875,-0.55859375,nan,nan,ok,
pm_periodic,hernquist3d,2020,1024,0.05,8,16,600,,nan,nan,537.78125,35.57421875,1.46044921875,3908.7786944102504,130410855.21603072,0.061459478861192574,1.2196378424188246,796,-13.06640625,-16.15234375,-9.38671875,-144.4375,-184.875,-0.42138671875,-0.43896484375,nan,nan,ok,
pm_periodic,hernquist3d,2021,1024,0.05,8,16,600,,nan,nan,539.40625,36.12109375,1.56591796875,3958.260822090231,130084630.74005188,0.06362643572825025,1.200352319388256,800,-8.671875,-6.83984375,3.93359375,-45.34375,165.875,-0.64697265625,-0.498046875,nan,nan,ok,
pm_periodic,hernquist3d,2022,1024,0.05,8,16,600,,nan,nan,556.0625,38.0390625,1.71630859375,4601.1742663186715,130436815.1004212,0.07085471652003911,1.21256941759802,775,-9.65234375,-6.35546875,3.9765625,-125.53125,207.84375,-0.52490234375,-0.41943359375,nan,nan,ok,
pm_periodic,hernquist3d,2023,1024,0.05,8,16,600,,nan,nan,561.125,37.91015625,1.58642578125,4486.452479613006,154250760.87503833,0.06938653164711632,1.2310149764781797,776,-6.625,-10.046875,7.46875,-97.625,7.40625,-0.349609375,-0.17333984375,nan,nan,ok,
pm_periodic,hernquist3d,2024,1024,0.05,8,16,600,,nan,nan,491.75,35.734375,1.46044921875,4049.868736531983,137988704.306635,0.06378299120234604,1.2170497845247266,788,-10.3515625,-9.45703125,5.2734375,-86.9375,260.90625,-0.3671875,-0.43798828125,nan,nan,ok,
pm_periodic,hernquist3d,2025,1024,0.05,8,16,600,,nan,nan,552.25,34.6171875,1.498046875,3841.8421616126197,128648589.34231253,0.06267373839198435,1.2240384985928743,801,-10.5703125,-5.83984375,1.21875,-136.21875,-23.78125,-0.5966796875,-0.513671875,nan,nan,ok,
pm_periodic,hernquist3d,2026,1024,0.05,8,16,600,,nan,nan,465.5625,28.72265625,1.3046875,3404.408280505263,124087090.59808862,0.05115163734115347,1.2238050286392022,841,-10.90234375,-14.79296875,-10.3828125,-103.625,-124.125,-0.64794921875,-0.685546875,nan,nan,ok,
pm_periodic,hernquist3d,2027,1024,0.05,8,16,600,,nan,nan,505.6875,31.92578125,1.5556640625,4072.0975965910357,125092995.25611171,0.060434231427174974,1.2221302584185274,794,-8.04296875,-10.3671875,-11.234375,-103.53125,-184.375,-0.5732421875,-0.61181640625,nan,nan,ok,
pm_periodic,hernquist3d,2028,1024,0.05,8,16,600,,nan,nan,582.6875,37.84375,1.5771484375,4105.190111068184,136344714.3415699,0.06640243157380255,1.2055006853499501,768,-8.56640625,-12.6484375,2.6328125,-108.34375,5.28125,-0.35595703125,-0.35400390625,nan,nan,ok,
pm_periodic,hernquist3d,2029,1024,0.05,8,16,600,,nan,nan,509.59375,34.06640625,1.58544921875,4154.240522160752,175491319.96466655,0.06148048020527859,1.2618060984256068,781,-14.359375,-13.171875,-10.38671875,-98.9375,-154.125,-0.7099609375,-0.748046875,nan,nan,ok,
pm_periodic,plummer3d,2000,1024,0.05,8,16,600,,nan,nan,1320.28125,89.8359375,2.8193359375,5952.300354547991,68320138.15536341,0.13094147116324537,1.5548910184763534,597,-56.875,-58.57421875,-55.71875,-616.03125,-702.78125,-1.89306640625,-1.8583984375,nan,nan,ok,
pm_periodic,plummer3d,2001,1024,0.05,8,16,600,,nan,nan,1234.78125,80.4921875,2.3740234375,4977.262775353074,73765077.89364463,0.111511409457478,1.5154543055304845,609,-54.8984375,-63.78125,-48.5078125,-542.4375,-605.0,-1.63671875,-1.4521484375,nan,nan,ok,
pm_periodic,plummer3d,2002,1024,0.05,8,16,600,,nan,nan,1263.40625,85.75390625,2.37890625,5303.532950365731,66032886.105562076,0.1186766862170088,1.5175082114059322,628,-56.16015625,-62.453125,-53.96875,-547.28125,-519.0625,-1.587890625,-1.537109375,nan,nan,ok,
pm_periodic,plummer3d,2003,1024,0.05,8,16,600,,nan,nan,1230.71875,79.7578125,2.2646484375,4857.932429793592,71255902.41080949,0.11032769733626588,1.5239729003307647,624,-50.8125,-60.4609375,-52.58203125,-597.6875,-722.1875,-1.5263671875,-1.51708984375,nan,nan,ok,
pm_periodic,plummer3d,2004,1024,0.05,8,16,600,,nan,nan,1327.625,96.375,2.9521484375,6711.94462213562,78624289.39965181,0.1423222904447703,1.5079102733871315,565,-47.83203125,-35.63671875,-37.53125,-492.75,-389.3125,-1.49609375,-1.30712890625,nan,nan,ok,
pm_periodic,plummer3d,2005,1024,0.05,8,16,600,,nan,nan,1263.65625,87.43359375,2.61767578125,6041.441175253582,68183315.79756282,0.12712113575268819,1.5363740196867837,592,-55.8125,-56.87109375,-50.84765625,-573.28125,-636.65625,-1.71435546875,-1.6064453125,nan,nan,ok,
pm_periodic,plummer3d,2006,1024,0.05,8,16,600,,nan,nan,1273.90625,81.77734375,2.255859375,5179.611724832862,70083171.07299966,0.1151102761485826,1.5637692103368401,622,-59.046875,-67.62109375,-55.29296875,-683.625,-729.21875,-1.583984375,-1.5283203125,nan,nan,ok,
pm_periodic,plummer3d,2007,1024,0.05,8,16,600,,nan,nan,1350.21875,94.328125,2.8515625,6598.83553526632,73082982.03459579,0.14058299731182797,1.5325008125166066,572,-55.33203125,-55.80078125,-56.69921875,-571.1875,-789.875,-1.68310546875,-1.658203125,nan,nan,ok,
pm_periodic,plummer3d,2008,1024,0.05,8,16,600,,nan,nan,1258.25,87.76171875,2.4453125,5554.980496652652,73463598.03979245,0.12115675403225806,1.5278486173772678,628,-53.52734375,-57.65625,-48.8203125,-527.4375,-442.25,-1.5166015625,-1.33984375,nan,nan,ok,
pm_periodic,plummer3d,2009,1024,0.05,8,16,600,,nan,nan,1293.09375,90.6328125,2.69384765625,6168.186793783541,78378335.18422863,0.1305710838220919,1.520895624017905,588,-54.27734375,-55.8671875,-51.765625,-533.40625,-656.34375,-1.5986328125,-1.6904296875,nan,nan,ok,
pm_periodic,plummer3d,2010,1024,0.05,8,16,600,,nan,nan,1346.40625,93.85546875,2.83447265625,6569.456194599968,71078574.43464215,0.13511119257086998,1.5326834525557769,593,-57.57421875,-59.953125,-56.19140625,-577.96875,-766.15625,-1.791015625,-1.52978515625,nan,nan,ok,
pm_periodic,plummer3d,2011,1024,0.05,8,16,600,,nan,nan,1294.34375,88.98046875,2.76123046875,6263.561658713679,69607871.02961469,0.13314279386608016,1.5364368768399714,581,-55.2578125,-53.88671875,-49.6640625,-558.8125,-702.46875,-1.82275390625,-1.75390625,nan,nan,ok,
pm_periodic,plummer3d,2012,1024,0.05,8,16,600,,nan,nan,1313.25,85.34765625,2.4619140625,5406.3429907549635,69837723.98790963,0.12001504459921798,1.5264141305471168,607,-53.859375,-55.515625,-52.2890625,-606.40625,-717.15625,-1.56640625,-1.47998046875,nan,nan,ok,
pm_periodic,plummer3d,2013,1024,0.05,8,16,600,,nan,nan,1283.0,89.8515625,2.4443359375,5405.1781141828305,69818062.0947663,0.11903179985337244,1.503391883254237,625,-56.265625,-53.05078125,-50.2890625,-606.03125,-460.28125,-1.564453125,-1.4521484375,nan,nan,ok,
pm_periodic,plummer3d,2014,1024,0.05,8,16,600,,nan,nan,1260.96875,79.12890625,2.31201171875,5133.822835362154,64231022.93045731,0.11331561583577712,1.5451939649545405,611,-53.25390625,-61.140625,-50.4375,-641.1875,-707.0,-1.61767578125,-1.515625,nan,nan,ok,
pm_periodic,plummer3d,2015,1024,0.05,8,16,600,,nan,nan,1279.40625,88.07421875,2.53857421875,6104.316175643603,76784139.70308986,0.12724523460410558,1.5090781503191817,595,-58.88671875,-50.640625,-50.97265625,-580.03125,-589.90625,-1.6826171875,-1.5107421875,nan,nan,ok,
pm_periodic,plummer3d,2016,1024,0.05,8,16,600,,nan,nan,1282.59375,89.4921875,2.50146484375,5441.5060907557545,71410763.63074389,0.12000740774682307,1.5281216557901305,612,-59.51953125,-65.7265625,-58.625,-636.46875,-725.34375,-1.68603515625,-1.57958984375,nan,nan,ok,
pm_periodic,plummer3d,2017,1024,0.05,8,16,600,,nan,nan,1222.96875,88.140625,2.44677734375,5535.508990545167,74246535.81437662,0.12024033174486803,1.5538004657954603,610,-59.45703125,-66.109375,-59.140625,-529.1875,-687.21875,-1.64404296875,-1.65625,nan,nan,ok,
pm_periodic,plummer3d,2018,1024,0.05,8,16,600,,nan,nan,1260.96875,94.26953125,2.64794921875,5782.118976076876,65875220.23848866,0.12997350012218964,1.506076729870426,574,-53.765625,-47.05859375,-50.46875,-550.0625,-612.375,-1.53564453125,-1.2705078125,nan,nan,ok,
pm_periodic,plummer3d,2019,1024,0.05,8,16,600,,nan,nan,1249.875,84.29296875,2.23095703125,4904.009870686189,68597572.34680626,0.11268557551319648,1.521102715337181,624,-60.0078125,-66.0234375,-53.8046875,-613.90625,-512.09375,-1.50927734375,-1.48193359375,nan,nan,ok,
pm_periodic,plummer3d,2020,1024,0.05,8,16,600,,nan,nan,1217.21875,87.31640625,2.5048828125,5575.134398816395,67832719.6778619,0.12107656708211144,1.518439941059606,600,-57.9765625,-63.94921875,-54.6640625,-527.3125,-546.75,-1.65576171875,-1.5908203125,nan,nan,ok,
pm_periodic,plummer3d,2021,1024,0.05,8,16,600,,nan,nan,1293.8125,92.09765625,2.6298828125,5707.594318878633,67587300.53702775,0.1281482923998045,1.4990809224654722,587,-57.21484375,-61.10546875,-53.65234375,-511.0625,-663.0,-1.6904296875,-1.52392578125,nan,nan,ok,
pm_periodic,plummer3d,2022,1024,0.05,8,16,600,,nan,nan,1249.59375,89.61328125,2.6484375,6204.3287686327585,65466533.152345866,0.13195335410557185,1.5156308964616811,589,-55.96875,-53.859375,-41.109375,-537.59375,-403.40625,-1.7470703125,-1.35107421875,nan,nan,ok,
pm_periodic,plummer3d,2023,1024,0.05,8,16,600,,nan,nan,1344.0,92.328125,2.7060546875,6195.27690467478,72267592.77023755,0.13379765395894427,1.5443833459225895,564,-54.9609375,-54.7421875,-52.046875,-570.40625,-692.4375,-1.63525390625,-1.42578125,nan,nan,ok,
pm_periodic,plummer3d,2024,1024,0.05,8,16,600,,nan,nan,1226.46875,84.20703125,2.5615234375,5800.512512642139,73664873.24121039,0.12200253543499512,1.5253526200974559,600,-53.1171875,-52.70703125,-44.6015625,-523.03125,-568.1875,-1.69921875,-1.52978515625,nan,nan,ok,
pm_periodic,plummer3d,2025,1024,0.05,8,16,600,,nan,nan,1265.21875,89.7109375,2.58984375,5577.861696861425,65525544.76465225,0.12561094819159335,1.5352303035390733,607,-54.76953125,-54.390625,-55.984375,-583.875,-670.9375,-1.6357421875,-1.5859375,nan,nan,ok,
pm_periodic,plummer3d,2026,1024,0.05,8,16,600,,nan,nan,1243.25,80.88671875,2.16748046875,4919.5000851659,73797594.61890727,0.10819510630498534,1.5272427931978776,645,-55.43359375,-65.59375,-51.234375,-612.96875,-718.5625,-1.4462890625,-1.41845703125,nan,nan,ok,
pm_periodic,plummer3d,2027,1024,0.05,8,16,600,,nan,nan,1271.5,85.94140625,2.52490234375,5476.748798964055,71256157.58995926,0.11980884958455523,1.5220198478873357,618,-56.1640625,-63.56640625,-52.19921875,-590.9375,-629.5625,-1.6611328125,-1.6328125,nan,nan,ok,
pm_periodic,plummer3d,2028,1024,0.05,8,16,600,,nan,nan,1339.0,92.0234375,2.5947265625,5878.398637641242,68082993.2743726,0.1308269183773216,1.5041423776429532,603,-53.58984375,-51.28125,-43.76171875,-618.53125,-188.78125,-1.4931640625,-1.4853515625,nan,nan,ok,
pm_periodic,plummer3d,2029,1024,0.05,8,16,600,,nan,nan,1251.21875,89.03515625,2.56103515625,5819.803735666526,75075262.9131751,0.12446160190615836,1.577631806278041,605,-60.59375,-69.37890625,-60.0078125,-623.5625,-659.3125,-1.77685546875,-1.78857421875,nan,nan,ok,
direct_isolated,bimodal3d,2000,1024,0.1,8,16,600,0.00032532257732933474,3.780271705600326,24.985071682683145,715.861083984375,96.48196029663086,5.987419545650482,3101.040521894975,255419505.32919675,0.423890607868461,2.2169682120039025,408,-93.33059310913086,-96.03371810913086,-96.35305404663086,-620.329833984375,-714.798583984375,-5.778450429439545,-5.971550405025482,0.3643618833935547,3.4563075146290254,ok,
direct_isolated,bimodal3d,2001,1024,0.1,8,16,600,0.00029304875436124943,3.7143203680958776,23.013453031052965,722.630615234375,88.34115219116211,5.538442075252533,2997.542596472335,217248021.9965155,0.40761132493071267,2.147446332880903,397,-85.74082565307617,-87.93740463256836,-88.19956588745117,-650.459716796875,-721.631591796875,-5.33417671918869,-5.52158135175705,0.375440703219472,3.4381022551410343,ok,
direct_isolated,bimodal3d,2002,1024,0.1,8,16,600,0.00029337973601011735,3.755003879850486,23.807079535647325,707.8271484375,88.85813903808594,5.619365453720093,3005.189591829553,276168451.9264486,0.4123201091955728,2.152263215861169,392,-86.28935241699219,-88.41493606567383,-88.7708625793457,-631.9873046875,-707.288330078125,-5.412968397140503,-5.608022511005402,0.39380458685966324,3.382380027842344,ok,
direct_isolated,bimodal3d,2003,1024,0.1,8,16,600,0.00028174523465288465,3.777914003854469,23.509929047558686,709.552490234375,91.60213851928711,5.634377896785736,3032.367138777964,257403301.95073086,0.4208499335989376,2.1592471439865046,411,-88.6060791015625,-91.14695358276367,-91.447021484375,-619.2265625,-707.453125,-5.424448013305664,-5.615444183349609,0.37369989281909244,3.349653957215027,ok,
direct_isolated,bimodal3d,2004,1024,0.1,8,16,600,0.00032278589782264085,3.6253591298376966,21.29872874851493,720.163818359375,92.91100692749023,6.11851304769516,3078.140468561885,297774306.21314174,0.4238758116642745,2.1572305744604603,400,-89.61343383789062,-92.30792236328125,-92.71282577514648,-611.822265625,-718.573974609375,-5.904238224029541,-6.094603478908539,0.35118110319163276,3.2151455157621815,ok,
direct_isolated,bimodal3d,2005,1024,0.1,8,16,600,0.00026489439430984677,3.854193505543383,25.85803525412238,730.380615234375,89.91146469116211,5.460805356502533,3016.1487710676583,217426361.60481083,0.41299566158396256,2.184930965380787,436,-87.23228073120117,-89.57126998901367,-89.82188034057617,-665.787841796875,-729.553466796875,-5.258054435253143,-5.449701011180878,0.3921397333779294,3.5567661662576047,ok,
direct_isolated,bimodal3d,2006,1024,0.1,8,16,600,0.00028399899090942416,3.8887855825576203,26.623190164485596,718.802490234375,92.44979476928711,5.821877896785736,3083.132318148101,219521023.13657135,0.4201918693385661,2.20351142292919,429,-90.15036010742188,-92.06982421875,-92.356201171875,-652.123046875,-717.890625,-5.634185314178467,-5.809581756591797,0.43354962340608727,3.515573172707449,ok,
direct_isolated,bimodal3d,2007,1024,0.1,8,16,600,0.00031545054027685174,3.681966759287297,23.155769283982725,732.4375,93.0419921875,6.0453948974609375,3105.7328093712745,296238138.45553714,0.43037231443388346,2.160319643467412,433,-90.02484512329102,-92.59608459472656,-92.85670471191406,-643.886962890625,-730.1103515625,-5.834403097629547,-6.024799585342407,0.39473896991575474,3.4164372558548237,ok,
direct_isolated,bimodal3d,2008,1024,0.1,8,16,600,0.0002860483422572442,3.841083390121287,25.188491279068717,727.595458984375,90.82448959350586,5.705418050289154,3024.309319271303,277884124.7807175,0.41928505899467267,2.1831721059018645,451,-88.05961227416992,-90.31998825073242,-90.712158203125,-649.705810546875,-726.359375,-5.49565190076828,-5.691669464111328,0.38723155072499593,3.485068839281272,ok,
direct_isolated,bimodal3d,2009,1024,0.1,8,16,600,0.0003180587904892987,3.6328920696872853,21.483803326095945,731.929443359375,92.85656356811523,6.1319445967674255,3078.8365631292377,241171057.26554462,0.42315588276936145,2.140851730552095,361,-89.74346923828125,-92.3382682800293,-92.71478271484375,-636.51953125,-730.74609375,-5.9087114334106445,-6.113951683044434,0.35130301871259184,3.1148616922800523,ok,
direct_isolated,bimodal3d,2010,1024,0.1,8,16,600,0.00030506242504824805,3.7596886807198606,24.844319501755255,712.53125,94.2216796875,5.7709808349609375,3063.850618206356,248627131.5297852,0.42743651581784653,2.1804887877711963,427,-91.71022033691406,-93.7646484375,-94.10501480102539,-642.7353515625,-711.486572265625,-5.575001001358032,-5.756310045719147,0.4124718930812089,3.5460490636398205,ok,
direct_isolated,bimodal3d,2011,1024,0.1,8,16,600,0.0003060432068125359,3.751565590847178,24.147495490664,714.845458984375,93.06277084350586,5.862644612789154,3070.2285074003453,233229511.19553137,0.42200544076353774,2.1721540346393926,396,-90.2374267578125,-92.690673828125,-92.91970825195312,-633.4140625,-713.111328125,-5.65928840637207,-5.846523761749268,0.3964252776488907,3.4247560010717217,ok,
direct_isolated,bimodal3d,2012,1024,0.1,8,16,600,0.00026270065473733254,3.8028437281527068,24.17383972728221,719.495849609375,90.36101913452148,5.327021539211273,3025.0940193273714,201405348.79928634,0.41101038660720357,2.156273831571745,418,-87.09426879882812,-89.8785400390625,-90.2337646484375,-631.876953125,-718.5234375,-5.1207356452941895,-5.309988021850586,0.3553715847547214,3.3318788010870026,ok,
direct_isolated,bimodal3d,2013,1024,0.1,8,16,600,0.00027591680183928856,3.724282071842118,21.828734135955813,707.87109375,87.65863037109375,5.57810115814209,2984.7818502542273,224611241.9440105,0.40794350017676057,2.1165464017571387,396,-84.25244140625,-87.11474609375,-87.34881973266602,-619.625,-702.965087890625,-5.360206604003906,-5.5530272126197815,0.36921332930786754,3.2854304652437003,ok,
direct_isolated,bimodal3d,2014,1024,0.1,8,16,600,0.00026243656304382804,3.884676529428887,26.434430955923965,725.83984375,91.07366943359375,5.374991416931152,3024.9504665739,200696736.27762225,0.41786983497730495,2.1756595077118686,397,-88.53460693359375,-90.73669815063477,-90.9951171875,-656.40234375,-725.28125,-5.169974327087402,-5.3643646240234375,0.3850282746359688,3.555874962104142,ok,
direct_isolated,bimodal3d,2015,1024,0.1,8,16,600,0.0002747011516635285,3.7921947923300747,23.96221980178271,703.144287109375,88.49175643920898,5.578942239284515,3032.376202492244,196755235.89403912,0.4172168160144112,2.144120619302075,434,-85.72613143920898,-88.09431076049805,-88.39276123046875,-619.113037109375,-702.32421875,-5.375878274440765,-5.567599296569824,0.3809485246533133,3.3552533810576026,ok,
direct_isolated,bimodal3d,2016,1024,0.1,8,16,600,0.00028645128591448877,3.7791936554429078,23.845627707555174,712.9443359375,94.23399353027344,5.7429139614105225,3053.980491146213,201665446.96531957,0.4177098118931212,2.169081631239193,370,-91.15806579589844,-93.67253112792969,-94.106201171875,-617.5849609375,-711.546875,-5.536222219467163,-5.728954315185547,0.3675477663262049,3.2198201815564613,ok,
direct_isolated,bimodal3d,2017,1024,0.1,8,16,600,0.00026237599865589086,3.927538068845887,26.32665624067214,709.646240234375,89.17635726928711,5.686135709285736,3040.2351160667417,199951542.5464098,0.41582525618917365,2.1943165970694345,381,-86.16098022460938,-88.69529342651367,-89.04270553588867,-620.146484375,-708.436279296875,-5.4817633628845215,-5.6693379282951355,0.39501112719933884,3.4343153102212307,ok,
direct_isolated,bimodal3d,2018,1024,0.1,8,16,600,0.0002725875825470886,3.6946538538256033,21.944177981552304,721.226318359375,86.77819442749023,5.65611070394516,2986.2955008947742,271324554.63895905,0.40818248404310975,2.1316544413993026,425,-83.71477890014648,-86.2487907409668,-86.55462265014648,-633.855224609375,-718.292724609375,-5.438750207424164,-5.627898156642914,0.3885384761290531,3.392989116976659,ok,
direct_isolated,bimodal3d,2019,1024,0.1,8,16,600,0.0002901100639864041,3.768562880657204,24.116784995641076,717.99609375,91.85882568359375,5.710928916931152,3030.130135292164,217458495.40004915,0.4162727780970588,2.16718216876214,400,-88.83552551269531,-91.41462707519531,-91.72991943359375,-628.6923828125,-717.08984375,-5.500420808792114,-5.695059776306152,0.3580797008336215,3.4303518545160436,ok,
direct_isolated,bimodal3d,2020,1024,0.1,8,16,600,0.0003044503257230521,3.7567516110513837,23.959569942040883,705.782958984375,91.87917709350586,5.840183675289154,3033.9786383595665,294608524.4679322,0.41393981727472273,2.1524936144450004,382,-89.21597290039062,-91.46415328979492,-91.78408813476562,-635.572265625,-705.087890625,-5.6349663734436035,-5.828840732574463,0.3866139360570213,3.472847023167863,ok,
direct_isolated,bimodal3d,2021,1024,0.1,8,16,600,0.0003319939453821045,3.519577517213538,20.153557659562637,729.40234375,93.81976318359375,6.108878135681152,3036.8011759042092,256979806.13652387,0.4184660434821704,2.1136665268543005,418,-90.6796875,-93.35261535644531,-93.64495849609375,-637.1875,-727.68359375,-5.8988037109375,-6.088751792907715,0.36763484384701706,3.2123008754262865,ok,
direct_isolated,bimodal3d,2022,1024,0.1,8,16,600,0.00033298463189992234,3.6653110545235847,22.090695886979766,707.251708984375,92.30105209350586,5.970554769039154,3083.1765570390344,302625343.3231972,0.42566512040724136,2.1596123712478623,405,-89.10367965698242,-91.71999740600586,-92.08449935913086,-610.994873046875,-705.017333984375,-5.758608520030975,-5.948067128658295,0.3477483807730438,3.3068657835466593,ok,
direct_isolated,bimodal3d,2023,1024,0.1,8,16,600,0.00030019875097559047,3.7788178071200726,24.411469662863787,731.380615234375,93.80599594116211,6.018422544002533,3074.6237198947592,230355794.92475182,0.4201604136674795,2.1673478080237336,368,-90.99692916870117,-93.3699951171875,-93.71871948242188,-654.100341796875,-730.623046875,-5.818952262401581,-6.007079601287842,0.40530428104211436,3.337961950918884,ok,
direct_isolated,bimodal3d,2024,1024,0.1,8,16,600,0.0003050062625939845,3.7076886155456465,23.45242950896943,725.398193359375,91.05187606811523,5.9835070967674255,3067.567737983113,220043548.5307109,0.4164287287429012,2.1357911242637564,357,-88.260009765625,-90.61535263061523,-90.8853759765625,-648.734375,-723.7578125,-5.778110504150391,-5.965921401977539,0.37554396622885977,3.4939475420873665,ok,
direct_isolated,bimodal3d,2025,1024,0.1,8,16,600,0.00025512513638737723,3.8958955710943632,25.293204212504527,698.8974609375,89.05210876464844,5.431844472885132,3006.5004847721984,175754981.80887684,0.4104377260036623,2.148196778382301,440,-86.3887939453125,-88.66539001464844,-88.93452835083008,-632.9140625,-697.794189453125,-5.227937698364258,-5.417647659778595,0.379218631048037,3.411595810710996,ok,
direct_isolated,bimodal3d,2026,1024,0.1,8,16,600,0.0003151118379609767,3.693868168030533,23.14857395452405,739.7646484375,94.20237731933594,6.046130895614624,3082.052413634171,240363531.38860428,0.42152704864143503,2.169383168893835,391,-91.40946960449219,-93.74211502075195,-94.0994758605957,-666.1748046875,-738.882080078125,-5.83385157585144,-6.033811390399933,0.3723499528816574,3.320377398628268,ok,
direct_isolated,bimodal3d,2027,1024,0.1,8,16,600,0.0002932567249008491,3.7102797371613407,23.367486860849304,738.454833984375,94.48586654663086,5.555778920650482,3041.2762905914374,257972945.05289957,0.4240388779853993,2.145695067354049,504,-91.38875961303711,-94.09896850585938,-94.36181640625,-636.833740234375,-737.5,-5.33984512090683,-5.542518615722656,0.36639325099843023,3.35655406676951,ok,
direct_isolated,bimodal3d,2028,1024,0.1,8,16,600,0.0003116705397202428,3.6107643446354456,21.232353926016472,728.0068359375,91.93321228027344,5.9777772426605225,3036.6477793188374,249476263.8630577,0.4144426206845525,2.1345850922106107,421,-88.64824295043945,-91.4217414855957,-91.821044921875,-630.721923828125,-727.171875,-5.7552154660224915,-5.963817596435547,0.35093414090461716,3.096983088982446,ok,
direct_isolated,bimodal3d,2029,1024,0.1,8,16,600,0.0002793675620767891,4.053859527287643,29.519936415873754,709.855224609375,91.87102890014648,5.963469445705414,3071.03369606726,241876974.0661896,0.4166373626373626,2.2423849091607155,441,-89.32439804077148,-91.51385116577148,-91.73241806030273,-636.120849609375,-708.359130859375,-5.767611443996429,-5.948059022426605,0.4033156103259675,3.6965689017431007,ok,
direct_isolated,cold_clumpy3d,2000,1024,0.1,8,16,600,3.251430438587417e-05,0.0069806150479698025,0.5379822617035318,2262.625,227.98828125,9.67529296875,3784.388040679445,502331481.5113802,0.26226287573313783,0.08802432645112929,379,38.9609375,111.37890625,-38.410770416259766,601.625,2905.320068359375,14.115234375,1.9181727766990662,-0.21016175437211054,-0.20569331867857255,ok,
direct_isolated,cold_clumpy3d,2001,1024,0.1,8,16,600,7.513335997821418e-05,0.007072088267559113,0.4818323348350152,2150.53125,220.0703125,9.07470703125,3782.7946628611353,559215498.7361763,0.20306390518084066,0.08635992345382665,438,38.99609375,-16.453125,99.16644287109375,1330.5625,2458.46484375,8.30859375,10.29489803314209,-0.11149924532809019,-0.08023622808187414,ok,
direct_isolated,cold_clumpy3d,2002,1024,0.1,8,16,600,2.209256739896404e-05,0.007656253588891309,0.3706754561653737,1771.84375,167.125,9.060546875,3787.8772527452707,559907993.4779866,0.220611482771261,0.08757879143944142,261,47.37109375,55.60546875,41.180294036865234,433.96875,1801.523193359375,8.1845703125,3.9030551314353943,-0.09679614625522448,-0.17337855513541478,ok,
direct_isolated,cold_clumpy3d,2003,1024,0.1,8,16,600,3.1996508654581024e-05,0.00744865938879057,0.41716645935971797,2223.71875,160.32421875,10.04052734375,3799.759333957326,549412878.9859674,0.23506804435483872,0.0867413125374453,304,165.77734375,110.73046875,44.083126068115234,1465.15625,982.616943359375,14.3330078125,0.5772570967674255,-0.06819905322085851,-0.3741091373724677,ok,
direct_isolated,cold_clumpy3d,2004,1024,0.1,8,16,600,5.707413520689383e-05,0.006300213585838837,0.5403806854140776,2431.46875,226.15625,11.90380859375,3793.1863985280097,628544136.4816393,0.2788711204789834,0.08703750096315771,616,27.84375,-40.33203125,76.01739120483398,273.0,1163.909912109375,11.189453125,8.905880868434906,-0.11997991402914465,-0.2666581123903369,ok,
direct_isolated,cold_clumpy3d,2005,1024,0.1,8,16,600,2.9351712580278903e-05,0.007128255328630033,0.5055230559084105,1982.1875,162.51953125,9.6474609375,3789.2451180747157,503976874.3744214,0.2568655303030303,0.08768061463202337,376,176.08203125,82.9609375,45.08050537109375,1259.09375,670.37109375,12.60546875,2.20163631439209,-0.14201233901034982,-0.2264113899632207,ok,
direct_isolated,cold_clumpy3d,2006,1024,0.1,8,16,600,5.907428389604145e-05,0.007264617447440735,0.5165109811799118,1941.5625,181.9140625,9.162109375,3792.3140570111036,486511440.4445075,0.2763509591886608,0.08912287678566608,298,316.3359375,153.67578125,187.6036033630371,4179.4375,1497.864990234375,16.25341796875,4.48266738653183,-0.1522646877120456,-0.20719341793239743,ok,
direct_isolated,cold_clumpy3d,2007,1024,0.1,8,16,600,4.58934243735638e-05,0.006912891179626848,0.5625981128252219,2258.875,177.62890625,9.337890625,3795.615566568549,537868413.2946125,0.2709287939882698,0.0879779942802423,451,137.70703125,85.61328125,200.31359481811523,1491.0,2634.335693359375,19.34326171875,7.8189563155174255,-0.11095720778493323,-0.28314131187488933,ok,
direct_isolated,cold_clumpy3d,2008,1024,0.1,8,16,600,2.556978886495372e-05,0.006696274722914963,0.5279330075740314,2995.34375,326.9453125,9.6162109375,3794.927814413212,564308138.9078286,0.2831057551319648,0.08817295996783714,252,78.20703125,288.34375,-89.80621337890625,429.75,3357.90234375,15.947265625,4.40134334564209,-0.05652038884983701,-0.30632784745985614,ok,
direct_isolated,cold_clumpy3d,2009,1024,0.1,8,16,600,2.2742260435875113e-05,0.007015175552027598,0.5397392001616085,2360.5,185.84375,9.17431640625,3779.110506375214,552268624.2794063,0.20650621639784947,0.08615908804562233,406,106.40625,140.70703125,58.78392028808594,1383.25,250.5458984375,10.2978515625,2.0695607662200928,-0.08577713775483531,-0.3342173475829128,ok,
direct_isolated,cold_clumpy3d,2010,1024,0.1,8,16,600,0.00012107471949641293,0.006418692304106361,0.7333723476107741,2383.6875,178.99609375,8.8857421875,3777.8730004097592,568586578.747021,0.2868459035923754,0.0890615729819514,635,353.80859375,307.5527000427246,122.58678817749023,8201.0,5908.945068359375,23.748046875,15.98081773519516,-0.25510940937852533,-0.26485957386540715,ok,
direct_isolated,cold_clumpy3d,2011,1024,0.1,8,16,600,0.0001120025391942781,0.006807273193154023,0.7457052097178031,2598.5625,224.05859375,8.95751953125,3799.697039715939,564239075.4262898,0.26673998044965785,0.08666925805763628,367,180.3203125,6.3828125,81.54406356811523,834.15625,417.054443359375,16.4423828125,9.992784440517426,-0.09565047883244066,-0.3907332053080498,ok,
direct_isolated,cold_clumpy3d,2012,1024,0.1,8,16,600,3.880820749507774e-05,0.006504793221675266,0.5705370965962694,2785.71875,214.96875,8.77197265625,3780.0564483332173,544507329.2082006,0.31722148399315736,0.08845217967388944,450,909.55078125,299.03753662109375,48.38909912109375,7000.21875,3124.05859375,38.52587890625,7.67331600189209,-0.18967921361356335,-0.18235474692907794,ok,
direct_isolated,cold_clumpy3d,2013,1024,0.1,8,16,600,4.277853805926878e-05,0.007041129232026493,0.6362939377928887,3164.4375,257.07421875,10.68505859375,3797.1373140536452,563725193.0768847,0.21865644855816227,0.08774083322172294,322,76.90234375,62.0703125,14.450069427490234,484.21875,989.788818359375,16.556640625,6.29429429769516,-0.11945193367168072,-0.3816549109218884,ok,
direct_isolated,cold_clumpy3d,2014,1024,0.1,8,16,600,7.04239005957524e-05,0.008071365778998016,0.7281049625868877,1987.0625,185.8125,10.23095703125,3799.38368948847,506548678.134093,0.2047783785434995,0.08907278957386672,245,51.4375,49.91796875,161.573974609375,270.9375,1870.234375,8.0146484375,10.034175872802734,-0.0881870853520963,-0.47862967758616504,ok,
direct_isolated,cold_clumpy3d,2015,1024,0.1,8,16,600,4.0212177120201176e-05,0.007934436122243003,0.5237608536771299,1354.59375,166.1171875,8.7177734375,3784.4523151127473,545472050.4870846,0.1996025018328446,0.0863675444280171,273,65.3984375,173.5546875,132.50531005859375,556.0,2798.05859375,9.22021484375,3.3202733993530273,-0.044316054322042664,-0.3186639484619497,ok,
direct_isolated,cold_clumpy3d,2016,1024,0.1,8,16,600,2.3031915220809224e-05,0.0072901821364651466,0.5699207308421345,2952.78125,214.0703125,9.55517578125,3793.6210330986733,502549444.7972473,0.27459639235092864,0.08815202535595937,404,27.3046875,129.10546875,-7.542118072509766,-8.71875,236.445068359375,13.57666015625,1.59214586019516,-0.09508568969179476,-0.3684475834829791,ok,
direct_isolated,cold_clumpy3d,2017,1024,0.1,8,16,600,5.16736153153213e-05,0.007648590061002127,0.6362660918187397,2440.5625,224.90234375,8.37158203125,3797.078622315549,464260275.5561526,0.2006162939882698,0.08908485342866804,429,-39.18359375,195.2109375,60.64974594116211,586.90625,3586.880615234375,9.7890625,4.385121762752533,-0.11089812999918358,-0.2248934278996823,ok,
direct_isolated,cold_clumpy3d,2018,1024,0.1,8,16,600,1.4960207078776126e-05,0.0078010093253285465,0.5247858938423421,1927.375,186.05078125,9.9833984375,3798.1993084119185,579499775.7697997,0.19962159396383186,0.08777647313636924,352,55.1328125,129.41796875,62.98326110839844,235.0,3173.0849609375,10.45751953125,10.773481130599976,-0.07182518256284653,-0.37042594546223956,ok,
direct_isolated,cold_clumpy3d,2019,1024,0.1,8,16,600,3.2375633154106145e-05,0.006262482528648962,0.6482498692113362,3112.4375,204.73046875,10.12744140625,3791.9602995932746,569173646.7032886,0.36043843169599216,0.08906188888151158,392,106.43359375,250.98828125,103.72259521484375,2120.46875,1269.90234375,6.11669921875,4.332030296325684,-0.16854715915422375,-0.30756603706748664,ok,
direct_isolated,cold_clumpy3d,2020,1024,0.1,8,16,600,3.3793335567627674e-05,0.00551015474605769,0.6219481328614654,2129.5625,143.76953125,9.16015625,3783.7572188107106,556561483.1486508,0.3789196144916911,0.0872202243717149,781,622.39453125,522.0625,422.4146385192871,9857.875,6162.396240234375,28.3447265625,8.467873990535736,-0.2290483451593837,-0.2469133881974078,ok,
direct_isolated,cold_clumpy3d,2021,1024,0.1,8,16,600,5.2908017386549776e-05,0.006937858044243511,0.5638107242698845,2623.46875,240.61328125,9.95556640625,3779.567169080714,597314206.2077,0.23931413428641252,0.08535165210366166,289,208.1484375,316.671875,-26.644058227539062,2229.53125,1165.7177734375,23.9423828125,1.7252271175384521,-0.1292883476648189,-0.36139287438401824,ok,
direct_isolated,cold_clumpy3d,2022,1024,0.1,8,16,600,0.00010142416540821827,0.00695701480293361,0.7094218998325235,2592.59375,257.91015625,8.8671875,3792.502408368161,539106342.3701577,0.27232824718963833,0.0878044963168782,289,68.59765625,12.16796875,91.14239120483398,90.375,4895.191162109375,19.52978515625,8.356076180934906,-0.10637737356658705,-0.3458625954894143,ok,
direct_isolated,cold_clumpy3d,2023,1024,0.1,8,16,600,9.023484944102656e-06,0.00740407241320628,0.7142688486215422,1900.3125,185.01953125,9.84228515625,3788.4581836803304,560877598.4289185,0.20188782991202345,0.08909335293222935,438,66.58203125,60.140625,96.09222412109375,1497.34375,2367.40234375,10.6640625,3.62302303314209,-0.11780087209585877,-0.306288765110584,ok,
direct_isolated,cold_clumpy3d,2024,1024,0.1,8,16,600,5.762168841677882e-05,0.007651979655597057,0.47415817488269624,2076.03125,192.1015625,10.73046875,3789.6817299026084,574477309.9147813,0.1996177755376344,0.08866944481458168,359,60.515625,162.71484375,134.6333885192871,82.96875,1458.489990234375,9.3994140625,7.608498990535736,-0.09416969211206894,-0.23431045947533008,ok,
direct_isolated,cold_clumpy3d,2025,1024,0.1,8,16,600,3.109699002768417e-05,0.008511603799037051,0.3558458293711214,1946.625,185.70703125,10.2607421875,3778.232707042249,589725127.9396799,0.19975142045454544,0.08969640703733735,230,95.37109375,101.0078125,65.06667709350586,512.375,380.532958984375,11.4931640625,11.080906331539154,-0.051709218863179696,-0.38011727585729616,ok,
direct_isolated,cold_clumpy3d,2026,1024,0.1,8,16,600,7.339506855765257e-05,0.007363974658701565,0.5965212268853263,2075.84375,174.1953125,10.74365234375,3788.8630541540806,534832422.78684247,0.20000534579667645,0.08817466291866022,407,72.73046875,109.93551254272461,175.14617538452148,193.65625,4088.027099609375,7.28955078125,3.276728570461273,-0.12736452011501126,-0.24248103032003082,ok,
direct_isolated,cold_clumpy3d,2027,1024,0.1,8,16,600,1.1420831868861387e-05,0.00733357997439406,0.5342699199745323,2358.3125,227.67578125,11.29833984375,3791.182589421902,573329367.9212587,0.2247525659824047,0.08706008408558212,295,42.08203125,193.74609375,-7.1804351806640625,-102.84375,568.2333984375,7.9130859375,-0.22925972938537598,-0.0825239883297702,-0.2582118908070559,ok,
direct_isolated,cold_clumpy3d,2028,1024,0.1,8,16,600,2.4314059039918304e-05,0.006872079797149637,0.42910994956384374,2219.15625,238.34765625,10.462890625,3794.967828821524,572275435.6077816,0.23989644428152493,0.08765432485679372,338,40.25390625,141.43163681030273,29.759456634521484,331.5625,778.152099609375,12.44384765625,5.134150445461273,-0.11806383595503617,-0.17821110582414745,ok,
direct_isolated,cold_clumpy3d,2029,1024,0.1,8,16,600,3.9729953708531126e-05,0.007168242299378495,0.5237095398679068,2435.15625,272.55859375,9.94189453125,3788.4478412528465,522190853.507287,0.25541070992179865,0.09038968846354198,557,17.01171875,14.187484741210938,25.09222412109375,203.84375,578.18359375,18.7880859375,8.06784725189209,-0.17722737565958324,-0.21642420352557146,ok,
direct_isolated,hernquist3d,2000,1024,0.1,8,16,600,0.0003772090279173564,2.1896961304617277,2.4305644203312577,540.284912109375,36.015438079833984,1.561612069606781,1685.0414547871492,141981364.9543012,0.33738768025339666,1.2463261231121194,518,-23.039642333984375,-22.569854736328125,-19.305023193359375,-185.068359375,-194.490234375,-1.1500334739685059,-1.1569876670837402,0.1802788129787649,1.166546806578032,ok,
direct_isolated,hernquist3d,2001,1024,0.1,8,16,600,0.00021210389626369138,2.2962529485427003,2.731587681956853,479.214599609375,28.144222259521484,1.3267468810081482,1479.575468946835,93261202.58421716,0.28627446890610825,1.219860365785051,518,-18.22369384765625,-22.417675018310547,-20.259471893310547,-176.19140625,-323.590576171875,-0.9984292984008789,-1.0939285159111023,0.17461433024101403,1.3231523722232863,ok,
direct_isolated,hernquist3d,2002,1024,0.1,8,16,600,0.00022975140874316704,2.2650781407248566,2.6041990373438075,503.054443359375,34.659297943115234,1.3482837080955505,1641.9819194915347,110328541.93276113,0.32439391370687465,1.2205316853745471,521,-21.33489990234375,-26.259552001953125,-23.254085540771484,-143.68359375,-303.120849609375,-0.9413290023803711,-1.0150479674339294,0.14109698763672462,1.248739614837687,ok,
direct_isolated,hernquist3d,2003,1024,0.1,8,16,600,0.00014263550165569938,2.421859383608213,2.992489486846506,497.3193359375,29.618270874023438,1.2263963222503662,1550.7119984401259,128999129.65324886,0.31967702099363543,1.2239114778800233,487,-19.312213897705078,-22.742176055908203,-20.963546752929688,-202.091064453125,-330.5107421875,-0.9017594456672668,-0.9451091289520264,0.1968424632231921,1.25040533942783,ok,
direct_isolated,hernquist3d,2004,1024,0.1,8,16,600,0.0027758895411424574,1.9770204347216789,1.957270393035105,607.234375,39.601318359375,1.8522911071777344,1758.9303230516116,186763876.02990812,0.36895576987030265,1.204821230993773,493,-21.551513671875,-16.341796875,-12.965030670166016,-157.515625,-146.121337890625,-1.3015251159667969,-1.219332754611969,0.1412089880223667,0.5708224439015309,ok,
direct_isolated,hernquist3d,2005,1024,0.1,8,16,600,0.00026970197788281136,2.2319927489651956,2.4944141061937577,527.8662109375,36.72789001464844,1.5321252346038818,1743.2361289656023,131296947.98918858,0.3607131035135007,1.2256793349386461,496,-21.5419921875,-24.285297393798828,-23.864154815673828,-161.25,-217.134033203125,-1.0946502685546875,-1.1257155537605286,0.16157823565837776,1.1421590567957538,ok,
direct_isolated,hernquist3d,2006,1024,0.1,8,16,600,0.0001383975160113193,2.4237730934650816,3.0952664796315217,506.96484375,30.12835693359375,1.2374181747436523,1569.48671114954,92564216.79779735,0.3153754511370405,1.273725453855082,527,-20.27835464477539,-25.11600112915039,-21.940139770507812,-202.361572265625,-360.8564453125,-0.9116674065589905,-0.9900314807891846,0.18550295564852015,1.4441579992162135,ok,
direct_isolated,hernquist3d,2007,1024,0.1,8,16,600,0.0014468705432275901,2.0546110841412606,2.1137054471986327,593.640625,39.890380859375,1.7409629821777344,1747.5698224929042,184519039.15518224,0.36462587296308613,1.233305112959444,507,-22.37109375,-23.202880859375,-22.61636734008789,-182.40625,-233.494384765625,-1.26318359375,-1.2371392846107483,0.1798133546254994,0.8978869289537024,ok,
direct_isolated,hernquist3d,2008,1024,0.1,8,16,600,0.00022204264860633464,2.2869076076369175,2.622446064999181,529.3818359375,33.15977478027344,1.3217103481292725,1596.4788223795474,160773392.59141147,0.3308818659965215,1.215860478667619,524,-19.192371368408203,-18.134628295898438,-16.863483428955078,-142.889892578125,-147.434814453125,-0.9206388592720032,-0.8756440281867981,0.1643261146641437,1.1603838568910363,ok,
direct_isolated,hernquist3d,2009,1024,0.1,8,16,600,0.0007916441750154511,2.089320845686244,2.1889882028624945,543.7802734375,36.60154724121094,1.552551031112671,1698.9253966069386,143009642.71374816,0.33696316687213956,1.2227430285173688,517,-21.583053588867188,-25.353412628173828,-24.776901245117188,-156.7529296875,-295.5966796875,-1.1059730052947998,-1.100273847579956,0.13827762238204966,1.0302124950149556,ok,
direct_isolated,hernquist3d,2010,1024,0.1,8,16,600,0.0005403432801300048,2.1339952425498705,2.284080293664456,583.138427734375,36.19918441772461,1.800322949886322,1702.4715972881745,140481437.65625542,0.34639154090955754,1.2253619129751268,498,-20.401611328125,-23.367412567138672,-20.8338623046875,-214.796875,-313.5234375,-1.3209114074707031,-1.2657146453857422,0.1711245506110181,1.0680005170077445,ok,
direct_isolated,hernquist3d,2011,1024,0.1,8,16,600,0.0004952331877657802,2.1373460905135397,2.3042956153898166,553.538818359375,39.362178802490234,1.658521592617035,1808.8227649385235,110541106.46170801,0.37109276520195295,1.2401024272912853,492,-25.426876068115234,-25.911632537841797,-26.677978515625,-162.460693359375,-276.234375,-1.2560290694236755,-1.2687110900878906,0.16516192922883677,1.1094560214181715,ok,
direct_isolated,hernquist3d,2012,1024,0.1,8,16,600,0.00022554157520473565,2.268892092966278,2.5830883557972864,516.25,32.9912109375,1.3383636474609375,1600.7731525147449,112803741.22861099,0.33307717369748135,1.2102710184768466,505,-21.139907836914062,-23.481693267822266,-22.27838134765625,-160.2353515625,-301.87890625,-0.9583017826080322,-0.9872598648071289,0.166076808013367,1.1212597217333549,ok,
direct_isolated,hernquist3d,2013,1024,0.1,8,16,600,0.0002795177171892054,2.2047403824714364,2.436630656358551,547.9755859375,33.31211853027344,1.2577455043792725,1567.4857908760114,128129063.44219995,0.31937274967497725,1.2026497408206158,530,-20.24462890625,-22.494403839111328,-17.996826171875,-219.78125,-216.015625,-0.8697280883789062,-0.8510856628417969,0.17812142678654547,1.1154636788525234,ok,
direct_isolated,hernquist3d,2014,1024,0.1,8,16,600,0.00015366549495464377,2.4000244898123664,3.0051707548222995,467.394287109375,30.368709564208984,1.2939996123313904,1579.3142340969569,103697567.94294935,0.31898437528341794,1.2335313466883386,510,-18.454345703125,-22.768383026123047,-23.485107421875,-173.171875,-330.796875,-0.9218330383300781,-1.0670280456542969,0.1683906574547066,1.3853076630593586,ok,
direct_isolated,hernquist3d,2015,1024,0.1,8,16,600,0.0004018751924593522,2.168641297856667,2.3656592655633273,547.435302734375,37.29366683959961,1.497477948665619,1784.2443864559173,100023331.1743786,0.3709803403852712,1.2173275039473976,458,-23.90896224975586,-25.1400146484375,-23.762187957763672,-217.564208984375,-245.701904296875,-1.1157345175743103,-1.1068493723869324,0.2169132183851123,1.2775486520611439,ok,
direct_isolated,hernquist3d,2016,1024,0.1,8,16,600,0.00022300894478025546,2.2890047761922347,2.660213283861604,551.8896484375,34.60032653808594,1.3761403560638428,1617.0938101961135,117847327.64770862,0.33434801958166444,1.2184205363226626,503,-23.155990600585938,-26.739242553710938,-24.751266479492188,-233.4833984375,-351.8310546875,-1.0212972164154053,-1.0798537731170654,0.1836990679270885,1.1699855603656633,ok,
direct_isolated,hernquist3d,2017,1024,0.1,8,16,600,0.0001861242700836164,2.358495771713825,2.862491217187806,548.65234375,32.45941162109375,1.3079595565795898,1609.1247651522885,116060373.02486104,0.3402880684950139,1.2394781866073656,523,-21.131107330322266,-25.95184326171875,-22.81125259399414,-224.312744140625,-357.904541015625,-0.9449501633644104,-0.9951282143592834,0.1836775646863199,1.2146894610414594,ok,
direct_isolated,hernquist3d,2018,1024,0.1,8,16,600,0.0004693629349906109,2.106300394800618,2.202213791338458,572.71875,37.94140625,1.3720703125,1715.0228062768801,123430233.12355427,0.35312771621034333,1.1845141612046195,524,-22.434097290039062,-23.7197265625,-22.042984008789062,-169.2509765625,-292.5322265625,-0.8621904850006104,-0.8753664493560791,0.1357456373577191,0.851603409831744,ok,
direct_isolated,hernquist3d,2019,1024,0.1,8,16,600,0.00015505278584498214,2.3536872806382467,2.8818478878162352,496.55859375,30.07366943359375,1.1798009872436523,1495.0578957536975,103633764.99122159,0.3010511931041732,1.2238548780961735,540,-19.275390625,-23.538650512695312,-21.51022720336914,-165.5,-330.451416015625,-0.822662353515625,-0.9111400246620178,0.16475347733618373,1.4513293374403027,ok,
direct_isolated,hernquist3d,2020,1024,0.1,8,16,600,0.00023409972107953477,2.258873227162062,2.5736276422117417,532.935302734375,35.45382308959961,1.401286542415619,1666.1562691613772,110219952.21725027,0.34664143664440705,1.208320468069595,491,-23.324321746826172,-26.292816162109375,-23.6148681640625,-194.959716796875,-310.4453125,-1.030793845653534,-1.0404300689697266,0.1917960231206038,1.2278425839927813,ok,
direct_isolated,hernquist3d,2021,1024,0.1,8,16,600,0.000887780977056164,2.0735987565369447,2.159066048019168,554.193115234375,36.26888656616211,1.512166440486908,1707.6573326506743,111951023.84097657,0.35426423314068894,1.2108233797824939,502,-23.456890106201172,-24.165142059326172,-24.881572723388672,-168.850341796875,-309.248779296875,-1.0984780192375183,-1.131602942943573,0.16448480155300726,1.0929413283645097,ok,
direct_isolated,hernquist3d,2022,1024,0.1,8,16,600,0.0005634664945207114,2.130449078739497,2.2692547197408106,554.616943359375,37.921016693115234,1.6588305830955505,1761.3665212988285,112828797.78372857,0.3610699047780509,1.2203432586207243,482,-22.984130859375,-25.490692138671875,-19.504241943359375,-192.515625,-216.396484375,-1.2130088806152344,-1.0496268272399902,0.1803950509554969,1.106145940151086,ok,
direct_isolated,hernquist3d,2023,1024,0.1,8,16,600,0.0004401497546329129,2.151587923772839,2.3155903808321967,563.665771484375,37.73818588256836,1.5339645743370056,1722.1617343931937,137866067.79219195,0.3521003559243644,1.2326304225736795,508,-22.93740463256836,-25.321331024169922,-23.414470672607422,-171.790771484375,-309.385498046875,-1.0765060782432556,-1.053442656993866,0.16064244422423607,0.962566637027825,ok,
direct_isolated,hernquist3d,2024,1024,0.1,8,16,600,0.000231574264604463,2.263837840898006,2.578876576119341,509.499755859375,35.562740325927734,1.4014624953269958,1755.753543009931,119222909.21363384,0.3524054628045543,1.2133123651355129,481,-23.111114501953125,-22.01031494140625,-21.012847900390625,-163.517578125,-212.509765625,-0.9842190742492676,-1.0332818031311035,0.15732293829075505,1.2255661912604472,ok,
direct_isolated,hernquist3d,2025,1024,0.1,8,16,600,0.00028143263573618735,2.2202012294456868,2.4703140584949295,549.78125,34.3935546875,1.4428558349609375,1701.475967966277,111144605.72465625,0.3488469275009208,1.222309188007914,518,-21.540908813476562,-24.721206665039062,-20.0615234375,-193.7431640625,-240.6875,-1.0670454502105713,-1.0747528076171875,0.19375095219592653,0.9262033254667551,ok,
direct_isolated,hernquist3d,2026,1024,0.1,8,16,600,0.00014433082986391735,2.429383273602859,3.0809230261760954,488.238037109375,28.619197845458984,1.2454232573509216,1554.5689391108122,103563146.49958527,0.31306245195134086,1.2186502186507129,528,-18.537410736083984,-23.863582611083984,-22.043407440185547,-185.003662109375,-355.887451171875,-0.9212693572044373,-1.0032722353935242,0.1579633895789282,1.4116507875208417,ok,
direct_isolated,hernquist3d,2027,1024,0.1,8,16,600,0.0002497715588995318,2.2564240877730635,2.5820902859763977,504.8583984375,31.448471069335938,1.495410680770874,1595.2259687192939,107968458.29125905,0.3257879181769826,1.2184003620459452,512,-18.2799072265625,-22.833881378173828,-19.352985382080078,-154.6953125,-296.106689453125,-1.101480484008789,-1.1193154454231262,0.16130395267273767,1.2682967765983881,ok,
direct_isolated,hernquist3d,2028,1024,0.1,8,16,600,0.0007713774423241984,2.076806224340679,2.158344997481708,563.003662109375,36.734188079833984,1.506253182888031,1711.9082620280296,119589686.7646766,0.3626910574728543,1.2051501389352095,496,-22.131710052490234,-24.547882080078125,-18.571380615234375,-170.320068359375,-237.318359375,-1.047681748867035,-1.050187587738037,0.17852973563436392,0.9716219882387195,ok,
direct_isolated,hernquist3d,2029,1024,0.1,8,16,600,0.0002042452354600898,2.3773328067491373,2.957838335332286,508.984130859375,34.031246185302734,1.5315856337547302,1607.2207484265678,159300276.615951,0.3266124502571819,1.2597935361146253,507,-22.93939208984375,-26.114025115966797,-25.375865936279297,-184.65234375,-342.352294921875,-1.1777639389038086,-1.252363383769989,0.19056099239708663,1.3204539440484044,ok,
direct_isolated,plummer3d,2000,1024,0.1,8,16,600,0.0016351317018051099,1.941984733226269,1.8371423080105638,1315.9599609375,89.87730407714844,2.8121697902679443,2389.0838745611823,65822274.68332866,0.5038745482439432,1.5533468649711397,599,-71.1503791809082,-77.18408203125,-69.93071365356445,-753.608642578125,-841.737548828125,-2.3043821454048157,-2.3160865902900696,0.2545634407880938,0.49381475838361477,ok,
direct_isolated,plummer3d,2001,1024,0.1,8,16,600,0.0013100022604854507,1.9372871513535421,1.822949313958821,1245.96484375,80.62933349609375,2.368048667907715,2331.4451481863107,71190478.82134062,0.474782681203227,1.5206120333395283,602,-63.89208984375,-73.38486099243164,-64.98276138305664,-675.71875,-865.943603515625,-1.8871078491210938,-1.931706964969635,0.24358550437778165,0.6359367394158795,ok,
direct_isolated,plummer3d,2002,1024,0.1,8,16,600,0.0016259744905971058,1.9485165603330121,1.8504497081636824,1275.21484375,85.93011474609375,2.372931480407715,2323.8623719548227,62964025.16815181,0.47827645869379415,1.517622169823629,613,-69.43619155883789,-77.47601699829102,-70.95295715332031,-687.056884765625,-878.4892578125,-1.878367006778717,-1.9804050922393799,0.23053108223478053,0.6656191621484209,ok,
direct_isolated,plummer3d,2003,1024,0.1,8,16,600,0.002369693085011313,2.0332052340907705,2.0963346878970666,1238.8125,79.8623046875,2.2552337646484375,2273.503076443499,67819222.6512784,0.45739596469104665,1.5262729849137413,618,-62.96261978149414,-72.079345703125,-61.9453125,-703.560791015625,-828.625,-1.782649576663971,-1.8060302734375,0.24901223487831187,0.7879957734075618,ok,
direct_isolated,plummer3d,2004,1024,0.1,8,16,600,0.00046199419867468046,1.8049351696662874,1.5487870311643848,1335.9599609375,96.53355407714844,2.9464471340179443,2505.2488639380285,76452893.90135139,0.5257235819235798,1.5060143155929997,583,-73.28184509277344,-70.98469924926758,-64.6187744140625,-672.7880859375,-705.9453125,-2.306771993637085,-2.2110233306884766,0.21905595741489398,0.2748884621685665,ok,
direct_isolated,plummer3d,2005,1024,0.1,8,16,600,0.002122590608266882,1.9578875271801859,1.8824871380264625,1268.810302734375,87.55343246459961,2.613109052181244,2324.520331315068,66677864.74756169,0.4718522188406823,1.535312873893492,599,-69.93728256225586,-76.62713623046875,-67.72259521484375,-725.001708984375,-855.40234375,-2.111172139644623,-2.1575918197631836,0.25393109668704966,0.5176109703288561,ok,
direct_isolated,plummer3d,2006,1024,0.1,8,16,600,0.001393601203741979,2.062090064438684,2.2032915482929227,1271.40234375,81.86224365234375,2.249434471130371,2299.4077965316437,67424669.2188746,0.4675990303089967,1.5655888125928057,637,-67.83984756469727,-77.33345031738281,-69.46969985961914,-765.453369140625,-992.170166015625,-1.7892761826515198,-1.901839792728424,0.29109638105417257,0.9446775316665095,ok,
direct_isolated,plummer3d,2007,1024,0.1,8,16,600,0.0007389438539336375,1.8642820166697036,1.6442863266538437,1343.687255859375,94.41186141967773,2.8469809889793396,2445.1566698210827,70917610.7343517,0.5151148212702199,1.5284655800068117,579,-73.72686386108398,-78.57812118530273,-71.65280151367188,-710.253662109375,-862.123046875,-2.2706651091575623,-2.255805492401123,0.24693726605800273,0.31756411704666676,ok,
direct_isolated,plummer3d,2008,1024,0.1,8,16,600,0.0070874455426884,1.9881867352191198,1.967986843820706,1250.017333984375,87.81545639038086,2.432327687740326,2409.6214087844696,70177071.01438197,0.4983299181415694,1.5234260443981424,623,-68.3250732421875,-74.35882568359375,-66.37420654296875,-655.3046875,-739.57421875,-1.9062023162841797,-1.9412107467651367,0.24306974455960617,0.5793799003598864,ok,
direct_isolated,plummer3d,2009,1024,0.1,8,16,600,0.0005887361283893126,1.84581473151298,1.6028407844048085,1294.560302734375,90.67843246459961,2.687327802181244,2363.609944270625,76570377.81127876,0.4904825940568031,1.521771736309348,597,-69.99325561523438,-77.17605209350586,-70.01168823242188,-670.162109375,-799.498046875,-2.120683193206787,-2.135314464569092,0.23181249139936305,0.35834652901242414,ok,
direct_isolated,plummer3d,2010,1024,0.1,8,16,600,0.0010920208284171762,1.9141781356706922,1.7646211645759566,1351.431396484375,93.93423080444336,2.8298744559288025,2394.0376798924653,68481778.89026755,0.5067459118643789,1.5343278171538826,592,-74.17348861694336,-80.33172607421875,-73.33622360229492,-722.556396484375,-897.658935546875,-2.279962956905365,-2.277744948863983,0.25078981334118516,0.3885281309792094,ok,
direct_isolated,plummer3d,2011,1024,0.1,8,16,600,0.0010039921110728176,1.9077339180714465,1.7499944360259094,1291.997802734375,89.00265121459961,2.756175458431244,2365.7647615731858,67791595.73376048,0.48875160510803517,1.535919556978275,589,-71.91526412963867,-76.10330200195312,-70.66367721557617,-718.748779296875,-844.084716796875,-2.2393681406974792,-2.2774903178215027,0.2512452864782206,0.42036059554292154,ok,
direct_isolated,plummer3d,2012,1024,0.1,8,16,600,0.0019173061881152293,1.9565416226725703,1.8831973610389048,1317.74609375,85.50286865234375,2.456954002380371,2351.9115382431805,67636041.37870476,0.4774764242849349,1.527271128368039,584,-67.40521240234375,-74.57611465454102,-65.3955078125,-720.40234375,-889.375,-1.957991600036621,-1.9686431884765625,0.23838465437234618,0.4168319579699387,ok,
direct_isolated,plummer3d,2013,1024,0.1,8,16,600,0.0007835266228937595,1.8998794177121097,1.7400411972765089,1287.345458984375,89.96364974975586,2.4375118613243103,2386.316656226085,67264093.47169963,0.48804426969564585,1.5081695940823119,591,-71.08439254760742,-77.50564575195312,-69.39078903198242,-722.947998046875,-711.213623046875,-1.873297393321991,-1.9203822016716003,0.24152259834373524,0.3916122966362219,ok,
direct_isolated,plummer3d,2014,1024,0.1,8,16,600,0.002668147245155757,2.0312791996727406,2.10091878232639,1259.7724609375,79.19371032714844,2.3048455715179443,2276.349844098108,61937441.25423622,0.4612823179332997,1.5461044242801103,629,-63.931640625,-72.639892578125,-66.49263381958008,-745.6875,-981.731689453125,-1.850494384765625,-1.9400399327278137,0.25820446181070894,0.9342896005342562,ok,
direct_isolated,plummer3d,2015,1024,0.1,8,16,600,0.0011162140877887907,1.915320356760493,1.7602715386896854,1279.288818359375,87.62243270874023,2.528798997402191,2340.9372297448517,73237544.62335376,0.4853516116583049,1.5100249316239402,577,-69.3222770690918,-75.7728385925293,-69.0454216003418,-709.922607421875,-794.485107421875,-2.0384523272514343,-2.0672075152397156,0.2624033072068956,0.5667288710005149,ok,
direct_isolated,plummer3d,2016,1024,0.1,8,16,600,0.0038902287325046523,1.9773498234712428,1.939124173699812,1280.095458984375,89.55739974975586,2.4926876425743103,2385.480917101573,68405814.23266508,0.48134972643491647,1.5213325613806514,612,-73.0357666015625,-79.11895751953125,-71.48177719116211,-715.5078125,-837.474365234375,-2.013437271118164,-2.010365903377533,0.2565988229227527,0.45053939339214266,ok,
direct_isolated,plummer3d,2017,1024,0.1,8,16,600,0.0023920833746335014,2.0386008061023793,2.112808872869318,1228.265625,87.736083984375,2.4388694763183594,2388.399847592876,71621059.72628735,0.47811784069010577,1.5564263656143786,580,-69.76056289672852,-80.12904357910156,-70.65174865722656,-685.816650390625,-827.4619140625,-1.923535406589508,-2.026235818862915,0.26586483252322307,0.7620041456200868,ok,
direct_isolated,plummer3d,2018,1024,0.1,8,16,600,0.0005810809934961059,1.8681850059496499,1.682346457355931,1268.435302734375,94.40743637084961,2.64018577337265,2405.854396134787,63802356.455281235,0.49559936630874846,1.5076427836615802,597,-72.92135238647461,-76.19155883789062,-70.38814926147461,-672.950927734375,-783.169677734375,-2.0434793829917908,-1.9999307990074158,0.2354229768039111,0.2913039356366597,ok,
direct_isolated,plummer3d,2019,1024,0.1,8,16,600,0.007462442602771125,1.9890888645168336,1.967705803715685,1258.4375,84.1904296875,2.2147064208984375,2355.8064982465144,65007255.26418042,0.47940521227406474,1.5220797333324407,592,-69.7958984375,-78.20090103149414,-68.46323013305664,-727.34375,-876.756103515625,-1.7577362060546875,-1.813481867313385,0.2651099658796633,0.7338744494671697,ok,
direct_isolated,plummer3d,2020,1024,0.1,8,16,600,0.002839304193486933,1.9690713831582873,1.9131069420683948,1227.849365234375,87.47640609741211,2.496060788631439,2344.835022358259,64457654.980488546,0.48117696319135167,1.525762317033382,562,-69.47495651245117,-78.55051803588867,-68.73751831054688,-653.694091796875,-812.607421875,-1.9914605021476746,-2.050220012664795,0.2583551604916363,0.6292467355159015,ok,
direct_isolated,plummer3d,2021,1024,0.1,8,16,600,0.0005279223994765937,1.8312572581118252,1.5637802910182794,1293.501708984375,91.56130599975586,2.6171993613243103,2426.256060821866,64471008.94859132,0.4980673615011754,1.5062116705693256,572,-72.51144409179688,-80.36198043823242,-70.80569076538086,-686.669921875,-846.079833984375,-2.069453716278076,-2.126633107662201,0.2506394517641228,0.3578510120748532,ok,
direct_isolated,plummer3d,2022,1024,0.1,8,16,600,0.001047094828943677,1.9095361606530659,1.763503019433565,1243.24609375,89.25042724609375,2.634161949157715,2366.8784154205805,63191325.6924739,0.49738175147484937,1.516756743871829,576,-71.01171875,-77.13116836547852,-65.80598449707031,-663.03125,-741.5517578125,-2.08233642578125,-2.0905354022979736,0.2405386985072394,0.3911128281756343,ok,
direct_isolated,plummer3d,2023,1024,0.1,8,16,600,0.0011943062727110432,1.9211492858209955,1.792112444878321,1337.560302734375,92.20040512084961,2.69487327337265,2414.0033017319392,70249872.3760809,0.5000491233528326,1.5450565953241675,576,-72.08148193359375,-76.52950668334961,-71.15960693359375,-700.80859375,-863.74609375,-2.1465978622436523,-2.1939001083374023,0.23448281923627373,0.316129586398247,ok,
direct_isolated,plummer3d,2024,1024,0.1,8,16,600,0.002669097022496013,1.9665150385073704,1.9019503464972602,1224.6474609375,84.01792907714844,2.5514276027679443,2295.810619279384,71133023.33273819,0.4650425757560157,1.5205073800493714,594,-66.20060729980469,-75.6500244140625,-67.70146560668945,-670.9951171875,-771.628173828125,-2.0407931804656982,-2.1312912106513977,0.258453931067745,0.773385399332722,ok,
direct_isolated,plummer3d,2025,1024,0.1,8,16,600,0.001973460661462791,1.9547048770983309,1.8861875714409708,1269.1474609375,89.87779235839844,2.5810983180999756,2442.1124825489214,62063755.14932291,0.5089241463650114,1.5342199061093034,586,-72.5367431640625,-79.17399978637695,-66.90492630004883,-698.3203125,-783.118408203125,-2.0928592681884766,-2.014780342578888,0.24613533607023602,0.28280532268625397,ok,
direct_isolated,plummer3d,2026,1024,0.1,8,16,600,0.002573799192492458,2.0313992619918957,2.0973791848027075,1246.96484375,80.79730224609375,2.159552574157715,2275.7473679338755,70747538.56049193,0.4554480832169436,1.5229270413786937,635,-64.90425109863281,-74.66162490844727,-68.41339492797852,-711.4345703125,-949.691650390625,-1.6769707202911377,-1.8379717469215393,0.25145330763666474,0.8569295597111967,ok,
direct_isolated,plummer3d,2027,1024,0.1,8,16,600,0.0014703458573818102,1.9435010444911034,1.8390724873077011,1281.125,86.07421875,2.52093505859375,2337.9676372896624,69211631.92925073,0.4692718335991667,1.5214076269508756,599,-68.49176406860352,-76.28781509399414,-67.73822402954102,-695.769775390625,-908.199462890625,-2.003197729587555,-2.0304861664772034,0.24957896382570033,0.708124909237566,ok,
direct_isolated,plummer3d,2028,1024,0.1,8,16,600,0.0005637236214017452,1.8523490120577026,1.6259248980768748,1327.7333984375,91.81858825683594,2.5840795040130615,2444.23079868282,64789120.41597301,0.512848975732878,1.510093866084764,622,-70.30126953125,-76.51445007324219,-67.19189453125,-725.75,-666.3125,-1.9943923950195312,-1.9859695434570312,0.25025760387595236,0.3594431298079775,ok,
direct_isolated,plummer3d,2029,1024,0.1,8,16,600,0.0012097115052497383,2.0815568478250945,2.2596648562728987,1256.073974609375,89.16350936889648,2.5549535155296326,2387.314024987337,72343382.41763127,0.4927080117600015,1.5792365479450268,572,-73.94906616210938,-82.66437911987305,-73.13430786132812,-744.427734375,-924.439453125,-2.091428279876709,-2.139976978302002,0.2709431972134136,0.898716441452829,ok,
pm_periodic,bimodal3d,2000,1024,0.1,8,16,600,,nan,nan,718.59375,96.4296875,5.98876953125,3068.363507079918,256255805.9796915,0.4153550372678397,2.2140211735142037,348,-91.875,-94.01171875,-94.03125,-579.25,-678.1875,-5.69580078125,-5.7216796875,nan,nan,ok,
pm_periodic,bimodal3d,2001,1024,0.1,8,16,600,,nan,nan,725.75,88.453125,5.54150390625,2963.4748378436834,218291765.9357661,0.3985405975073314,2.1446938882224567,357,-84.07421875,-86.11328125,-86.28125,-606.875,-705.53125,-5.26806640625,-5.2822265625,nan,nan,ok,
pm_periodic,bimodal3d,2002,1024,0.1,8,16,600,,nan,nan,713.78125,89.0625,5.626953125,2958.2172073425536,277388884.63398397,0.40019015762463345,2.1518557617196117,372,-84.80859375,-86.62109375,-86.48828125,-592.71875,-677.71875,-5.337890625,-5.36474609375,nan,nan,ok,
pm_periodic,bimodal3d,2003,1024,0.1,8,16,600,,nan,nan,716.34375,91.87890625,5.64013671875,2984.6641447260417,258530414.96395427,0.4088637127321603,2.161131956923458,377,-86.703125,-89.60546875,-89.47265625,-567.90625,-680.21875,-5.3505859375,-5.38525390625,nan,nan,ok,
pm_periodic,bimodal3d,2004,1024,0.1,8,16,600,,nan,nan,715.90625,93.05859375,6.12060546875,3028.6698288644293,298813704.08513665,0.4110974920576735,2.1556978750158238,346,-87.5234375,-90.25,-87.6796875,-539.375,-626.03125,-5.80517578125,-5.787109375,nan,nan,ok,
pm_periodic,bimodal3d,2005,1024,0.1,8,16,600,,nan,nan,736.53125,89.89453125,5.46240234375,2979.5927372840824,218097971.65184048,0.40387684811827956,2.1854765059718613,368,-86.0,-87.7734375,-87.4921875,-625.84375,-703.15625,-5.18359375,-5.208984375,nan,nan,ok,
pm_periodic,bimodal3d,2006,1024,0.1,8,16,600,,nan,nan,721.53125,92.34765625,5.82421875,3027.1316190792318,221063296.00092953,0.4057536045943304,2.2010934452200663,349,-87.98828125,-90.14453125,-89.984375,-608.09375,-689.875,-5.517578125,-5.56787109375,nan,nan,ok,
pm_periodic,bimodal3d,2007,1024,0.1,8,16,600,,nan,nan,745.15625,93.21875,6.07080078125,3063.3918734547606,296390940.8871356,0.41901690799120234,2.1631436813146205,349,-87.96484375,-89.9375,-87.265625,-600.6875,-635.5,-5.76025390625,-5.73974609375,nan,nan,ok,
pm_periodic,bimodal3d,2008,1024,0.1,8,16,600,,nan,nan,729.96875,90.98828125,5.71044921875,2964.1644909261686,279035766.0918317,0.403930306085044,2.1833983285285186,358,-86.75390625,-88.58203125,-88.69140625,-619.03125,-701.03125,-5.416015625,-5.44677734375,nan,nan,ok,
pm_periodic,bimodal3d,2009,1024,0.1,8,16,600,,nan,nan,736.3125,92.79296875,6.13427734375,3035.2093283350364,242249404.62143195,0.41219147116324534,2.141072026536047,338,-87.41796875,-89.79296875,-88.078125,-582.3125,-644.1875,-5.81640625,-5.82666015625,nan,nan,ok,
pm_periodic,bimodal3d,2010,1024,0.1,8,16,600,,nan,nan,718.5625,94.140625,5.77392578125,3017.1967799386175,249413008.5800522,0.4154027675953079,2.1835107493998507,354,-89.65234375,-91.96875,-91.7890625,-589.0,-693.90625,-5.48095703125,-5.5126953125,nan,nan,ok,
pm_periodic,bimodal3d,2011,1024,0.1,8,16,600,,nan,nan,716.6875,92.9609375,5.86572265625,3008.1235969201266,234304353.35107052,0.4051961143695015,2.1716595115148256,375,-88.50390625,-90.578125,-90.40625,-595.46875,-686.34375,-5.57666015625,-5.5966796875,nan,nan,ok,
pm_periodic,bimodal3d,2012,1024,0.1,8,16,600,,nan,nan,718.5,90.3203125,5.328125,2999.059932188864,202104375.20754755,0.4040868615591398,2.156660057143051,363,-85.3828125,-87.77734375,-87.33203125,-585.34375,-667.375,-5.009765625,-5.05224609375,nan,nan,ok,
pm_periodic,bimodal3d,2013,1024,0.1,8,16,600,,nan,nan,710.46875,87.5859375,5.58154296875,2927.92189972097,225915884.72692502,0.39335135630498536,2.1206725980064336,368,-81.5546875,-84.1875,-83.0390625,-568.4375,-604.71875,-5.25537109375,-5.28173828125,nan,nan,ok,
pm_periodic,bimodal3d,2014,1024,0.1,8,16,600,,nan,nan,727.9375,91.015625,5.37646484375,2990.481020437278,201491612.24304527,0.40889426014173996,2.1774651317824074,372,-87.33984375,-88.75,-89.0390625,-620.40625,-714.0,-5.1064453125,-5.11669921875,nan,nan,ok,
pm_periodic,bimodal3d,2015,1024,0.1,8,16,600,,nan,nan,712.40625,88.39453125,5.5830078125,2960.05090797474,198369398.41325974,0.39847186583577715,2.1417236573358585,375,-83.5390625,-85.9765625,-85.9375,-569.28125,-685.09375,-5.2880859375,-5.31396484375,nan,nan,ok,
pm_periodic,bimodal3d,2016,1024,0.1,8,16,600,,nan,nan,710.03125,94.17578125,5.744140625,3024.512627490598,202132639.42200756,0.40977249816715544,2.1675440549502962,355,-89.70703125,-91.69140625,-91.953125,-570.625,-684.25,-5.43994140625,-5.4892578125,nan,nan,ok,
pm_periodic,bimodal3d,2017,1024,0.1,8,16,600,,nan,nan,710.65625,89.08203125,5.68994140625,2984.681703805351,201173903.22999862,0.4011371273216031,2.193935192334545,358,-84.80859375,-86.796875,-86.6796875,-582.125,-687.84375,-5.3818359375,-5.4248046875,nan,nan,ok,
pm_periodic,bimodal3d,2018,1024,0.1,8,16,600,,nan,nan,720.8125,86.8984375,5.65966796875,2938.15399598758,272217159.3028035,0.39612162451124144,2.1320923299131933,367,-80.7109375,-83.8984375,-81.30859375,-575.71875,-622.34375,-5.322265625,-5.32373046875,nan,nan,ok,
pm_periodic,bimodal3d,2019,1024,0.1,8,16,600,,nan,nan,718.625,92.01171875,5.712890625,2998.1064211753546,218331940.23879,0.40783464687194526,2.1668937152952896,348,-87.46875,-89.953125,-89.78515625,-589.25,-691.28125,-5.42724609375,-5.4599609375,nan,nan,ok,
pm_periodic,bimodal3d,2020,1024,0.1,8,16,600,,nan,nan,708.03125,91.78125,5.8427734375,2972.9294738094113,296081723.3770387,0.39787810056207235,2.1490056360299734,356,-87.45703125,-89.4296875,-88.88671875,-582.03125,-667.125,-5.54638671875,-5.56640625,nan,nan,ok,
pm_periodic,bimodal3d,2021,1024,0.1,8,16,600,,nan,nan,734.6875,94.03515625,6.11083984375,3003.6872422796587,257976817.94240797,0.4104044477028348,2.1108192980115206,359,-88.78125,-91.20703125,-91.23046875,-578.84375,-677.34375,-5.794921875,-5.8466796875,nan,nan,ok,
pm_periodic,bimodal3d,2022,1024,0.1,8,16,600,,nan,nan,706.84375,92.6328125,5.978515625,3028.762144620841,303725517.9709736,0.410360535801564,2.159484437634049,346,-87.4453125,-89.828125,-87.56640625,-571.1875,-573.25,-5.65380859375,-5.662109375,nan,nan,ok,
pm_periodic,bimodal3d,2023,1024,0.1,8,16,600,,nan,nan,743.15625,94.0546875,6.0234375,3039.5598609053914,231285045.81209582,0.4120559170332356,2.1706128394152318,354,-89.6640625,-92.06640625,-91.1953125,-612.5,-699.21875,-5.73291015625,-5.75341796875,nan,nan,ok,
pm_periodic,bimodal3d,2024,1024,0.1,8,16,600,,nan,nan,727.65625,91.4296875,5.990234375,3029.6820845444613,221081199.50277886,0.4074661687438905,2.137548801488788,346,-86.23828125,-88.609375,-88.13671875,-593.53125,-678.5,-5.68505859375,-5.71142578125,nan,nan,ok,
pm_periodic,bimodal3d,2025,1024,0.1,8,16,600,,nan,nan,699.9375,88.9375,5.4365234375,2931.7609629522767,177678029.0759409,0.39116912573313783,2.1533775187493376,394,-84.61328125,-86.9296875,-86.63671875,-578.21875,-674.0,-5.14794921875,-5.17919921875,nan,nan,ok,
pm_periodic,bimodal3d,2026,1024,0.1,8,16,600,,nan,nan,736.53125,94.125,6.0478515625,3040.2784953478335,241326056.591388,0.4102345277370479,2.172338378521459,347,-89.5546875,-91.7265625,-91.78125,-614.40625,-707.03125,-5.7509765625,-5.79833984375,nan,nan,ok,
pm_periodic,bimodal3d,2027,1024,0.1,8,16,600,,nan,nan,744.4375,94.44921875,5.55712890625,3009.3515080946663,258839085.9122727,0.4154294965786901,2.1476247776168544,353,-89.4609375,-92.26171875,-92.140625,-578.5625,-707.0,-5.2490234375,-5.30615234375,nan,nan,ok,
pm_periodic,bimodal3d,2028,1024,0.1,8,16,600,,nan,nan,727.40625,91.87890625,5.97900390625,3007.3970769522866,250064581.61346063,0.40663184261974583,2.1325572040285934,348,-86.921875,-89.16015625,-87.90625,-599.875,-655.46875,-5.6669921875,-5.67529296875,nan,nan,ok,
pm_periodic,bimodal3d,2029,1024,0.1,8,16,600,,nan,nan,709.96875,91.76953125,5.966796875,3003.511042435024,243812379.34410217,0.3992279142228739,2.2393943276068935,331,-87.56640625,-89.4375,-89.68359375,-584.15625,-685.09375,-5.68505859375,-5.71240234375,nan,nan,ok,
pm_periodic,cold_clumpy3d,2000,1024,0.1,8,16,600,,nan,nan,2262.625,227.98828125,9.67529296875,3784.388040679445,502331481.5113802,0.26226287573313783,0.08802432645112929,92,45.453125,91.5234375,132.03515625,974.96875,1615.46875,6.43115234375,16.685546875,nan,nan,ok,
pm_periodic,cold_clumpy3d,2001,1024,0.1,8,16,600,,nan,nan,2150.53125,220.0703125,9.07470703125,3782.7946628611353,559215498.7361763,0.20306390518084066,0.08635992345382665,94,40.421875,-11.98828125,30.8203125,1086.9375,2671.1875,9.90234375,7.35107421875,nan,nan,ok,
pm_periodic,cold_clumpy3d,2002,1024,0.1,8,16,600,,nan,nan,1771.84375,167.125,9.060546875,3787.8772527452707,559907993.4779866,0.220611482771261,0.08757879143944142,106,80.98828125,172.12109375,162.84375,679.375,3620.625,8.03662109375,5.26513671875,nan,nan,ok,
pm_periodic,cold_clumpy3d,2003,1024,0.1,8,16,600,,nan,nan,2223.71875,160.32421875,10.04052734375,3799.759333957326,549412878.9859674,0.23506804435483872,0.0867413125374453,81,117.7734375,91.91015625,223.796875,1181.75,2926.90625,12.93505859375,13.15234375,nan,nan,ok,
pm_periodic,cold_clumpy3d,2004,1024,0.1,8,16,600,,nan,nan,2431.46875,226.15625,11.90380859375,3793.1863985280097,628544136.4816393,0.2788711204789834,0.08703750096315771,87,17.12890625,421.28125,164.5859375,-144.4375,1113.15625,5.78076171875,17.94482421875,nan,nan,ok,
pm_periodic,cold_clumpy3d,2005,1024,0.1,8,16,600,,nan,nan,1982.1875,162.51953125,9.6474609375,3789.2451180747157,503976874.3744214,0.2568655303030303,0.08768061463202337,86,33.28515625,115.984375,149.12109375,87.5,1517.75,4.8623046875,1.52392578125,nan,nan,ok,
pm_periodic,cold_clumpy3d,2006,1024,0.1,8,16,600,,nan,nan,1941.5625,181.9140625,9.162109375,3792.3140570111036,486511440.4445075,0.2763509591886608,0.08912287678566608,92,195.125,233.765625,123.3515625,2150.46875,1174.34375,6.896484375,8.2587890625,nan,nan,ok,
pm_periodic,cold_clumpy3d,2007,1024,0.1,8,16,600,,nan,nan,2258.875,177.62890625,9.337890625,3795.615566568549,537868413.2946125,0.2709287939882698,0.0879779942802423,82,121.6640625,202.40625,150.30078125,925.71875,3299.96875,13.05029296875,12.69140625,nan,nan,ok,
pm_periodic,cold_clumpy3d,2008,1024,0.1,8,16,600,,nan,nan,2995.34375,326.9453125,9.6162109375,3794.927814413212,564308138.9078286,0.2831057551319648,0.08817295996783714,75,-5.38671875,-22.515625,-79.90625,-199.78125,868.1875,7.248046875,7.2958984375,nan,nan,ok,
pm_periodic,cold_clumpy3d,2009,1024,0.1,8,16,600,,nan,nan,2360.5,185.84375,9.17431640625,3779.110506375214,552268624.2794063,0.20650621639784947,0.08615908804562233,91,73.00390625,85.12890625,122.8359375,1169.53125,1451.375,10.43408203125,3.8515625,nan,nan,ok,
pm_periodic,cold_clumpy3d,2010,1024,0.1,8,16,600,,nan,nan,2383.6875,178.99609375,8.8857421875,3777.8730004097592,568586578.747021,0.2868459035923754,0.0890615729819514,91,281.79296875,203.09765625,338.1640625,7462.9375,5910.3125,20.30517578125,11.43701171875,nan,nan,ok,
pm_periodic,cold_clumpy3d,2011,1024,0.1,8,16,600,,nan,nan,2598.5625,224.05859375,8.95751953125,3799.697039715939,564239075.4262898,0.26673998044965785,0.08666925805763628,80,82.59765625,71.8125,395.72265625,152.65625,4492.25,12.38525390625,4.13037109375,nan,nan,ok,
pm_periodic,cold_clumpy3d,2012,1024,0.1,8,16,600,,nan,nan,2785.71875,214.96875,8.77197265625,3780.0564483332173,544507329.2082006,0.31722148399315736,0.08845217967388944,98,630.515625,135.21484375,284.46875,4448.21875,7075.5,24.89453125,10.4794921875,nan,nan,ok,
pm_periodic,cold_clumpy3d,2013,1024,0.1,8,16,600,,nan,nan,3164.4375,257.07421875,10.68505859375,3797.1373140536452,563725193.0768847,0.21865644855816227,0.08774083322172294,80,51.83984375,451.25,72.94140625,472.75,-100.125,14.0830078125,10.4560546875,nan,nan,ok,
pm_periodic,cold_clumpy3d,2014,1024,0.1,8,16,600,,nan,nan,1987.0625,185.8125,10.23095703125,3799.38368948847,506548678.134093,0.2047783785434995,0.08907278957386672,66,92.13671875,385.71484375,98.546875,375.28125,1954.25,11.0888671875,12.57470703125,nan,nan,ok,
pm_periodic,cold_clumpy3d,2015,1024,0.1,8,16,600,,nan,nan,1354.59375,166.1171875,8.7177734375,3784.4523151127473,545472050.4870846,0.1996025018328446,0.0863675444280171,100,36.1015625,181.36328125,139.9765625,261.875,1653.875,6.16015625,6.4462890625,nan,nan,ok,
pm_periodic,cold_clumpy3d,2016,1024,0.1,8,16,600,,nan,nan,2952.78125,214.0703125,9.55517578125,3793.6210330986733,502549444.7972473,0.27459639235092864,0.08815202535595937,74,25.30078125,62.2578125,76.10546875,508.46875,5168.46875,5.23828125,9.0185546875,nan,nan,ok,
pm_periodic,cold_clumpy3d,2017,1024,0.1,8,16,600,,nan,nan,2440.5625,224.90234375,8.37158203125,3797.078622315549,464260275.5561526,0.2006162939882698,0.08908485342866804,73,-33.44921875,440.296875,181.56640625,-219.09375,3060.875,7.4560546875,15.48046875,nan,nan,ok,
pm_periodic,cold_clumpy3d,2018,1024,0.1,8,16,600,,nan,nan,1927.375,186.05078125,9.9833984375,3798.1993084119185,579499775.7697997,0.19962159396383186,0.08777647313636924,76,67.90234375,59.5,-19.8046875,353.3125,596.6875,8.734375,3.8408203125,nan,nan,ok,
pm_periodic,cold_clumpy3d,2019,1024,0.1,8,16,600,,nan,nan,3112.4375,204.73046875,10.12744140625,3791.9602995932746,569173646.7032886,0.36043843169599216,0.08906188888151158,88,121.4609375,251.50390625,213.37890625,2636.53125,1475.25,6.8427734375,6.38720703125,nan,nan,ok,
pm_periodic,cold_clumpy3d,2020,1024,0.1,8,16,600,,nan,nan,2129.5625,143.76953125,9.16015625,3783.7572188107106,556561483.1486508,0.3789196144916911,0.0872202243717149,91,619.78125,316.41796875,367.46875,9271.6875,5751.21875,24.091796875,10.87841796875,nan,nan,ok,
pm_periodic,cold_clumpy3d,2021,1024,0.1,8,16,600,,nan,nan,2623.46875,240.61328125,9.95556640625,3779.567169080714,597314206.2077,0.23931413428641252,0.08535165210366166,87,226.0625,34.81640625,57.34765625,1676.46875,2437.21875,27.04150390625,4.6689453125,nan,nan,ok,
pm_periodic,cold_clumpy3d,2022,1024,0.1,8,16,600,,nan,nan,2592.59375,257.91015625,8.8671875,3792.502408368161,539106342.3701577,0.27232824718963833,0.0878044963168782,96,-1.265625,-14.22265625,112.91015625,-372.1875,975.5625,11.78857421875,17.38623046875,nan,nan,ok,
pm_periodic,cold_clumpy3d,2023,1024,0.1,8,16,600,,nan,nan,1900.3125,185.01953125,9.84228515625,3788.4581836803304,560877598.4289185,0.20188782991202345,0.08909335293222935,98,24.203125,77.859375,-24.953125,1075.125,2042.90625,7.98583984375,1.28271484375,nan,nan,ok,
pm_periodic,cold_clumpy3d,2024,1024,0.1,8,16,600,,nan,nan,2076.03125,192.1015625,10.73046875,3789.6817299026084,574477309.9147813,0.1996177755376344,0.08866944481458168,86,50.90625,199.3359375,87.90625,142.15625,2121.15625,6.8369140625,4.43896484375,nan,nan,ok,
pm_periodic,cold_clumpy3d,2025,1024,0.1,8,16,600,,nan,nan,1946.625,185.70703125,10.2607421875,3778.232707042249,589725127.9396799,0.19975142045454544,0.08969640703733735,80,62.65234375,2.9140625,55.2109375,410.125,1633.15625,12.62744140625,8.68212890625,nan,nan,ok,
pm_periodic,cold_clumpy3d,2026,1024,0.1,8,16,600,,nan,nan,2075.84375,174.1953125,10.74365234375,3788.8630541540806,534832422.78684247,0.20000534579667645,0.08817466291866022,82,65.44921875,159.83984375,165.15625,120.65625,1920.78125,5.6728515625,13.01171875,nan,nan,ok,
pm_periodic,cold_clumpy3d,2027,1024,0.1,8,16,600,,nan,nan,2358.3125,227.67578125,11.29833984375,3791.182589421902,573329367.9212587,0.2247525659824047,0.08706008408558212,103,105.63671875,55.4765625,101.03125,435.28125,4138.375,13.63671875,7.7431640625,nan,nan,ok,
pm_periodic,cold_clumpy3d,2028,1024,0.1,8,16,600,,nan,nan,2219.15625,238.34765625,10.462890625,3794.967828821524,572275435.6077816,0.23989644428152493,0.08765432485679371,77,50.23046875,27.40625,116.4609375,668.28125,1669.90625,10.8740234375,11.24755859375,nan,nan,ok,
pm_periodic,cold_clumpy3d,2029,1024,0.1,8,16,600,,nan,nan,2435.15625,272.55859375,9.94189453125,3788.4478412528465,522190853.507287,0.25541070992179865,0.09038968846354198,82,-11.16796875,91.60546875,261.76171875,69.90625,4591.15625,11.9375,10.35595703125,nan,nan,ok,
pm_periodic,hernquist3d,2000,1024,0.1,8,16,600,,nan,nan,536.53125,36.55859375,1.6328125,1319.2459960606393,159047366.27906764,0.20730999511241446,1.2334498539843586,781,-14.00390625,-10.828125,-7.01953125,-106.53125,-116.59375,-0.65185546875,-0.53955078125,nan,nan,ok,
pm_periodic,hernquist3d,2001,1024,0.1,8,16,600,,nan,nan,482.40625,28.765625,1.39404296875,1150.8680520842536,111062159.7617448,0.17262150232160312,1.2090397010844165,806,-10.45703125,-12.4609375,-8.21484375,-115.0625,-164.75,-0.751953125,-0.6318359375,nan,nan,ok,
pm_periodic,hernquist3d,2002,1024,0.1,8,16,600,,nan,nan,521.625,36.3046875,1.43310546875,1271.9907348040083,129704697.97794731,0.1945545423998045,1.2240208978200982,796,-11.50390625,-13.38671875,-14.62890625,-99.03125,-218.5,-0.46240234375,-0.57470703125,nan,nan,ok,
pm_periodic,hernquist3d,2003,1024,0.1,8,16,600,,nan,nan,509.0625,30.31640625,1.30419921875,1155.0788059057086,149406890.54902738,0.17704705828445746,1.2216844658666708,805,-10.8359375,-13.79296875,-9.2890625,-148.1875,-160.71875,-0.54931640625,-0.53125,nan,nan,ok,
pm_periodic,hernquist3d,2004,1024,0.1,8,16,600,,nan,nan,610.34375,39.76171875,1.9013671875,1378.8344777356717,202612197.53425312,0.22527759958455523,1.2089152193482882,752,-2.4609375,12.28125,33.4296875,-78.3125,557.25,-0.28857421875,0.0537109375,nan,nan,ok,
pm_periodic,hernquist3d,2005,1024,0.1,8,16,600,,nan,nan,511.15625,37.046875,1.59912109375,1303.2763528398332,149258152.5490593,0.20311354472140764,1.23046943942851,791,-10.109375,-8.24609375,-2.24609375,-76.0,16.0625,-0.3203125,-0.4931640625,nan,nan,ok,
pm_periodic,hernquist3d,2006,1024,0.1,8,16,600,,nan,nan,488.875,30.390625,1.31396484375,1208.518813526954,110633733.86515453,0.1856900659824047,1.2554017726273328,811,-12.375,-16.71484375,-11.74609375,-139.0,-204.8125,-0.6826171875,-0.61767578125,nan,nan,ok,
pm_periodic,hernquist3d,2007,1024,0.1,8,16,600,,nan,nan,597.5,39.78125,1.791015625,1357.3242796681734,201133440.8910191,0.22039192326490714,1.2289853721847899,769,-7.87890625,-11.84765625,11.35546875,-94.65625,84.5,-0.47412109375,-0.3828125,nan,nan,ok,
pm_periodic,hernquist3d,2008,1024,0.1,8,16,600,,nan,nan,539.9375,34.328125,1.39404296875,1244.809098011479,178655263.7322257,0.1982068670576735,1.2246383061229122,813,-6.16796875,-2.38671875,0.09765625,-65.6875,168.71875,-0.35546875,-0.46240234375,nan,nan,ok,
pm_periodic,hernquist3d,2009,1024,0.1,8,16,600,,nan,nan,551.34375,36.9765625,1.609375,1320.2198668014087,159017773.59128636,0.20428580156402737,1.2108693915879032,789,-10.125,-9.7578125,-8.0,-73.59375,-155.3125,-0.48486328125,-0.294921875,nan,nan,ok,
pm_periodic,hernquist3d,2010,1024,0.1,8,16,600,,nan,nan,576.625,36.55078125,1.8720703125,1321.1587112145994,158650255.37921542,0.2061759225317693,1.2312204478665183,760,-6.90625,-10.96484375,-4.11328125,-159.25,-131.34375,-0.509765625,-0.30029296875,nan,nan,ok,
pm_periodic,hernquist3d,2011,1024,0.1,8,16,600,,nan,nan,542.3125,39.5234375,1.72705078125,1367.7287315323188,128128274.70277679,0.21192265395894427,1.2296147081126296,774,-12.625,-13.66796875,-6.9140625,-82.1875,-43.15625,-0.6318359375,-0.5703125,nan,nan,ok,
pm_periodic,hernquist3d,2012,1024,0.1,8,16,600,,nan,nan,494.375,33.53515625,1.4111328125,1227.5137572192207,132061634.65071118,0.19344147116324537,1.2206478782205803,804,-11.25,-11.953125,-2.4375,-75.96875,-3.625,-0.3896484375,-0.2353515625,nan,nan,ok,
pm_periodic,hernquist3d,2013,1024,0.1,8,16,600,,nan,nan,535.78125,33.21875,1.31201171875,1204.3739957781686,145306909.1944914,0.18777301747311828,1.201703723336057,803,-9.4140625,-9.015625,-1.4609375,-137.34375,160.71875,-0.365234375,-0.4462890625,nan,nan,ok,
pm_periodic,hernquist3d,2014,1024,0.1,8,16,600,,nan,nan,461.90625,31.18359375,1.35595703125,1204.7563051270297,122112757.33646742,0.18399659396383186,1.2340354890824958,813,-9.91015625,-10.02734375,-4.46484375,-90.09375,-95.40625,-0.47265625,-0.38037109375,nan,nan,ok,
pm_periodic,hernquist3d,2015,1024,0.1,8,16,600,,nan,nan,549.375,37.57421875,1.5595703125,1332.8485494630443,119338346.44610363,0.20714962121212122,1.2104955328786307,764,-11.48046875,-14.390625,-4.546875,-121.625,-63.40625,-0.587890625,-0.4345703125,nan,nan,ok,
pm_periodic,hernquist3d,2016,1024,0.1,8,16,600,,nan,nan,527.9375,34.66796875,1.42431640625,1220.0012705977138,136548290.04532892,0.19004879948680353,1.2280933671585386,796,-13.56640625,-15.65625,-13.12109375,-141.625,-190.28125,-0.60888671875,-0.55810546875,nan,nan,ok,
pm_periodic,hernquist3d,2017,1024,0.1,8,16,600,,nan,nan,540.53125,32.5703125,1.37548828125,1223.4190945273365,133953706.74432953,0.1956007911779081,1.2455529044878961,805,-12.32421875,-15.453125,-12.28515625,-157.46875,-223.75,-0.63916015625,-0.599609375,nan,nan,ok,
pm_periodic,hernquist3d,2018,1024,0.1,8,16,600,,nan,nan,574.46875,38.42578125,1.43505859375,1341.298962999714,141496165.60943246,0.21388532502443794,1.199638296009928,785,-12.1953125,-11.1484375,0.91796875,-108.1875,-49.46875,-0.1181640625,0.10546875,nan,nan,ok,
pm_periodic,hernquist3d,2019,1024,0.1,8,16,600,,nan,nan,503.8125,31.078125,1.24755859375,1160.6913821281519,121593133.54106537,0.18124732710166178,1.2151291274657396,822,-10.78515625,-15.09765625,-11.23828125,-104.21875,-166.3125,-0.44091796875,-0.55859375,nan,nan,ok,
pm_periodic,hernquist3d,2020,1024,0.1,8,16,600,,nan,nan,537.78125,35.57421875,1.46044921875,1252.6023754166613,130410855.21603072,0.19527049731182797,1.2196378424188246,796,-13.06640625,-16.15234375,-9.38671875,-144.4375,-184.875,-0.42138671875,-0.43896484375,nan,nan,ok,
pm_periodic,hernquist3d,2021,1024,0.1,8,16,600,,nan,nan,539.40625,36.12109375,1.56591796875,1300.6588915298048,130084630.74005188,0.20609573558162267,1.200352319388256,800,-8.671875,-6.83984375,3.93359375,-45.34375,165.875,-0.64697265625,-0.498046875,nan,nan,ok,
pm_periodic,hernquist3d,2022,1024,0.1,8,16,600,,nan,nan,556.0625,38.0390625,1.71630859375,1337.0703086049323,130436815.1004212,0.20894619073802542,1.21256941759802,775,-9.65234375,-6.35546875,3.9765625,-125.53125,207.84375,-0.52490234375,-0.41943359375,nan,nan,ok,
pm_periodic,hernquist3d,2023,1024,0.1,8,16,600,,nan,nan,561.125,37.91015625,1.58642578125,1342.2344335502348,154250760.87503833,0.21365812866568915,1.2310149764781797,776,-6.625,-10.046875,7.46875,-97.625,7.40625,-0.349609375,-0.17333984375,nan,nan,ok,
pm_periodic,hernquist3d,2024,1024,0.1,8,16,600,,nan,nan,491.75,35.734375,1.46044921875,1308.489108112961,137988704.306635,0.19540796065493646,1.2170497845247266,788,-10.3515625,-9.45703125,5.2734375,-86.9375,260.90625,-0.3671875,-0.43798828125,nan,nan,ok,
pm_periodic,hernquist3d,2025,1024,0.1,8,16,600,,nan,nan,552.25,34.6171875,1.498046875,1293.6978584766266,128648589.34231253,0.20123296981915934,1.2240384985928743,801,-10.5703125,-5.83984375,1.21875,-136.21875,-23.78125,-0.5966796875,-0.513671875,nan,nan,ok,
pm_periodic,hernquist3d,2026,1024,0.1,8,16,600,,nan,nan,465.5625,28.72265625,1.3046875,1148.9295010640512,124087090.59808862,0.17063592069892472,1.2238050286392022,841,-10.90234375,-14.79296875,-10.3828125,-103.625,-124.125,-0.64794921875,-0.685546875,nan,nan,ok,
pm_periodic,hernquist3d,2027,1024,0.1,8,16,600,,nan,nan,505.6875,31.92578125,1.5556640625,1220.562541116968,125092995.25611171,0.19126114980449657,1.2221302584185274,794,-8.04296875,-10.3671875,-11.234375,-103.53125,-184.375,-0.5732421875,-0.61181640625,nan,nan,ok,
pm_periodic,hernquist3d,2028,1024,0.1,8,16,600,,nan,nan,582.6875,37.84375,1.5771484375,1331.6999283487185,136344714.3415699,0.21794431207233628,1.2055006853499501,768,-8.56640625,-12.6484375,2.6328125,-108.34375,5.28125,-0.35595703125,-0.35400390625,nan,nan,ok,
pm_periodic,hernquist3d,2029,1024,0.1,8,16,600,,nan,nan,509.59375,34.06640625,1.58544921875,1249.4981311097793,175491319.96466655,0.19650384897360704,1.2618060984256068,781,-14.359375,-13.171875,-10.38671875,-98.9375,-154.125,-0.7099609375,-0.748046875,nan,nan,ok,
pm_periodic,plummer3d,2000,1024,0.1,8,16,600,,nan,nan,1320.28125,89.8359375,2.8193359375,2305.9244083341246,68320138.15536341,0.4698248869745846,1.5548910184763534,597,-56.875,-58.57421875,-55.71875,-616.03125,-702.78125,-1.89306640625,-1.8583984375,nan,nan,ok,
pm_periodic,plummer3d,2001,1024,0.1,8,16,600,,nan,nan,1234.78125,80.4921875,2.3740234375,2235.038379228534,73765077.89364463,0.436350653714565,1.5154543055304845,609,-54.8984375,-63.78125,-48.5078125,-542.4375,-605.0,-1.63671875,-1.4521484375,nan,nan,ok,
pm_periodic,plummer3d,2002,1024,0.1,8,16,600,,nan,nan,1263.40625,85.75390625,2.37890625,2226.8828628921506,66032886.105562076,0.4390140059872923,1.5175082114059322,628,-56.16015625,-62.453125,-53.96875,-547.28125,-519.0625,-1.587890625,-1.537109375,nan,nan,ok,
pm_periodic,plummer3d,2003,1024,0.1,8,16,600,,nan,nan,1230.71875,79.7578125,2.2646484375,2171.66956343381,71255902.41080949,0.41714587915444773,1.5239729003307647,624,-50.8125,-60.4609375,-52.58203125,-597.6875,-722.1875,-1.5263671875,-1.51708984375,nan,nan,ok,
pm_periodic,plummer3d,2004,1024,0.1,8,16,600,,nan,nan,1327.625,96.375,2.9521484375,2415.2746275456784,78624289.39965181,0.4887795546187683,1.5079102733871315,565,-47.83203125,-35.63671875,-37.53125,-492.75,-389.3125,-1.49609375,-1.30712890625,nan,nan,ok,
pm_periodic,plummer3d,2005,1024,0.1,8,16,600,,nan,nan,1263.65625,87.43359375,2.61767578125,2262.317370335507,68183315.79756282,0.44690287451124144,1.5363740196867837,592,-55.8125,-56.87109375,-50.84765625,-573.28125,-636.65625,-1.71435546875,-1.6064453125,nan,nan,ok,
pm_periodic,plummer3d,2006,1024,0.1,8,16,600,,nan,nan,1273.90625,81.77734375,2.255859375,2224.435453644183,70083171.07299966,0.43701315065982405,1.5637692103368401,622,-59.046875,-67.62109375,-55.29296875,-683.625,-729.21875,-1.583984375,-1.5283203125,nan,nan,ok,
pm_periodic,plummer3d,2007,1024,0.1,8,16,600,,nan,nan,1350.21875,94.328125,2.8515625,2370.281008087058,73082982.03459579,0.4838976967253177,1.5325008125166066,572,-55.33203125,-55.80078125,-56.69921875,-571.1875,-789.875,-1.68310546875,-1.658203125,nan,nan,ok,
pm_periodic,plummer3d,2008,1024,0.1,8,16,600,,nan,nan,1258.25,87.76171875,2.4453125,2294.614097770591,73463598.03979245,0.4517121823069404,1.5278486173772678,628,-53.52734375,-57.65625,-48.8203125,-527.4375,-442.25,-1.5166015625,-1.33984375,nan,nan,ok,
pm_periodic,plummer3d,2009,1024,0.1,8,16,600,,nan,nan,1293.09375,90.6328125,2.69384765625,2301.4151576151544,78378335.18422863,0.46508049242424243,1.520895624017905,588,-54.27734375,-55.8671875,-51.765625,-533.40625,-656.34375,-1.5986328125,-1.6904296875,nan,nan,ok,
pm_periodic,plummer3d,2010,1024,0.1,8,16,600,,nan,nan,1346.40625,93.85546875,2.83447265625,2310.672107868038,71078574.43464215,0.47221331256109483,1.5326834525557769,593,-57.57421875,-59.953125,-56.19140625,-577.96875,-766.15625,-1.791015625,-1.52978515625,nan,nan,ok,
pm_periodic,plummer3d,2011,1024,0.1,8,16,600,,nan,nan,1294.34375,88.98046875,2.76123046875,2303.8096839582063,69607871.02961469,0.463419477028348,1.5364368768399714,581,-55.2578125,-53.88671875,-49.6640625,-558.8125,-702.46875,-1.82275390625,-1.75390625,nan,nan,ok,
pm_periodic,plummer3d,2012,1024,0.1,8,16,600,,nan,nan,1313.25,85.34765625,2.4619140625,2271.1511712965466,69837723.98790963,0.4451368523949169,1.5264141305471168,607,-53.859375,-55.515625,-52.2890625,-606.40625,-717.15625,-1.56640625,-1.47998046875,nan,nan,ok,
pm_periodic,plummer3d,2013,1024,0.1,8,16,600,,nan,nan,1283.0,89.8515625,2.4443359375,2292.765504590505,69818062.0947663,0.449655959799609,1.503391883254237,625,-56.265625,-53.05078125,-50.2890625,-606.03125,-460.28125,-1.564453125,-1.4521484375,nan,nan,ok,
pm_periodic,plummer3d,2014,1024,0.1,8,16,600,,nan,nan,1260.96875,79.12890625,2.31201171875,2197.7597908966086,64231022.93045731,0.43002352150537637,1.5451939649545405,611,-53.25390625,-61.140625,-50.4375,-641.1875,-707.0,-1.61767578125,-1.515625,nan,nan,ok,
pm_periodic,plummer3d,2015,1024,0.1,8,16,600,,nan,nan,1279.40625,88.07421875,2.53857421875,2243.3051592628703,76784139.70308986,0.44525713282013685,1.5090781503191817,595,-58.88671875,-50.640625,-50.97265625,-580.03125,-589.90625,-1.6826171875,-1.5107421875,nan,nan,ok,
pm_periodic,plummer3d,2016,1024,0.1,8,16,600,,nan,nan,1282.59375,89.4921875,2.50146484375,2295.820202731805,71410763.63074389,0.4461945564516129,1.5281216557901305,612,-59.51953125,-65.7265625,-58.625,-636.46875,-725.34375,-1.68603515625,-1.57958984375,nan,nan,ok,
pm_periodic,plummer3d,2017,1024,0.1,8,16,600,,nan,nan,1222.96875,88.140625,2.44677734375,2303.510617429606,74246535.81437662,0.44381376771749753,1.5538004657954603,610,-59.45703125,-66.109375,-59.140625,-529.1875,-687.21875,-1.64404296875,-1.65625,nan,nan,ok,
pm_periodic,plummer3d,2018,1024,0.1,8,16,600,,nan,nan,1260.96875,94.26953125,2.64794921875,2327.400527083959,65875220.23848866,0.4636963129276637,1.506076729870426,574,-53.765625,-47.05859375,-50.46875,-550.0625,-612.375,-1.53564453125,-1.2705078125,nan,nan,ok,
pm_periodic,plummer3d,2019,1024,0.1,8,16,600,,nan,nan,1249.875,84.29296875,2.23095703125,2253.196218021175,68597572.34680626,0.43854815799120234,1.521102715337181,624,-60.0078125,-66.0234375,-53.8046875,-613.90625,-512.09375,-1.50927734375,-1.48193359375,nan,nan,ok,
pm_periodic,plummer3d,2020,1024,0.1,8,16,600,,nan,nan,1217.21875,87.31640625,2.5048828125,2233.304568480872,67832719.6778619,0.43653584738514173,1.518439941059606,600,-57.9765625,-63.94921875,-54.6640625,-527.3125,-546.75,-1.65576171875,-1.5908203125,nan,nan,ok,
pm_periodic,plummer3d,2021,1024,0.1,8,16,600,,nan,nan,1293.8125,92.09765625,2.6298828125,2336.174340218388,67587300.53702775,0.46097186583577715,1.4990809224654722,587,-57.21484375,-61.10546875,-53.65234375,-511.0625,-663.0,-1.6904296875,-1.52392578125,nan,nan,ok,
pm_periodic,plummer3d,2022,1024,0.1,8,16,600,,nan,nan,1249.59375,89.61328125,2.6484375,2279.3285071251485,65466533.152345866,0.4600764448924731,1.5156308964616811,589,-55.96875,-53.859375,-41.109375,-537.59375,-403.40625,-1.7470703125,-1.35107421875,nan,nan,ok,
pm_periodic,plummer3d,2023,1024,0.1,8,16,600,,nan,nan,1344.0,92.328125,2.7060546875,2338.5926134403185,72267592.77023755,0.4686182642961877,1.5443833459225895,564,-54.9609375,-54.7421875,-52.046875,-570.40625,-692.4375,-1.63525390625,-1.42578125,nan,nan,ok,
pm_periodic,plummer3d,2024,1024,0.1,8,16,600,,nan,nan,1226.46875,84.20703125,2.5615234375,2219.31431418027,73664873.24121039,0.43358229472140764,1.5253526200974559,600,-53.1171875,-52.70703125,-44.6015625,-523.03125,-568.1875,-1.69921875,-1.52978515625,nan,nan,ok,
pm_periodic,plummer3d,2025,1024,0.1,8,16,600,,nan,nan,1265.21875,89.7109375,2.58984375,2309.9410668911733,65525544.76465225,0.45589908663245354,1.5352303035390733,607,-54.76953125,-54.390625,-55.984375,-583.875,-670.9375,-1.6357421875,-1.5859375,nan,nan,ok,
pm_periodic,plummer3d,2026,1024,0.1,8,16,600,,nan,nan,1243.25,80.88671875,2.16748046875,2184.296271606986,73797594.61890727,0.41908373044965785,1.5272427931978776,645,-55.43359375,-65.59375,-51.234375,-612.96875,-718.5625,-1.4462890625,-1.41845703125,nan,nan,ok,
pm_periodic,plummer3d,2027,1024,0.1,8,16,600,,nan,nan,1271.5,85.94140625,2.52490234375,2266.652755727745,71256157.58995926,0.44103013501955035,1.5220198478873357,618,-56.1640625,-63.56640625,-52.19921875,-590.9375,-629.5625,-1.6611328125,-1.6328125,nan,nan,ok,
pm_periodic,plummer3d,2028,1024,0.1,8,16,600,,nan,nan,1339.0,92.0234375,2.5947265625,2334.2025177417336,68082993.2743726,0.4676025629276637,1.5041423776429532,603,-53.58984375,-51.28125,-43.76171875,-618.53125,-188.78125,-1.4931640625,-1.4853515625,nan,nan,ok,
pm_periodic,plummer3d,2029,1024,0.1,8,16,600,,nan,nan,1251.21875,89.03515625,2.56103515625,2296.53681563582,75075262.9131751,0.4558475378787879,1.577631806278041,605,-60.59375,-69.37890625,-60.0078125,-623.5625,-659.3125,-1.77685546875,-1.78857421875,nan,nan,ok,
direct_isolated,bimodal3d,2000,2048,0.02,8,16,600,0.0007509777139923311,3.056860256587287,13.89202294955285,2801.78125,357.33984375,22.09027099609375,45423.31947143157,210482192.9733984,0.036738351254480286,2.1528210351516317,758,-341.78065490722656,-353.7842445373535,-354.12066650390625,-2215.7119140625,-2691.62890625,-21.482168436050415,-21.939446449279785,0.2770920469145799,2.632311650367528,ok,
direct_isolated,bimodal3d,2001,2048,0.02,8,16,600,0.0006885557961292769,3.2894525293277916,18.893991820287926,2754.7646484375,353.53489685058594,21.277705907821655,41299.43514605259,159701681.39383668,0.03368146096781779,2.2304488356950913,751,-342.0877265930176,-351.6384468078613,-352.8681640625,-2323.911376953125,-2742.28125,-20.761899292469025,-21.213211059570312,0.33532018001541664,2.952959982172575,ok,
direct_isolated,bimodal3d,2002,2048,0.02,8,16,600,0.0007144889880780499,3.0753215624019417,13.92501325132013,2814.77734375,359.25872802734375,21.567336082458496,42938.54463060333,186441358.3897102,0.03447005919016864,2.146074905860459,817,-343.6271095275879,-356.1430206298828,-357.080078125,-2197.306884765625,-2784.4375,-20.949099123477936,-21.439605712890625,0.27465239180646994,2.4401106663132275,ok,
direct_isolated,bimodal3d,2003,2048,0.02,8,16,600,0.0007775133157561287,3.1032893382912623,15.106378092752902,2825.7802734375,359.84812927246094,21.110786199569702,44305.16515676249,207145355.53297517,0.034792961511984605,2.1706311102074034,757,-345.9771919250488,-357.5215301513672,-358.2212371826172,-2320.087158203125,-2767.5341796875,-20.527750313282013,-21.009316205978394,0.30010173829642495,2.665432414002359,ok,
direct_isolated,bimodal3d,2004,2048,0.02,8,16,600,0.0009808282207429656,2.919936374987771,11.304185396237203,2878.4375,379.3046875,24.41253662109375,54086.39278035336,257737344.9774157,0.041045826932923704,2.1648895816606237,779,-361.52247619628906,-374.43853759765625,-370.2952308654785,-2223.2822265625,-2696.847900390625,-23.758590936660767,-24.104619085788727,0.26337421986640497,2.455440427396325,ok,
direct_isolated,bimodal3d,2005,2048,0.02,8,16,600,0.0008003262110262491,3.0686044939259154,14.409254553869223,2891.1787109375,355.64195251464844,22.051229238510132,46326.55525075838,202528485.08609802,0.03621176460224027,2.169158762607171,762,-340.3271484375,-352.5179634094238,-353.4335174560547,-2314.34375,-2830.3388671875,-21.453292846679688,-21.931395292282104,0.288712615148044,2.695842300418893,ok,
direct_isolated,bimodal3d,2006,2048,0.02,8,16,600,0.0007484643982850077,2.971035183465986,12.469119913118492,2865.124755859375,365.65844345092773,22.39447396993637,44789.5662027051,185993586.3765176,0.03583970772245437,2.1335608985775734,783,-348.0855827331543,-362.23266220092773,-363.394344329834,-2207.617919921875,-2806.534912109375,-21.75112360715866,-22.28274244070053,0.25517280187717684,2.490955685415409,ok,
direct_isolated,bimodal3d,2007,2048,0.02,8,16,600,0.0008672593577920718,2.9397775544630935,11.213832134819,2869.55859375,372.45208740234375,23.39054775238037,48915.170545874375,223634309.78489485,0.03868979064449701,2.1493400100270588,782,-354.1921730041504,-365.2439308166504,-363.1107521057129,-2254.595947265625,-2669.322509765625,-22.719463884830475,-23.07616287469864,0.27357564051836625,2.4618388916753107,ok,
direct_isolated,bimodal3d,2008,2048,0.02,8,16,600,0.000738315625478405,3.006558415035587,13.259725522110555,2807.02734375,358.82855224609375,22.292853355407715,45956.34169341679,214946685.13559285,0.03683397060098475,2.144788821990233,817,-344.0791358947754,-355.3917579650879,-354.55868911743164,-2243.174072265625,-2713.459228515625,-21.68394523859024,-22.134309351444244,0.28066072063829217,2.4855265035341723,ok,
direct_isolated,bimodal3d,2009,2048,0.02,8,16,600,0.0009089351251255375,2.95589848611227,11.365571304596777,2844.718505859375,363.39623641967773,22.80657571554184,49603.73599477459,233479700.8036644,0.0385628146399521,2.1415723769925727,774,-343.215145111084,-353.82049560546875,-352.27929306030273,-2114.597412109375,-2629.202880859375,-22.114598214626312,-22.474243104457855,0.25173230398248647,2.472829414560506,ok,
direct_isolated,bimodal3d,2010,2048,0.02,8,16,600,0.0008558635742112469,2.936512602708891,11.492759336254023,2827.8349609375,368.30308532714844,23.178624868392944,48698.84293904782,219312053.83082265,0.038534554702842186,2.133071704600979,687,-350.6219940185547,-363.8744354248047,-362.38731384277344,-2166.3701171875,-2685.2568359375,-22.555006742477417,-22.953622579574585,0.2573381347463828,2.342932732081823,ok,
direct_isolated,bimodal3d,2011,2048,0.02,8,16,600,0.0009304466726058651,2.9451330172933883,12.103528923726577,2899.21484375,368.87396240234375,23.46525478363037,49900.14608177989,218174478.60803625,0.03915393763722983,2.1339827137160947,768,-351.1939239501953,-365.225284576416,-366.3486328125,-2162.0048828125,-2851.59375,-22.78983426094055,-23.346206665039062,0.2568485294421221,2.333510810573424,ok,
direct_isolated,bimodal3d,2012,2048,0.02,8,16,600,0.0008277461016970284,3.0360617104744194,13.86507086534826,2865.2099609375,366.09898376464844,22.586385488510132,48054.129109845875,221038690.50666666,0.03737022392475447,2.16967740763624,792,-350.1028633117676,-362.58452224731445,-364.12657165527344,-2254.192626953125,-2827.9130859375,-21.963002502918243,-22.492883443832397,0.2876476678196095,2.68886948143429,ok,
direct_isolated,bimodal3d,2013,2048,0.02,8,16,600,0.0007584076958233181,3.0896035623918072,14.581668206118678,2775.265625,359.275146484375,22.60195541381836,44272.13012170606,172345399.68795177,0.03582133846279059,2.175127823681815,739,-345.1389808654785,-356.74147033691406,-357.443359375,-2274.629150390625,-2737.34375,-22.017033636569977,-22.485870361328125,0.2979660587500752,2.6353274941379112,ok,
direct_isolated,bimodal3d,2014,2048,0.02,8,16,600,0.0007545152544945721,3.034289430990661,13.088590954107522,2852.175537109375,365.273006439209,21.849572122097015,43105.99234097792,182051191.59037915,0.034642168963937466,2.1425715017929248,760,-348.19329833984375,-361.25593185424805,-361.71760177612305,-2275.24609375,-2791.535888671875,-21.19863796234131,-21.700329959392548,0.2732003851364395,2.4972508257315353,ok,
direct_isolated,bimodal3d,2015,2048,0.02,8,16,600,0.0008453249940984337,3.0278677535637857,13.09487223984627,2807.6943359375,359.92295837402344,22.387101888656616,47486.43336981025,216981584.2634076,0.03724387933456488,2.1461735404143263,793,-342.0399360656738,-356.7452850341797,-356.96171951293945,-2112.790283203125,-2744.534423828125,-21.73252707719803,-22.265789806842804,0.25631209934709775,2.4720841217604024,ok,
direct_isolated,bimodal3d,2016,2048,0.02,8,16,600,0.0008449537528801072,3.0567855757115123,13.78067328349323,2826.1865234375,366.07371520996094,22.95354437828064,46737.66981083721,206191871.19084996,0.03698847264380336,2.1655403222305396,753,-349.7139778137207,-362.49778747558594,-361.8349609375,-2212.960205078125,-2741.25,-22.32740956544876,-22.784103393554688,0.29049576603158633,2.5784105714001617,ok,
direct_isolated,bimodal3d,2017,2048,0.02,8,16,600,0.0007605508378608249,3.0251806435009003,12.773201067707177,2836.306396484375,356.36782455444336,21.333414494991302,43847.76995724074,186295331.3784746,0.034612120897254156,2.13524518258706,792,-338.9060478210449,-352.04998779296875,-351.90005111694336,-2214.065185546875,-2754.931396484375,-20.690273940563202,-21.153498113155365,0.27042457859435576,2.558121432524722,ok,
direct_isolated,bimodal3d,2018,2048,0.02,8,16,600,0.0008171322357052918,3.1088938024533634,14.042711475395906,2869.562255859375,350.84203720092773,22.89300912618637,45247.25487826136,197119043.53282726,0.036854888212101894,2.180365384229215,766,-334.8855094909668,-346.65203857421875,-344.0778503417969,-2305.938232421875,-2725.388671875,-22.29969424009323,-22.681331157684326,0.29330265093072416,2.6169013418615075,ok,
direct_isolated,bimodal3d,2019,2048,0.02,8,16,600,0.0007244282856601596,3.0604065290786706,14.521893060074367,2809.671875,363.181396484375,21.74703598022461,41271.417928079005,167954904.30966428,0.033827388197780854,2.1651205942660883,770,-348.9748878479004,-360.90948486328125,-361.837345123291,-2296.845947265625,-2770.199462890625,-21.17468696832657,-21.650137960910797,0.2884221020816039,2.6782798763841535,ok,
direct_isolated,bimodal3d,2020,2048,0.02,8,16,600,0.0008361037925917009,3.009282903174644,12.976337766122471,2798.9365234375,355.56297302246094,22.951606512069702,47286.26165001774,205678042.0257653,0.037428635586611914,2.145210189614305,793,-339.3321113586426,-352.37767028808594,-350.47612380981445,-2198.552001953125,-2695.737548828125,-22.329072296619415,-22.751610577106476,0.28126945492287847,2.476487107037644,ok,
direct_isolated,bimodal3d,2021,2048,0.02,8,16,600,0.0007790757153990876,2.996311366954264,12.452954798530879,2863.591552734375,365.8932762145996,23.473094403743744,46005.58232795288,196283123.51750004,0.037825985152940035,2.156786123517316,729,-349.6630516052246,-361.94989013671875,-359.6446342468262,-2286.919677734375,-2755.490966796875,-22.86195319890976,-23.261872947216034,0.27060533172927215,2.4611901236909963,ok,
direct_isolated,bimodal3d,2022,2048,0.02,8,16,600,0.000871979540890101,2.9780300802073127,11.873255854432367,2837.644287109375,361.035213470459,22.492585122585297,49031.71974873537,220318818.42452925,0.03863094163911799,2.1470955823044697,780,-343.634521484375,-355.626033782959,-352.10754013061523,-2178.546875,-2565.366943359375,-21.86501693725586,-22.229371964931488,0.2613089595921191,2.4024803090762283,ok,
direct_isolated,bimodal3d,2023,2048,0.02,8,16,600,0.0008574430623229433,3.002971551139004,12.527896936818578,2880.843505859375,381.11108016967773,23.83196634054184,49212.22314488795,214056433.94150764,0.03943216344151732,2.1744434725675013,832,-363.0246887207031,-374.99456787109375,-373.28778076171875,-2225.830078125,-2752.94921875,-23.180683612823486,-23.588480949401855,0.2772975800456149,2.474275326441621,ok,
direct_isolated,bimodal3d,2024,2048,0.02,8,16,600,0.0008736704127427398,2.8937022409570634,9.905688836923662,2859.9052734375,367.50047302246094,23.165961980819702,47595.374094886945,210552314.86782634,0.037511676026323326,2.1144490970224545,755,-345.630859375,-358.52000427246094,-356.5794258117676,-2137.71875,-2629.348876953125,-22.442291259765625,-22.794362366199493,0.22857616171938044,2.1346009523799405,ok,
direct_isolated,bimodal3d,2025,2048,0.02,8,16,600,0.0008388059165343831,2.989053353667361,13.47110649963776,2819.0537109375,372.45933532714844,23.633702993392944,46263.80858027262,192066091.3408151,0.03811752585999817,2.1649619341265063,707,-358.36265563964844,-369.9167060852051,-370.9317626953125,-2266.1162109375,-2788.1640625,-23.037404775619507,-23.529024124145508,0.2727519890509005,2.4992968478840742,ok,
direct_isolated,bimodal3d,2026,2048,0.02,8,16,600,0.0006802239865493172,3.0814754128066153,14.487602620207504,2849.029052734375,364.2043113708496,22.18254417181015,41930.3339231835,153170011.5964024,0.03390141021728546,2.1595555015042067,742,-348.5806694030762,-361.7834129333496,-362.82696533203125,-2270.459716796875,-2824.51953125,-21.58313912153244,-22.07932758331299,0.29325845316719623,2.643878602274371,ok,
direct_isolated,bimodal3d,2027,2048,0.02,8,16,600,0.0006602776662574906,3.0713032509670386,14.121990397481834,2866.073974609375,365.6171226501465,22.297820031642914,44968.48285681579,187085717.5923362,0.0359849704777241,2.17873645173817,758,-350.41339111328125,-361.9873352050781,-363.4193115234375,-2290.26953125,-2805.7421875,-21.70171070098877,-22.17439842224121,0.31081764211906426,2.6054547245220205,ok,
direct_isolated,bimodal3d,2028,2048,0.02,8,16,600,0.0008996595792080208,2.9798911105163555,12.320547109420524,2837.0302734375,371.66844177246094,23.181098699569702,48205.34697234678,218425011.81675342,0.038759248076188864,2.1672032514861805,712,-354.83427810668945,-367.0799560546875,-365.6877632141113,-2264.003173828125,-2716.251220703125,-22.546086132526398,-22.975010216236115,0.28092162206025884,2.5096894290035205,ok,
direct_isolated,bimodal3d,2029,2048,0.02,8,16,600,0.0008241457134688447,2.986209050022039,11.962864143154402,2801.175537109375,351.944881439209,22.746056497097015,46092.26374009305,188588341.10306227,0.03597109990793315,2.1387745216332434,744,-334.896297454834,-345.6733703613281,-344.08001708984375,-2203.128662109375,-2645.74609375,-22.094845712184906,-22.50796413421631,0.27618322611037205,2.4504544151628798,ok,
direct_isolated,cold_clumpy3d,2000,2048,0.02,8,16,600,0.0012555434581813967,0.005297802177227853,0.8852935723593496,8793.6875,878.56640625,36.97021484375,74226.33507899693,492340213.9940803,0.052402811278700535,0.08769608760409162,751,78.859375,420.4185447692871,9.123519897460938,2698.53125,3220.3740234375,41.001953125,29.106910467147827,-0.20963945340146173,-0.47341661986013645,ok,
direct_isolated,cold_clumpy3d,2001,2048,0.02,8,16,600,0.0013299088268650936,0.005889265157657625,0.9027104816124587,8456.90625,879.87890625,37.83642578125,74981.6201772571,521417661.907894,0.05381923241328774,0.09097152900933439,705,-17.6640625,71.81435775756836,329.8628807067871,3807.53125,20596.677490234375,29.76220703125,4.323510587215424,-0.10717657848341566,-0.47082608270863424,ok,
direct_isolated,cold_clumpy3d,2002,2048,0.02,8,16,600,0.0019022083888065378,0.0055603183744870974,0.8711917274070908,6950.125,632.015625,34.64599609375,73303.9101176103,501316732.5827534,0.05307834254396678,0.0871255336766844,541,144.72265625,508.167724609375,420.2890281677246,1735.03125,7540.357177734375,24.435546875,42.27627509832382,-0.10622536584806608,-0.6200233268013557,ok,
direct_isolated,cold_clumpy3d,2003,2048,0.02,8,16,600,0.00057019655838161,0.00564814233633356,0.8677913945417178,9381.90625,643.94140625,40.9951171875,76689.64443832004,544626150.6081948,0.05467557324743527,0.08893402043581744,630,193.9609375,1459.1151390075684,138.45547103881836,4403.09375,1534.853271484375,12.47802734375,24.028936803340912,-0.07956855313196343,-0.55652816241435,ok,
direct_isolated,cold_clumpy3d,2004,2048,0.02,8,16,600,0.0013909826952344365,0.005083724237177718,0.8718270077151342,9708.21875,879.90234375,43.8349609375,76343.46719821742,523782436.0180299,0.054906475177088424,0.08922764208377634,1097,137.23046875,499.3106346130371,380.46072006225586,1577.84375,1906.720458984375,25.02001953125,41.93722194433212,-0.062364793492901416,-0.38410770621225004,ok,
direct_isolated,cold_clumpy3d,2005,2048,0.02,8,16,600,0.0001380960802711322,0.005358805455264495,0.8542343523165387,7788.0,643.1328125,40.158203125,73346.05610680941,492858273.82573235,0.05210750488519785,0.08743668158984176,673,390.6328125,398.14648056030273,944.637020111084,2625.09375,9923.659912109375,18.83642578125,31.106358468532562,-0.1224027920706674,-0.4076931296182264,ok,
direct_isolated,cold_clumpy3d,2006,2048,0.02,8,16,600,0.0012981547881519395,0.005291076094459682,0.9012987023685992,7943.09375,758.06640625,35.72607421875,72949.13948776363,479396286.740271,0.052042146281143134,0.08732943983936034,575,705.28125,824.7327728271484,1082.5687217712402,9840.0625,10457.507568359375,37.365234375,48.555791795253754,-0.1307366359596709,-0.572712496697234,ok,
direct_isolated,cold_clumpy3d,2007,2048,0.02,8,16,600,0.0017257414822653325,0.005185917731057818,0.9122929766413553,9484.3125,722.16015625,36.740234375,73078.94018697584,501488449.1315452,0.0524967940889106,0.08800090303710986,803,433.66015625,256.9107322692871,901.6591796875,4603.6875,10863.34375,41.3056640625,35.52110290527344,-0.1884911359834655,-0.44957807256051396,ok,
direct_isolated,cold_clumpy3d,2008,2048,0.02,8,16,600,0.0018040301886631893,0.004832769423330538,0.8274666312872028,12418.53125,1384.84765625,40.32373046875,88028.66077374016,528536325.6627699,0.06487676325109917,0.0877288350302482,488,-164.71484375,1436.48828125,-141.68067932128906,-1613.5,1751.4990234375,54.6787109375,58.02958655357361,-0.05592795090658309,-0.557699741339911,ok,
direct_isolated,cold_clumpy3d,2009,2048,0.02,8,16,600,0.0012454541350903799,0.00537509604173596,0.8812396321928895,9193.59375,725.859375,35.6357421875,79937.06979106179,553808229.687118,0.054480451575476305,0.08744658129505656,806,306.4375,289.24023056030273,618.8633880615234,4346.71875,6170.1630859375,35.6201171875,7.167115926742554,-0.08927240315310392,-0.47363441064258227,ok,
direct_isolated,cold_clumpy3d,2010,2048,0.02,8,16,600,0.0014005051768814015,0.004662576365687702,0.8802189254835123,9541.1875,731.55859375,35.83837890625,73303.40475471495,490326767.5682727,0.051895208689545676,0.08623849593763133,1286,974.29296875,709.1710052490234,705.1811370849609,26428.25,27150.1865234375,88.73779296875,63.038535833358765,-0.2522258071810244,-0.30119634630952374,ok,
direct_isolated,cold_clumpy3d,2011,2048,0.02,8,16,600,0.0002682394136574745,0.00525920502168258,0.8784333531657356,10592.46875,908.37890625,35.6796875,73067.58639082329,506098360.91176724,0.052995809416218856,0.08817532560389682,721,320.58984375,615.4433555603027,1139.2850303649902,2015.4375,13159.320068359375,22.5380859375,35.6037272810936,-0.09995419972038871,-0.4331992040263754,ok,
direct_isolated,cold_clumpy3d,2012,2048,0.02,8,16,600,0.0004558843674177297,0.004931684207782724,0.869756780262523,11312.46875,842.70703125,33.638671875,76991.34357151833,518898090.1352917,0.05396998656570591,0.08773067466668225,785,2603.234375,1567.990322113037,1458.5553550720215,20586.15625,17827.964599609375,76.41748046875,38.93296331167221,-0.18606929984613668,-0.28536724727765506,ok,
direct_isolated,cold_clumpy3d,2013,2048,0.02,8,16,600,0.002016139928059472,0.005368310881596293,0.8794496813493317,12399.4375,985.40625,41.279296875,76814.23134847428,538621558.8419414,0.054663646494870544,0.0883796080342383,654,265.62109375,809.0777435302734,320.5109519958496,420.15625,1102.529052734375,71.13671875,36.116229474544525,-0.1420275763889578,-0.5366487201533888,ok,
direct_isolated,cold_clumpy3d,2014,2048,0.02,8,16,600,0.0009622361724343213,0.0056144538617282904,1.0224063687549894,7875.15625,722.640625,38.61572265625,71981.86146320007,482821735.9219934,0.05182364817415731,0.08675454622711243,530,74.765625,149.29082870483398,1073.863037109375,295.96875,10270.359375,18.7373046875,73.71184921264648,-0.10002649354134063,-0.576980294710153,ok,
direct_isolated,cold_clumpy3d,2015,2048,0.02,8,16,600,0.0011800050631985788,0.0058621767846680165,0.8498682960883137,5542.40625,667.77734375,33.6953125,75093.81753787937,517997835.81219864,0.05389842605031754,0.08680103415706866,564,139.17578125,548.93359375,431.333740234375,1320.71875,6248.765625,27.09130859375,25.92940902709961,-0.06066081223012598,-0.641906000592119,ok,
direct_isolated,cold_clumpy3d,2016,2048,0.02,8,16,600,0.0012157099111836187,0.005378494318781551,0.888244642364279,11615.46875,811.0,38.484375,75026.93479640623,522405811.8282901,0.05345809034562775,0.0885309423736034,776,104.79296875,481.78515625,274.26662826538086,653.75,5534.548583984375,37.60791015625,39.23875468969345,-0.09511612313416407,-0.49981006695662633,ok,
direct_isolated,cold_clumpy3d,2017,2048,0.02,8,16,600,0.0011144371017669343,0.005454898274354761,0.8938360672520523,9752.59375,935.97265625,32.7705078125,70259.13062940197,460051039.13884825,0.05142004686736688,0.08664393865200984,771,-214.20703125,213.5888671875,-12.021987915039062,1638.25,8708.0302734375,39.591796875,25.886131048202515,-0.11642014732409334,-0.47715325536856246,ok,
direct_isolated,cold_clumpy3d,2018,2048,0.02,8,16,600,0.0007052345399849766,0.005826696274336221,0.865167936802241,7663.34375,768.58203125,38.75634765625,78822.33117289256,541792162.2401733,0.05518937774792379,0.08825598262765152,712,65.5625,1075.6738243103027,353.20355224609375,447.8125,6462.12109375,24.57080078125,40.686224937438965,-0.07633239927911395,-0.5547179372551317,ok,
direct_isolated,cold_clumpy3d,2019,2048,0.02,8,16,600,0.0016427016727395486,0.004670952088996129,0.8973380411698224,12609.84375,795.5859375,37.310546875,75975.75880693216,503664212.6189511,0.0532138304531021,0.08702184317455698,828,469.26171875,656.859375,674.420467376709,8258.625,1059.675537109375,45.36865234375,84.56256955862045,-0.18001081215892573,-0.36246241363046505,ok,
direct_isolated,cold_clumpy3d,2020,2048,0.02,8,16,600,0.0016997667938265487,0.0042450958404464025,0.8899197669593882,8310.40625,534.9921875,35.25927734375,72005.67089408192,489925332.83459663,0.05314417821812408,0.08664495061004765,1524,3291.921875,1838.7072410583496,1581.648036956787,42980.09375,21631.364990234375,89.25048828125,54.307397305965424,-0.24679408281261045,-0.2571914300240401,ok,
direct_isolated,cold_clumpy3d,2021,2048,0.02,8,16,600,0.00043801680417021246,0.005478616650895102,1.0184274681052796,10308.5625,971.35546875,39.333984375,79527.63917492086,575740979.6835244,0.05596175424401563,0.08803611993723329,529,610.08984375,906.1326751708984,689.2587242126465,7549.15625,16362.105224609375,77.6455078125,40.643172204494476,-0.1281871618601429,-0.6032993736822977,ok,
direct_isolated,cold_clumpy3d,2022,2048,0.02,8,16,600,0.0013544430436477563,0.0053589672050687485,0.860193985130183,10496.125,1003.62890625,34.83984375,75831.652518624,514927157.06823266,0.05340704384465071,0.08764641313311952,538,12.41015625,-297.66168212890625,597.1191253662109,-1490.0,7510.5615234375,37.76220703125,23.060027837753296,-0.11664880267722794,-0.44454593459848113,ok,
direct_isolated,cold_clumpy3d,2023,2048,0.02,8,16,600,0.0012736455775899781,0.005407861717688357,0.8933478074628042,7773.0625,730.45703125,36.38134765625,74542.63796387734,484771169.2395766,0.0523474711468002,0.08783055525681976,759,173.40625,310.796630859375,339.0078125,4856.0625,8673.28125,25.630859375,48.91741943359375,-0.13364970661481812,-0.3592217433165784,ok,
direct_isolated,cold_clumpy3d,2024,2048,0.02,8,16,600,0.001050091862878517,0.005415669637435738,0.8915736633811409,8161.75,748.421875,40.41357421875,77223.48587642389,536158349.11314213,0.054144117153150956,0.08637879471763221,659,59.505855560302734,451.49828720092773,644.8719329833984,-519.765869140625,13402.1162109375,26.390624940395355,55.54237151145935,-0.09129814140888437,-0.4528671221463848,ok,
direct_isolated,cold_clumpy3d,2025,2048,0.02,8,16,600,0.0002851954993546969,0.005880375423836523,0.8268756447808976,8096.0,696.5234375,36.3759765625,72110.59897639914,491836357.4512358,0.05226636922936004,0.08702947376558022,500,230.5234375,591.53125,90.99896240234375,415.5,3868.33984375,29.45556640625,9.420943260192871,-0.05540134555651843,-0.5582602734854588,ok,
direct_isolated,cold_clumpy3d,2026,2048,0.02,8,16,600,0.0008913095981993876,0.0054112057871353696,0.854769897019227,8260.4375,754.8984375,43.78662109375,72590.0347004086,476730410.3599183,0.05197726474719101,0.08696177029015786,775,48.3203125,131.57464599609375,285.899471282959,449.78125,7450.550537109375,22.16357421875,16.72831815481186,-0.1424561642686118,-0.3725894807665453,ok,
direct_isolated,cold_clumpy3d,2027,2048,0.02,8,16,600,0.0017325876611710743,0.005568082640763244,0.8470828073870709,9478.65625,899.68359375,43.748046875,74443.3106687353,504089664.38542235,0.053751488458720076,0.08880503918595697,491,68.9765625,236.79295349121094,370.988037109375,-663.1875,13003.453125,31.1611328125,49.039424896240234,-0.07662279164400254,-0.43116169109723634,ok,
direct_isolated,cold_clumpy3d,2028,2048,0.02,8,16,600,0.0018810020931945449,0.005239707746061426,0.8947822991284887,8683.875,931.73046875,39.5888671875,76960.47678184148,545728814.3024864,0.05476812484733757,0.08745498893637896,693,88.31640625,175.34154891967773,254.09312438964844,1294.375,3447.0224609375,43.109375,19.765187978744507,-0.10884487297426448,-0.35752949287123437,ok,
direct_isolated,cold_clumpy3d,2029,2048,0.02,8,16,600,0.0014544347376976249,0.0050182374453138735,0.8817656319163752,9943.96875,1088.7421875,40.0546875,70664.532845813,466786089.57998574,0.051366615015876894,0.08675709086164886,1050,-266.921875,1760.9339866638184,570.2328491210938,-321.90625,10168.37109375,28.6005859375,77.67301082611084,-0.149860173165074,-0.37164391969115074,ok,
direct_isolated,hernquist3d,2000,2048,0.02,8,16,600,0.000808627596741775,1.9133843309935363,1.8579631876347753,2183.134521484375,143.65029525756836,5.662290990352631,18082.308726481362,86833245.96986906,0.015427568806751963,1.2205068901510239,1014,-46.67155075073242,-59.85880661010742,-33.88800048828125,-503.338623046875,-529.61328125,-1.828577697277069,-1.3045244216918945,0.12426103312382841,0.6991707630372137,ok,
direct_isolated,hernquist3d,2001,2048,0.02,8,16,600,0.000710275297686501,2.1665483244214436,2.3075965165937897,2021.1162109375,119.27574157714844,5.098180532455444,17334.99081637319,82900935.45428006,0.014321477846659051,1.259602166664776,1038,-51.81962966918945,-53.57313919067383,-22.256183624267578,-618.315673828125,-709.536376953125,-2.96590119600296,-2.165776550769806,0.14889351893793534,1.0424087852409563,ok,
direct_isolated,hernquist3d,2002,2048,0.02,8,16,600,0.001664087230298479,1.9530333435580989,1.92341657352882,2033.681396484375,137.98110580444336,5.6465858817100525,17999.763335384694,92021774.7520065,0.016529043394305595,1.226680641802401,1009,-40.59933090209961,-41.94439697265625,-30.985027313232422,-420.872802734375,-621.244873046875,-1.8289751410484314,-1.3772990107536316,0.1109272570086926,0.73121580008996,ok,
direct_isolated,hernquist3d,2003,2048,0.02,8,16,600,0.006197779141907575,2.0183209746617914,2.0320486739843417,2063.355224609375,131.74163436889648,5.364584863185883,20665.55233725405,102565344.50543508,0.015814428281688626,1.2279440538472668,990,-49.633148193359375,-52.55732345581055,-48.51691818237305,-575.177734375,-896.067138671875,-2.1298270225524902,-2.212514102458954,0.1528117291104466,0.7904281879275716,ok,
direct_isolated,hernquist3d,2004,2048,0.02,8,16,600,0.001002515463928927,1.8772017051161098,1.8126453467289718,2315.364990234375,144.2779197692871,6.376260221004486,24559.02099265039,125262725.81505343,0.017158222641200954,1.2169368185882496,969,-27.108989715576172,-36.94482421875,-19.570831298828125,-472.647216796875,-766.626953125,-0.7645508646965027,-0.7221760749816895,0.08726517341094825,0.5953929715655444,ok,
direct_isolated,hernquist3d,2005,2048,0.02,8,16,600,0.0030729242146555523,1.9693531788899143,1.9501691540019808,2056.4755859375,137.75743103027344,5.5496766567230225,18879.673863247095,96937848.8394885,0.015862320864576843,1.2188815003572977,1006,-50.72056579589844,-7.3553314208984375,7.5465087890625,-425.3662109375,-5.1796875,-2.228849172592163,-1.5186824798583984,0.13810517490832197,0.6916776175883819,ok,
direct_isolated,hernquist3d,2006,2048,0.02,8,16,600,0.0010922902990650495,1.9440365499277334,1.9091970932801061,2036.078125,131.527099609375,5.145992279052734,15718.031952232206,77614878.6602384,0.013561306603304566,1.2105552116304026,1040,-43.03061294555664,-48.953857421875,-31.84610366821289,-371.881103515625,-664.353759765625,-2.0282188057899475,-1.4014955163002014,0.12613948438120542,0.7558688244120293,ok,
direct_isolated,hernquist3d,2007,2048,0.02,8,16,600,0.00042301326680051703,1.8283905996846765,1.7363353582834773,2251.109130859375,151.89648056030273,6.075134217739105,22575.493520411037,124216690.30839159,0.018130624413404735,1.2207059263437066,990,-34.4114990234375,-37.7517204284668,-30.896739959716797,-417.3984375,-717.875732421875,-0.5377407073974609,-1.03155916929245,0.1120500353027371,0.5421652814034685,ok,
direct_isolated,hernquist3d,2008,2048,0.02,8,16,600,0.004124539981925047,1.9782138144090984,1.9655814460374144,1925.747802734375,127.02853012084961,5.3771852850914,23960.62482677683,135378140.82059437,0.017049966688874083,1.2162066040036135,1016,-37.99192428588867,-22.85772705078125,29.16653823852539,-387.717529296875,138.705322265625,-1.4884297251701355,-0.7482828497886658,0.10665662428568679,0.7522656545340828,ok,
direct_isolated,hernquist3d,2009,2048,0.02,8,16,600,0.0007724722911272605,1.8778090922126143,1.8089872399292137,2166.109375,140.011474609375,5.585445404052734,20182.653096026854,104641909.98384634,0.0158311478547611,1.206380858086411,1034,-38.318729400634766,-45.359500885009766,-37.95069885253906,-495.695556640625,-731.0009765625,-1.4409847855567932,-1.5296862125396729,0.11013988063197216,0.4759714459333539,ok,
direct_isolated,hernquist3d,2010,2048,0.02,8,16,600,0.0006229421250692004,1.8615687288953455,1.787023641821314,2082.34375,142.0302734375,6.0009613037109375,19400.86983774763,91138350.11961909,0.017006513980804546,1.2044720689159647,989,-25.63534927368164,-24.251220703125,19.864013671875,-240.802978515625,81.953125,-1.0892425179481506,-1.0592536926269531,0.0979859424534868,0.48723060691822495,ok,
direct_isolated,hernquist3d,2011,2048,0.02,8,16,600,0.0005980284741542967,1.879050136883964,1.8165305366507893,2233.0,146.5302734375,5.7392425537109375,19279.806673607058,90761949.15124944,0.015992169363500917,1.2078988130573534,967,-26.094242095947266,-30.690673828125,-22.20993423461914,-266.047119140625,-439.451416015625,-0.736976683139801,-1.289504587650299,0.07975447994526391,0.4390429385766888,ok,
direct_isolated,hernquist3d,2012,2048,0.02,8,16,600,0.04823485938209304,1.9986055011340131,1.9977737927541865,2047.0625,133.33203125,5.35052490234375,21247.586582423675,104385070.15505636,0.015941521212893363,1.216641670603192,1005,-35.683231353759766,-50.18568420410156,-41.951358795166016,-488.867431640625,-577.808837890625,-1.3802738785743713,-1.985171377658844,0.13645316195000695,0.7231107627699316,ok,
direct_isolated,hernquist3d,2013,2048,0.02,8,16,600,0.002836901519268329,2.0377987964854998,2.0641447669227344,2041.489990234375,126.79110336303711,5.23346084356308,19598.874616768517,109991377.38707855,0.01593543363086798,1.2303582589924635,1017,-50.146148681640625,-47.59798812866211,-14.32387924194336,-437.759765625,-244.556396484375,-2.4145150184631348,-1.77157062292099,0.1338161770975712,0.6856329889915448,ok,
direct_isolated,hernquist3d,2014,2048,0.02,8,16,600,0.000962905237659179,2.079856937316423,2.1413219149271328,1888.212646484375,118.33266830444336,4.8472694754600525,14379.865212680557,70862837.57339479,0.012933410880952232,1.2247694298785816,1032,-45.64736557006836,-49.997955322265625,-45.35746383666992,-468.915771484375,-800.455810546875,-2.167066991329193,-2.0114142298698425,0.13535732754096097,0.931986578906778,ok,
direct_isolated,hernquist3d,2015,2048,0.02,8,16,600,0.0014925295328672124,2.0637746275288564,2.11290398757332,2008.013427734375,127.57760238647461,4.955527722835541,13582.412065891811,64737444.09873607,0.01401927189936297,1.2186016844657903,992,-51.85791015625,-48.38938522338867,-33.97042465209961,-568.21875,-613.904052734375,-2.2521743774414062,-1.9946855902671814,0.14422388984154333,0.8838142480178282,ok,
direct_isolated,hernquist3d,2016,2048,0.02,8,16,600,0.002627874022234935,2.035798361954401,2.061981194731618,2074.529052734375,133.1261863708496,4.9406618475914,15137.960910062373,72363238.42617539,0.013718854097268487,1.21667623956887,1016,-41.91823959350586,-51.904815673828125,-50.32986068725586,-435.720458984375,-777.595458984375,-1.858005940914154,-2.288326680660248,0.12497438610529071,0.800376941946042,ok,
direct_isolated,hernquist3d,2017,2048,0.02,8,16,600,0.0029113191298780253,1.9599834143553323,1.9359841873240362,2175.581787109375,131.79302597045898,5.215302407741547,21733.267807715736,107748702.2707344,0.01569538363714952,1.20427390796611,998,-16.790599822998047,-16.10260009765625,28.054492950439453,-398.176513671875,21.846923828125,-0.6188289523124695,-0.059786975383758545,0.09660165817549182,0.745592845671985,ok,
direct_isolated,hernquist3d,2018,2048,0.02,8,16,600,0.005428099533126664,1.9779345221187947,1.9639523297467005,2164.6083984375,142.33128356933594,5.434680700302124,19275.454833942138,95558310.64068483,0.015085344813435382,1.2399791063415706,1001,-43.12815856933594,-34.48503494262695,-37.4515266418457,-430.0146484375,-645.757080078125,-1.677112340927124,-1.6279352307319641,0.1193211721777534,0.7034598770432651,ok,
direct_isolated,hernquist3d,2019,2048,0.02,8,16,600,0.0026303766745297626,1.9785168311649517,1.9633204553404848,2171.1708984375,130.44847106933594,5.118762731552124,14666.092364831187,77196962.01945603,0.013961352281376542,1.2319830656535553,1041,-46.16383743286133,-57.82057571411133,-45.01933288574219,-601.094970703125,-958.3935546875,-2.1676295399665833,-1.5914275646209717,0.13630004354332353,0.8018781827078589,ok,
direct_isolated,hernquist3d,2020,2048,0.02,8,16,600,0.0016277955214977586,1.9250128158380069,1.8810784310210562,2146.460693359375,142.04357528686523,5.654092729091644,24014.807402511142,121799744.9601681,0.017693948722033306,1.227901309074694,947,-48.126583099365234,-41.778499603271484,-31.36785888671875,-471.679443359375,-777.66796875,-1.4215640425682068,-1.0228986740112305,0.12170132801495914,0.6605240407437951,ok,
direct_isolated,hernquist3d,2021,2048,0.02,8,16,600,0.001388077764024486,1.9366893044567028,1.902205792200397,2176.4677734375,142.79734802246094,5.776923894882202,21397.579373170134,106749044.23283547,0.016365104366586808,1.2167627370966092,965,-32.396484375,-37.5589599609375,-41.3785285949707,-571.3125,-881.616455078125,-0.712677001953125,-1.4276979565620422,0.13425755213044538,0.6407460427988012,ok,
direct_isolated,hernquist3d,2022,2048,0.02,8,16,600,0.0007187886035989744,1.8773529219168386,1.8195920226344544,2163.9599609375,150.55601501464844,5.785482168197632,20251.363705183223,97536417.86963803,0.017653022263768383,1.2235241911819392,989,-38.1312255859375,-38.43711853027344,-19.3988037109375,-374.0546875,-490.0859375,-1.4972896575927734,-0.20490074157714844,0.09201722404618168,0.44927107563325724,ok,
direct_isolated,hernquist3d,2023,2048,0.02,8,16,600,0.004109906897036053,1.9886897881995627,1.9811081839315072,2158.7646484375,136.06517028808594,5.212749242782593,17967.109187881386,100399419.65809909,0.016089935496086078,1.231848272631566,1011,-46.04393005371094,-47.35087585449219,-56.21175003051758,-546.9677734375,-1013.411376953125,-1.3196561336517334,-1.8539860844612122,0.14357456111497274,0.7596109847324166,ok,
direct_isolated,hernquist3d,2024,2048,0.02,8,16,600,0.001382493172868874,1.9688208141110644,1.95117898976341,2035.208740234375,129.2325096130371,5.09137099981308,16709.135941671542,85545957.23573193,0.014807412708915687,1.1957213646432303,999,-38.375823974609375,-42.64475631713867,-38.88499069213867,-475.896484375,-864.873779296875,-1.4162116050720215,-1.3660313487052917,0.14014941300444805,0.7461429428284914,ok,
direct_isolated,hernquist3d,2025,2048,0.02,8,16,600,0.0025845604143684073,2.029304131713997,2.0499990298347175,2063.306396484375,123.53042221069336,4.702410161495209,17672.758723714913,95165911.7621114,0.014449993232470782,1.2235278185198106,1040,-26.9661865234375,-34.43900680541992,-22.59417724609375,-390.3671875,-587.65234375,-1.181661605834961,-1.2284612655639648,0.14385152316362498,0.8578034112977249,ok,
direct_isolated,hernquist3d,2026,2048,0.02,8,16,600,0.003345530371738512,2.0325522450605993,2.0557823863609572,2008.847412109375,132.45440292358398,4.833241403102875,15795.488736973955,79037286.33877337,0.014866681122544674,1.2326914515980751,999,-51.44416427612305,-46.149959564208984,-41.64619064331055,-457.879638671875,-742.621826171875,-2.2484866976737976,-1.6684524416923523,0.1332260060976872,0.7767681645891151,ok,
direct_isolated,hernquist3d,2027,2048,0.02,8,16,600,0.001410503396781679,2.0739574506111387,2.1266250799095023,1985.33984375,120.83050537109375,4.92258358001709,17062.07423654841,89832851.93595712,0.014432630598152163,1.2261239005737121,1028,-39.19418716430664,-31.570011138916016,1.1217918395996094,-514.693603515625,-403.002197265625,-1.6120734810829163,-0.6607862114906311,0.1536744658397854,0.8502452882107585,ok,
direct_isolated,hernquist3d,2028,2048,0.02,8,16,600,0.0033772180756056606,1.9749734134909092,1.9582812976202433,2179.421875,133.419677734375,5.028774261474609,19414.78078117026,100292750.79852666,0.015255848644333091,1.2201809810870847,1014,-44.77870178222656,-45.91847229003906,-39.61972427368164,-477.3369140625,-760.459228515625,-1.79842209815979,-1.4454436898231506,0.11449906590772613,0.6259101891447578,ok,
direct_isolated,hernquist3d,2029,2048,0.02,8,16,600,0.0010982262859124156,1.9042570771226903,1.8570548745446902,2073.46484375,132.82122802734375,5.835158348083496,24390.553710149004,137011921.84563485,0.0188475003476262,1.1995180285536948,1017,-30.715396881103516,-35.37591552734375,-31.734817504882812,-475.426025390625,-741.4658203125,-0.5636377930641174,-0.659186601638794,0.1235481290017853,0.629436574975897,ok,
direct_isolated,plummer3d,2000,2048,0.02,8,16,600,0.0002969903933377252,1.6912195196278728,1.3921845779686104,5251.390625,353.515380859375,10.125179290771484,12476.640362685082,36448329.739272386,0.012102188284733254,1.5241064500550556,1123,-213.34335708618164,-201.9920997619629,-202.21607971191406,-2027.021728515625,-2482.3916015625,-6.508447229862213,-6.563862085342407,0.1581812167826927,0.17948204861416334,ok,
direct_isolated,plummer3d,2001,2048,0.02,8,16,600,0.0006891881417552145,1.8637779380474728,1.684710789666699,4915.929443359375,336.41173934936523,9.647577226161957,11247.407189607577,32797476.09772174,0.010855248217286641,1.570607575819582,1191,-235.2055778503418,-239.57992553710938,-218.57732772827148,-2297.953857421875,-2388.308349609375,-7.342170894145966,-6.961687982082367,0.2081780983109075,0.28323936969855257,ok,
direct_isolated,plummer3d,2002,2048,0.02,8,16,600,0.0002749411214793948,1.7206539322852115,1.4526591581721677,5054.489990234375,334.2998924255371,9.919022977352142,12249.875540540117,35308181.93460426,0.011903318252722025,1.5207560740024095,1193,-194.43227767944336,-192.11795043945312,-186.6875877380371,-2047.431396484375,-2605.302490234375,-6.2655128836631775,-6.079926908016205,0.1526181142194103,0.1725294995905579,ok,
direct_isolated,plummer3d,2003,2048,0.02,8,16,600,0.00034221546784712046,1.7612951380300839,1.5045619199635276,4995.43359375,339.09271240234375,9.553694725036621,12090.421006330249,33520307.649570182,0.011577989424630881,1.5289367052197282,1146,-219.0940704345703,-220.5004005432129,-205.6211700439453,-2249.6767578125,-2733.5048828125,-6.593755006790161,-6.0827648639678955,0.17798367049735037,0.20945680116467574,ok,
direct_isolated,plummer3d,2004,2048,0.02,8,16,600,0.000247084882932535,1.689910576735924,1.4213895362459092,5106.5146484375,372.23851013183594,10.762332677841187,13377.405029137346,36243863.82569075,0.012772594504154496,1.532953796683446,1163,-217.3983154296875,-203.0811767578125,-196.7490234375,-2036.9921875,-2371.25,-6.667783737182617,-5.9355926513671875,0.15789605854188415,0.1740763614695332,ok,
direct_isolated,plummer3d,2005,2048,0.02,8,16,600,0.00029730084776513437,1.7275019597309247,1.463325401030579,5135.859130859375,342.69384384155273,9.946052491664886,12000.135722662464,35622180.496315785,0.011644287803688957,1.529488660557191,1175,-212.20932006835938,-211.05691528320312,-179.7686882019043,-2225.771484375,-2339.774169921875,-6.899632930755615,-6.01204127073288,0.16633707985432428,0.1735961323206734,ok,
direct_isolated,plummer3d,2006,2048,0.02,8,16,600,0.00022367915177900252,1.6847654025280947,1.3994589147236849,5160.308349609375,340.6456871032715,9.256518304347992,11786.225897932694,36059539.820388414,0.011224398189116745,1.5047329927964068,1218,-196.96142578125,-200.10760116577148,-186.50494384765625,-1980.96875,-2543.97265625,-5.872871398925781,-5.482926368713379,0.15164470932488516,0.1662248229157816,ok,
direct_isolated,plummer3d,2007,2048,0.02,8,16,600,0.0002653390828560999,1.6509821820529036,1.345844632814828,5187.7099609375,365.28208923339844,10.7531259059906,13598.70646731452,37271590.94383605,0.01304792781292242,1.518502016277701,1109,-206.5492401123047,-215.19319534301758,-197.4683837890625,-2060.6513671875,-2573.3515625,-6.400427579879761,-6.260858535766602,0.13924605104779647,0.1460157154197705,ok,
direct_isolated,plummer3d,2008,2048,0.02,8,16,600,0.0003286562186503176,1.7372446049368662,1.4805486432402875,4933.0615234375,322.49851989746094,9.483314275741577,12172.919444059082,38467188.618191004,0.0118924892449777,1.5196857061088571,1173,-185.8961181640625,-182.973876953125,-176.46370315551758,-1942.9140625,-2444.036376953125,-6.165552139282227,-5.713757812976837,0.15681498473620942,0.18221738609842175,ok,
direct_isolated,plummer3d,2009,2048,0.02,8,16,600,0.00024283738617456642,1.6713453415309452,1.3920356711841417,5128.84375,361.5810546875,9.885360717773438,12515.170246072223,33351484.142945796,0.012256603882764807,1.5111570966379768,1129,-206.69360733032227,-205.74365615844727,-185.28736877441406,-2082.468994140625,-2219.0166015625,-5.87274557352066,-5.20236611366272,0.14363703738565886,0.14242505922053056,ok,
direct_isolated,plummer3d,2010,2048,0.02,8,16,600,0.00019712488678171129,1.6594161329812824,1.3923830471211907,5175.1875,349.1708984375,10.294052124023438,12851.096946521853,33459524.83370474,0.012483932033016313,1.5099350901027808,1141,-179.80298233032227,-171.25062561035156,-120.09155654907227,-1964.562744140625,-1374.218994140625,-6.13006979227066,-5.226314604282379,0.1276854278184017,0.1515774660810254,ok,
direct_isolated,plummer3d,2011,2048,0.02,8,16,600,0.00023113983362970864,1.6800339422689712,1.4105991986578723,5044.3505859375,365.21397399902344,10.334520101547241,12753.994534139243,31459077.076664828,0.012432026972445874,1.5104240020341515,1160,-200.3874397277832,-174.67277908325195,-183.51604080200195,-1934.374267578125,-2375.073486328125,-5.8885915875434875,-5.7879398465156555,0.13820395136596664,0.141849189731368,ok,
direct_isolated,plummer3d,2012,2048,0.02,8,16,600,0.00025836423876711515,1.7447716420444825,1.4970816652828378,5155.677490234375,335.4053611755371,9.705155789852142,12217.227661197023,36775962.27912482,0.01166544881661251,1.5313411234599088,1140,-213.26060104370117,-202.53143310546875,-181.29360961914062,-2325.725341796875,-2234.197265625,-6.555677115917206,-5.779184818267822,0.17573365057228335,0.18927521907999556,ok,
direct_isolated,plummer3d,2013,2048,0.02,8,16,600,0.00034099596730360714,1.7736977192156682,1.5442733548657102,5081.406005859375,336.29955673217773,9.350048005580902,11781.70659624475,35543016.39888572,0.01164559777727414,1.5334790250402106,1188,-211.36034774780273,-211.22698974609375,-195.63125610351562,-2220.484130859375,-2446.994140625,-6.362960755825043,-6.225561618804932,0.16890887880605648,0.18660083996668753,ok,
direct_isolated,plummer3d,2014,2048,0.02,8,16,600,0.0003348176118697381,1.7631377262303947,1.5063190808275757,5109.0146484375,319.40403747558594,8.79354453086853,10821.866312624441,33580147.7009148,0.010425580931820593,1.5284906288111832,1169,-195.09187698364258,-206.5105438232422,-190.1492919921875,-2199.177001953125,-2786.2734375,-5.68432742357254,-5.75373649597168,0.16839859520075934,0.19916438956100252,ok,
direct_isolated,plummer3d,2015,2048,0.02,8,16,600,0.00041312951372669935,1.7684205776844184,1.538112628117838,5104.644287109375,333.492733001709,8.823098123073578,11319.000315967547,34400649.29017234,0.011010610724978049,1.5249347976427299,1156,-210.70559692382812,-218.50800704956055,-194.03527450561523,-2225.033203125,-2649.741943359375,-5.7562031745910645,-5.299714982509613,0.16551199145477613,0.20875138335058852,ok,
direct_isolated,plummer3d,2016,2048,0.02,8,16,600,0.0003331297149290202,1.7606083284823122,1.511213228236439,5109.4287109375,348.18785095214844,9.23535704612732,11342.89689676308,29714189.86076408,0.01119837486553338,1.5324283945804642,1190,-216.8712158203125,-209.1274299621582,-201.41695022583008,-2249.7265625,-2851.106689453125,-5.970643997192383,-5.73274165391922,0.16460616959005925,0.19859726513349596,ok,
direct_isolated,plummer3d,2017,2048,0.02,8,16,600,0.0002548810085681156,1.7118692826826893,1.44339483433199,4966.265625,352.595458984375,9.35940170288086,12173.946676855687,38213690.7030912,0.011726620203977457,1.5103016539477006,1118,-210.2430763244629,-200.03822326660156,-196.64942932128906,-1987.041259765625,-2466.6884765625,-5.839827120304108,-5.274368524551392,0.15900513663886517,0.18947001175738776,ok,
direct_isolated,plummer3d,2018,2048,0.02,8,16,600,0.00041208385748084684,1.749369935296125,1.4993938994308205,5133.101318359375,355.68004989624023,9.776952683925629,12470.810384355804,33668907.173902385,0.012090645187816676,1.544818302329896,1097,-209.4765739440918,-207.51806640625,-208.5158805847168,-2201.110107421875,-2650.219482421875,-6.184845149517059,-6.020359218120575,0.15248716454567673,0.17344965292672238,ok,
direct_isolated,plummer3d,2019,2048,0.02,8,16,600,0.00023938858086357094,1.715700190461457,1.4263610168670733,5129.724365234375,357.8777732849121,9.310681760311127,11519.53957294909,34060350.53784948,0.011263833195548653,1.5223226959875367,1180,-232.63076782226562,-236.75413131713867,-221.7940330505371,-2162.556640625,-2798.458740234375,-6.24416971206665,-5.939500272274017,0.16149469447283005,0.17919874976431494,ok,
direct_isolated,plummer3d,2020,2048,0.02,8,16,600,0.00032698247381247013,1.7149423069720202,1.4379052291576684,4970.453125,345.275146484375,9.66701889038086,12902.505917387718,38571904.549914956,0.012398037315998376,1.522928020033358,1107,-214.70338439941406,-205.64930725097656,-187.73614501953125,-1949.6416015625,-2197.39453125,-6.103641748428345,-6.115567207336426,0.15787695353369835,0.18358435022317687,ok,
direct_isolated,plummer3d,2021,2048,0.02,8,16,600,0.00031783981119701623,1.7158042877131034,1.4668738948529787,5124.5458984375,351.78684997558594,9.87850546836853,12769.577422323193,37178852.6331702,0.012154721874927197,1.5313478102603875,1162,-196.06053161621094,-185.9363250732422,-182.52392578125,-2097.4990234375,-2658.9375,-5.780914068222046,-5.424018859863281,0.1476708652648045,0.15617575118380883,ok,
direct_isolated,plummer3d,2022,2048,0.02,8,16,600,0.000249945550856613,1.6895121490701244,1.4175012168020196,5003.206787109375,357.776424407959,10.020523965358734,13011.823997434789,31489638.031998273,0.012737106599487659,1.5194897721444727,1140,-197.79035568237305,-196.04220581054688,-198.37505722045898,-1926.785888671875,-2477.300537109375,-5.975941836833954,-5.735138833522797,0.14380267745499914,0.15902033739399207,ok,
direct_isolated,plummer3d,2023,2048,0.02,8,16,600,0.0002779753037900038,1.754419219284127,1.5073813426023317,5140.958740234375,352.3233299255371,9.935136258602142,11873.950196776188,32906190.170424215,0.011916792338427575,1.538058598754894,1158,-219.89166259765625,-218.79214096069336,-203.42050170898438,-2353.12890625,-2696.818359375,-6.466385841369629,-5.725503444671631,0.16311713014070894,0.1936123379546788,ok,
direct_isolated,plummer3d,2024,2048,0.02,8,16,600,0.00018774506749684336,1.6985265609380724,1.4259693704168528,4973.4443359375,327.18614196777344,9.19742751121521,11391.389288603472,32102508.81658825,0.010937422169911844,1.4956957658679129,1188,-181.6474494934082,-181.2237434387207,-176.80824661254883,-1867.858642578125,-2525.337158203125,-5.462966740131378,-5.17617255449295,0.14491244821865085,0.1658138807436994,ok,
direct_isolated,plummer3d,2025,2048,0.02,8,16,600,0.0003258599803126527,1.7542014045889267,1.4862076522811223,5087.5302734375,341.65867614746094,9.225501775741577,11559.891730313779,38566447.051197305,0.011332044046256463,1.5256369942636163,1204,-219.5547981262207,-215.60377883911133,-218.24070739746094,-2107.585205078125,-2792.6240234375,-6.3034990429878235,-6.311012029647827,0.17434204276818283,0.2061653523483185,ok,
direct_isolated,plummer3d,2026,2048,0.02,8,16,600,0.0003790437476171914,1.7574846451684507,1.5061798061724463,5155.6630859375,329.01084899902344,8.968797445297241,11525.91878284415,31812080.451949816,0.01123020198664997,1.5297878945577303,1175,-201.4207763671875,-207.48960876464844,-188.178466796875,-2167.7109375,-2676.203125,-5.947736740112305,-5.701274871826172,0.16314193081771033,0.19602769754758076,ok,
direct_isolated,plummer3d,2027,2048,0.02,8,16,600,0.0003830708081529641,1.7776950150288868,1.528574192180318,5222.171630859375,335.62646102905273,8.921134889125824,11458.223595120904,41088023.940777645,0.010838850715440477,1.5336345204618134,1215,-210.65213012695312,-209.26812744140625,-200.6392936706543,-2337.673828125,-2612.024169921875,-5.890865802764893,-5.615244090557098,0.1691727878207212,0.22244546480953542,ok,
direct_isolated,plummer3d,2028,2048,0.02,8,16,600,0.0002856644583369569,1.7365597491841,1.466817355711824,4959.2412109375,355.72300720214844,9.69092345237732,12045.69480426076,36231758.772122175,0.011725541428767531,1.5308450615853937,1130,-222.5028533935547,-209.99092483520508,-205.2382049560547,-2110.6826171875,-2301.7138671875,-6.404768705368042,-6.1836535930633545,0.16611866684183957,0.19398747731231503,ok,
direct_isolated,plummer3d,2029,2048,0.02,8,16,600,0.00021050907368464386,1.696359146292124,1.4410638472663515,5126.531005859375,346.13402938842773,9.820239961147308,13090.751671496953,41410522.424686685,0.012601033000827978,1.5125291129164355,1108,-193.43450927734375,-185.11508178710938,-161.27145385742188,-2180.27734375,-2400.779296875,-5.550795555114746,-5.072844982147217,0.13440449529227522,0.15124173776806715,ok,
pm_periodic,bimodal3d,2000,2048,0.02,8,16,600,,nan,nan,2818.375,357.01953125,22.091796875,44715.76463091637,210786591.90152407,0.035601356405715684,2.155504458791885,746,-343.75,-351.47265625,-351.45703125,-2360.875,-2713.3125,-21.4228515625,-21.53076171875,nan,nan,ok,
pm_periodic,bimodal3d,2001,2048,0.02,8,16,600,,nan,nan,2751.1875,353.92578125,21.31982421875,40393.52035956044,160093427.4640708,0.03223037906082071,2.2276441341345645,730,-342.62109375,-349.4921875,-349.7421875,-2361.34375,-2715.5,-20.67529296875,-20.822265625,nan,nan,ok,
pm_periodic,bimodal3d,2002,2048,0.02,8,16,600,,nan,nan,2841.5,360.1953125,21.5732421875,42356.88568569567,186904242.53826264,0.033539459422325356,2.1453910840677977,768,-345.16796875,-354.72265625,-353.4765625,-2284.90625,-2729.875,-20.89013671875,-21.0205078125,nan,nan,ok,
pm_periodic,bimodal3d,2003,2048,0.02,8,16,600,,nan,nan,2851.71875,360.59375,21.12451171875,43667.866262294134,207716974.6219633,0.03379469192721055,2.170627796198029,746,-347.40234375,-355.7109375,-355.14453125,-2438.4375,-2737.78125,-20.46875,-20.59716796875,nan,nan,ok,
pm_periodic,bimodal3d,2004,2048,0.02,8,16,600,,nan,nan,2873.34375,378.91796875,24.41357421875,53242.40845534519,258174766.92910612,0.03977333445285784,2.1639627334045306,676,-363.6328125,-373.0078125,-370.97265625,-2333.8125,-2717.15625,-23.72998046875,-23.84033203125,nan,nan,ok,
pm_periodic,bimodal3d,2005,2048,0.02,8,16,600,,nan,nan,2905.03125,355.86328125,22.05908203125,45753.664613474226,202673583.83197016,0.035316068484367365,2.1695953450296788,747,-341.8671875,-350.08203125,-350.1015625,-2420.1875,-2810.5625,-21.3974609375,-21.513671875,nan,nan,ok,
pm_periodic,bimodal3d,2006,2048,0.02,8,16,600,,nan,nan,2881.0,365.7734375,22.4013671875,44122.663661130486,186431111.8516999,0.03477316270762091,2.1320067201252453,732,-349.79296875,-360.58203125,-359.77734375,-2301.53125,-2735.8125,-21.712890625,-21.88525390625,nan,nan,ok,
pm_periodic,bimodal3d,2007,2048,0.02,8,16,600,,nan,nan,2888.09375,373.3671875,23.39599609375,48064.93819647914,224491130.5966997,0.03734838712139717,2.147659922752149,709,-357.59765625,-367.02734375,-363.23046875,-2358.40625,-2712.4375,-22.6689453125,-22.77294921875,nan,nan,ok,
pm_periodic,bimodal3d,2008,2048,0.02,8,16,600,,nan,nan,2813.125,359.07421875,22.29736328125,44974.89745894224,215850879.416781,0.03527360924523693,2.143051577109233,752,-345.61328125,-354.34375,-352.80078125,-2344.625,-2699.9375,-21.63330078125,-21.74951171875,nan,nan,ok,
pm_periodic,bimodal3d,2009,2048,0.02,8,16,600,,nan,nan,2859.96875,363.09375,22.80859375,48806.69217681645,233967590.9820954,0.03733168966780655,2.143048587148304,714,-346.48046875,-356.89453125,-346.6171875,-2283.1875,-2552.75,-22.0927734375,-22.0732421875,nan,nan,ok,
pm_periodic,bimodal3d,2010,2048,0.02,8,16,600,,nan,nan,2834.0,368.32421875,23.18115234375,47806.59552696963,219743235.4212051,0.03712750366389839,2.134953247842453,705,-351.69921875,-362.73046875,-360.1328125,-2243.65625,-2662.875,-22.4501953125,-22.59814453125,nan,nan,ok,
pm_periodic,bimodal3d,2011,2048,0.02,8,16,600,,nan,nan,2914.1875,368.53125,23.4677734375,49025.58832101138,218830760.68646258,0.03779301645701026,2.136530238807761,722,-353.47265625,-363.93359375,-363.671875,-2331.09375,-2845.125,-22.7998046875,-22.95458984375,nan,nan,ok,
pm_periodic,bimodal3d,2012,2048,0.02,8,16,600,,nan,nan,2877.71875,365.8125,22.58837890625,47445.492271188676,221638083.02494505,0.03642859596360527,2.167939811438674,754,-351.890625,-360.53125,-359.671875,-2400.96875,-2752.21875,-21.9248046875,-22.05615234375,nan,nan,ok,
pm_periodic,bimodal3d,2013,2048,0.02,8,16,600,,nan,nan,2790.96875,359.66015625,22.6083984375,43419.508638485815,172685910.77442446,0.03444875503786028,2.1754117698852067,726,-346.68359375,-355.265625,-355.45703125,-2354.0625,-2744.40625,-21.9404296875,-22.10791015625,nan,nan,ok,
pm_periodic,bimodal3d,2014,2048,0.02,8,16,600,,nan,nan,2857.46875,365.0390625,21.8505859375,42580.994750201935,182471381.4567606,0.03380280211895457,2.1453700565840825,737,-349.14453125,-359.26953125,-356.5390625,-2357.4375,-2698.15625,-21.11083984375,-21.2685546875,nan,nan,ok,
pm_periodic,bimodal3d,2015,2048,0.02,8,16,600,,nan,nan,2825.625,359.87109375,22.39306640625,46517.224875488275,217923524.96429098,0.035736367244748414,2.144022218719286,758,-344.8671875,-354.62109375,-355.0390625,-2272.5625,-2724.71875,-21.7060546875,-21.87939453125,nan,nan,ok,
pm_periodic,bimodal3d,2016,2048,0.02,8,16,600,,nan,nan,2840.65625,366.38671875,22.95849609375,45978.16507545131,206732195.64665067,0.03578836788593063,2.1639229390765236,727,-351.6328125,-361.21875,-360.6171875,-2315.59375,-2745.65625,-22.283203125,-22.42236328125,nan,nan,ok,
pm_periodic,bimodal3d,2017,2048,0.02,8,16,600,,nan,nan,2854.34375,357.1953125,21.34423828125,43063.71866610085,186937936.55150634,0.03338011800806057,2.1333594601236965,750,-342.26953125,-352.203125,-352.26953125,-2348.46875,-2780.71875,-20.634765625,-20.822265625,nan,nan,ok,
pm_periodic,bimodal3d,2018,2048,0.02,8,16,600,,nan,nan,2883.4375,351.40234375,22.89501953125,44566.44608322718,197657384.54361913,0.03575067934782609,2.1803552967876554,720,-337.2265625,-345.99609375,-344.0234375,-2394.15625,-2719.84375,-22.22412109375,-22.3154296875,nan,nan,ok,
pm_periodic,bimodal3d,2019,2048,0.02,8,16,600,,nan,nan,2809.5,362.953125,21.7509765625,40793.32990719852,168445784.82077667,0.03304521479604299,2.1646787039621396,724,-349.80859375,-358.3046875,-358.125,-2333.3125,-2733.53125,-21.08447265625,-21.24853515625,nan,nan,ok,
pm_periodic,bimodal3d,2020,2048,0.02,8,16,600,,nan,nan,2818.0625,355.22265625,22.95263671875,46595.878875357404,206104465.07696015,0.036340815064728874,2.146309541370668,726,-342.0546875,-350.6171875,-350.3203125,-2326.6875,-2724.5625,-22.31005859375,-22.44677734375,nan,nan,ok,
pm_periodic,bimodal3d,2021,2048,0.02,8,16,600,,nan,nan,2863.78125,365.5703125,23.4736328125,45355.84177761605,196533332.09307545,0.03676349917562286,2.156235806610588,706,-351.30859375,-359.83984375,-359.93359375,-2358.625,-2784.96875,-22.79248046875,-22.9609375,nan,nan,ok,
pm_periodic,bimodal3d,2022,2048,0.02,8,16,600,,nan,nan,2847.6875,361.05078125,22.5263671875,48132.04316698811,220690629.94647706,0.03721337628236444,2.1465812722978073,705,-344.69921875,-355.27734375,-352.37890625,-2298.3125,-2619.1875,-21.81689453125,-21.9033203125,nan,nan,ok,
pm_periodic,bimodal3d,2023,2048,0.02,8,16,600,,nan,nan,2889.53125,381.21484375,23.8779296875,48463.15238199269,214621783.497735,0.03821951712872496,2.1760797028796546,693,-365.89453125,-374.8203125,-371.33203125,-2357.8125,-2671.65625,-23.1640625,-23.26318359375,nan,nan,ok,
pm_periodic,bimodal3d,2024,2048,0.02,8,16,600,,nan,nan,2869.4375,368.01171875,23.169921875,46906.20999418534,211110132.4935184,0.03643050424401563,2.1158942599015886,729,-348.6875,-360.5703125,-352.38671875,-2262.3125,-2576.65625,-22.3955078125,-22.39208984375,nan,nan,ok,
pm_periodic,bimodal3d,2025,2048,0.02,8,16,600,,nan,nan,2843.28125,372.0859375,23.634765625,45408.31465809782,192694559.41236752,0.036717223375671716,2.1655834275222245,693,-357.3984375,-367.60546875,-367.42578125,-2321.09375,-2785.5625,-22.9423828125,-23.11572265625,nan,nan,ok,
pm_periodic,bimodal3d,2026,2048,0.02,8,16,600,,nan,nan,2862.25,364.3203125,22.18896484375,41217.76844682061,153822684.72469014,0.03275563324377137,2.159183121985712,745,-350.20703125,-359.203125,-359.5703125,-2346.3125,-2809.0,-21.517578125,-21.65771484375,nan,nan,ok,
pm_periodic,bimodal3d,2027,2048,0.02,8,16,600,,nan,nan,2880.6875,366.234375,22.3037109375,44468.761250766045,187718070.65466502,0.03518535127625794,2.1745737912735583,721,-352.08203125,-361.24609375,-360.88671875,-2364.75,-2818.65625,-21.625,-21.7802734375,nan,nan,ok,
pm_periodic,bimodal3d,2028,2048,0.02,8,16,600,,nan,nan,2837.75,371.29296875,23.18212890625,47501.867282502855,218899363.51603475,0.03763415211284807,2.1671227407229408,693,-356.7265625,-365.71484375,-364.640625,-2345.78125,-2689.71875,-22.47998046875,-22.62353515625,nan,nan,ok,
pm_periodic,bimodal3d,2029,2048,0.02,8,16,600,,nan,nan,2813.375,352.41796875,22.74853515625,45532.37364052827,188873191.99156195,0.035098524517586716,2.1379288994664907,741,-336.4609375,-346.2578125,-344.66796875,-2277.3125,-2685.71875,-22.04833984375,-22.18212890625,nan,nan,ok,
pm_periodic,cold_clumpy3d,2000,2048,0.02,8,16,600,,nan,nan,8793.6875,878.56640625,36.97021484375,74226.33507899693,492340213.9940803,0.052402811278700535,0.08769608760409162,195,107.7890625,266.2421875,793.55078125,2724.40625,7464.65625,29.251953125,87.26220703125,nan,nan,ok,
pm_periodic,cold_clumpy3d,2001,2048,0.02,8,16,600,,nan,nan,8456.90625,879.87890625,37.83642578125,74981.6201772571,521417661.907894,0.05381923241328774,0.09097152900933439,189,189.82421875,-6.93359375,233.2109375,3977.875,15179.15625,47.42724609375,11.525390625,nan,nan,ok,
pm_periodic,cold_clumpy3d,2002,2048,0.02,8,16,600,,nan,nan,6950.125,632.015625,34.64599609375,73303.9101176103,501316732.5827534,0.05307834254396678,0.0871255336766844,192,370.5,560.73046875,756.57421875,2699.5625,15860.21875,35.26123046875,29.26416015625,nan,nan,ok,
pm_periodic,cold_clumpy3d,2003,2048,0.02,8,16,600,,nan,nan,9381.90625,643.94140625,40.9951171875,76689.64443832004,544626150.6081948,0.05467557324743527,0.08893402043581743,180,223.8125,298.3046875,771.41796875,4560.25,5700.84375,37.4248046875,26.1328125,nan,nan,ok,
pm_periodic,cold_clumpy3d,2004,2048,0.02,8,16,600,,nan,nan,9708.21875,879.90234375,43.8349609375,76343.46719821742,523782436.0180299,0.054906475177088424,0.08922764208377634,178,84.03515625,1670.296875,776.46875,-622.875,7907.34375,26.29833984375,16.81005859375,nan,nan,ok,
pm_periodic,cold_clumpy3d,2005,2048,0.02,8,16,600,,nan,nan,7788.0,643.1328125,40.158203125,73346.05610680941,492858273.82573235,0.05210750488519785,0.08743668158984177,188,127.1171875,400.58984375,588.7578125,418.5,7835.1875,15.4619140625,7.26513671875,nan,nan,ok,
pm_periodic,cold_clumpy3d,2006,2048,0.02,8,16,600,,nan,nan,7943.09375,758.06640625,35.72607421875,72949.13948776363,479396286.740271,0.052042146281143134,0.08732943983936034,176,684.765625,939.40625,530.04296875,7372.375,6694.625,30.2841796875,23.4833984375,nan,nan,ok,
pm_periodic,cold_clumpy3d,2007,2048,0.02,8,16,600,,nan,nan,9484.3125,722.16015625,36.740234375,73078.94018697584,501488449.1315452,0.0524967940889106,0.08800090303710986,181,498.80859375,1223.75390625,489.56640625,4240.5625,11778.1875,71.255859375,66.17138671875,nan,nan,ok,
pm_periodic,cold_clumpy3d,2008,2048,0.02,8,16,600,,nan,nan,12418.53125,1384.84765625,40.32373046875,88028.66077374016,528536325.6627699,0.06487676325109917,0.0877288350302482,157,-19.1796875,-123.34375,50.36328125,-560.1875,3364.34375,28.2685546875,57.31884765625,nan,nan,ok,
pm_periodic,cold_clumpy3d,2009,2048,0.02,8,16,600,,nan,nan,9193.59375,725.859375,35.6357421875,79937.06979106179,553808229.687118,0.054480451575476305,0.08744658129505656,196,324.50390625,341.8984375,722.94140625,4651.4375,7554.875,40.9560546875,21.8876953125,nan,nan,ok,
pm_periodic,cold_clumpy3d,2010,2048,0.02,8,16,600,,nan,nan,9541.1875,731.55859375,35.83837890625,73303.40475471495,490326767.5682727,0.051895208689545676,0.08623849593763133,203,1032.3828125,1413.6328125,1392.64453125,28293.0,26955.3125,70.72119140625,76.52490234375,nan,nan,ok,
pm_periodic,cold_clumpy3d,2011,2048,0.02,8,16,600,,nan,nan,10592.46875,908.37890625,35.6796875,73067.58639082329,506098360.91176724,0.052995809416218856,0.08817532560389683,178,197.1875,600.26953125,907.83984375,79.5625,9191.15625,42.57470703125,36.27880859375,nan,nan,ok,
pm_periodic,cold_clumpy3d,2012,2048,0.02,8,16,600,,nan,nan,11312.46875,842.70703125,33.638671875,76991.34357151833,518898090.1352917,0.05396998656570591,0.08773067466668225,184,3116.73828125,547.23046875,689.3203125,23319.0625,20275.40625,94.1103515625,19.8828125,nan,nan,ok,
pm_periodic,cold_clumpy3d,2013,2048,0.02,8,16,600,,nan,nan,12399.4375,985.40625,41.279296875,76814.23134847428,538621558.8419414,0.054663646494870544,0.0883796080342383,173,438.60546875,470.65625,548.52734375,1955.4375,2362.84375,85.1943359375,33.05029296875,nan,nan,ok,
pm_periodic,cold_clumpy3d,2014,2048,0.02,8,16,600,,nan,nan,7875.15625,722.640625,38.61572265625,71981.86146320007,482821735.9219934,0.05182364817415731,0.08675454622711243,182,360.4375,1445.32421875,322.484375,1546.1875,2099.75,41.7412109375,32.322265625,nan,nan,ok,
pm_periodic,cold_clumpy3d,2015,2048,0.02,8,16,600,,nan,nan,5542.40625,667.77734375,33.6953125,75093.81753787937,517997835.81219864,0.05389842605031754,0.08680103415706866,187,113.66015625,734.3671875,722.91796875,738.875,7158.6875,28.08642578125,35.58642578125,nan,nan,ok,
pm_periodic,cold_clumpy3d,2016,2048,0.02,8,16,600,,nan,nan,11615.46875,811.0,38.484375,75026.93479640623,522405811.8282901,0.05345809034562775,0.0885309423736034,188,149.2421875,500.1640625,753.7421875,1887.84375,17919.90625,25.09521484375,55.88623046875,nan,nan,ok,
pm_periodic,cold_clumpy3d,2017,2048,0.02,8,16,600,,nan,nan,9752.59375,935.97265625,32.7705078125,70259.13062940197,460051039.13884825,0.05142004686736688,0.08664393865200984,195,-130.3515625,885.046875,165.47265625,-1018.15625,7104.90625,37.40380859375,42.23095703125,nan,nan,ok,
pm_periodic,cold_clumpy3d,2018,2048,0.02,8,16,600,,nan,nan,7663.34375,768.58203125,38.75634765625,78822.33117289256,541792162.2401733,0.05518937774792379,0.08825598262765152,199,228.7265625,206.13671875,1809.78515625,1567.75,21159.21875,36.77099609375,33.91650390625,nan,nan,ok,
pm_periodic,cold_clumpy3d,2019,2048,0.02,8,16,600,,nan,nan,12609.84375,795.5859375,37.310546875,75975.75880693216,503664212.6189511,0.0532138304531021,0.08702184317455698,188,601.47265625,1060.79296875,634.68359375,12332.46875,1511.03125,38.4052734375,50.66748046875,nan,nan,ok,
pm_periodic,cold_clumpy3d,2020,2048,0.02,8,16,600,,nan,nan,8310.40625,534.9921875,35.25927734375,72005.67089408192,489925332.83459663,0.05314417821812408,0.08664495061004765,175,2894.02734375,1971.796875,1964.515625,41507.46875,21544.25,145.462890625,60.005859375,nan,nan,ok,
pm_periodic,cold_clumpy3d,2021,2048,0.02,8,16,600,,nan,nan,10308.5625,971.35546875,39.333984375,79527.63917492086,575740979.6835244,0.05596175424401563,0.08803611993723329,189,755.328125,139.46875,429.48046875,5911.75,10716.5,94.57861328125,43.2919921875,nan,nan,ok,
pm_periodic,cold_clumpy3d,2022,2048,0.02,8,16,600,,nan,nan,10496.125,1003.62890625,34.83984375,75831.652518624,514927157.06823266,0.05340704384465071,0.08764641313311952,168,32.4921875,196.7734375,647.01171875,-1662.09375,6327.46875,44.48779296875,57.7705078125,nan,nan,ok,
pm_periodic,cold_clumpy3d,2023,2048,0.02,8,16,600,,nan,nan,7773.0625,730.45703125,36.38134765625,74542.63796387734,484771169.2395766,0.0523474711468002,0.08783055525681976,212,153.9375,417.1015625,61.65625,4433.09375,7373.71875,36.4521484375,19.29931640625,nan,nan,ok,
pm_periodic,cold_clumpy3d,2024,2048,0.02,8,16,600,,nan,nan,8161.75,748.421875,40.41357421875,77223.48587642389,536158349.11314213,0.054144117153150956,0.08637879471763221,185,221.26171875,1044.3828125,291.58203125,626.78125,10140.875,31.80712890625,23.91943359375,nan,nan,ok,
pm_periodic,cold_clumpy3d,2025,2048,0.02,8,16,600,,nan,nan,8096.0,696.5234375,36.3759765625,72110.59897639914,491836357.4512358,0.05226636922936004,0.08702947376558022,192,305.1796875,88.54296875,2266.8671875,1365.84375,18747.5625,51.99560546875,56.5322265625,nan,nan,ok,
pm_periodic,cold_clumpy3d,2026,2048,0.02,8,16,600,,nan,nan,8260.4375,754.8984375,43.78662109375,72590.0347004086,476730410.3599183,0.05197726474719101,0.08696177029015786,191,276.72265625,684.37890625,86.5,1257.28125,5431.75,25.55517578125,4.74365234375,nan,nan,ok,
pm_periodic,cold_clumpy3d,2027,2048,0.02,8,16,600,,nan,nan,9478.65625,899.68359375,43.748046875,74443.3106687353,504089664.38542235,0.053751488458720076,0.08880503918595697,183,620.65625,291.55078125,243.5390625,3206.9375,16756.03125,78.69775390625,26.92724609375,nan,nan,ok,
pm_periodic,cold_clumpy3d,2028,2048,0.02,8,16,600,,nan,nan,8683.875,931.73046875,39.5888671875,76960.47678184148,545728814.3024864,0.05476812484733757,0.08745498893637896,197,227.92578125,327.9296875,371.62109375,3399.8125,3560.71875,51.11328125,27.837890625,nan,nan,ok,
pm_periodic,cold_clumpy3d,2029,2048,0.02,8,16,600,,nan,nan,9943.96875,1088.7421875,40.0546875,70664.532845813,466786089.57998574,0.051366615015876894,0.08675709086164886,204,-31.58203125,-268.91796875,700.359375,-113.375,11208.375,47.94189453125,37.88720703125,nan,nan,ok,
pm_periodic,hernquist3d,2000,2048,0.02,8,16,600,,nan,nan,2133.625,145.76171875,5.7978515625,13681.685244730135,96515532.87020005,0.008776181607230094,1.2227785893640026,1569,-53.65234375,-60.36328125,-28.43359375,-425.96875,-346.71875,-2.3291015625,-1.6171875,nan,nan,ok,
pm_periodic,hernquist3d,2001,2048,0.02,8,16,600,,nan,nan,1979.40625,119.5078125,5.2080078125,12801.264228402526,92172731.031637,0.007775765602100635,1.2530258366522342,1628,-56.09765625,-49.6875,-41.984375,-581.40625,-659.78125,-3.25537109375,-2.896484375,nan,nan,ok,
pm_periodic,hernquist3d,2002,2048,0.02,8,16,600,,nan,nan,2025.5,138.2265625,5.75048828125,13263.093285156256,101309139.13453522,0.008934091811187104,1.2191985129789265,1604,-43.796875,-35.16796875,-11.953125,-444.875,-202.59375,-2.2236328125,-1.76416015625,nan,nan,ok,
pm_periodic,hernquist3d,2003,2048,0.02,8,16,600,,nan,nan,2014.875,131.4296875,5.474609375,15174.752745824713,111661946.0950034,0.00852381152296043,1.2238608766277665,1585,-56.53125,-54.1015625,-45.6953125,-518.40625,-721.84375,-2.75927734375,-2.27978515625,nan,nan,ok,
pm_periodic,hernquist3d,2004,2048,0.02,8,16,600,,nan,nan,2283.09375,143.51953125,6.49365234375,18283.568047178742,134380413.59907115,0.009499419882755251,1.2265777449750934,1552,-30.30859375,-38.7578125,-41.703125,-473.21875,-745.125,-1.35009765625,-2.03564453125,nan,nan,ok,
pm_periodic,hernquist3d,2005,2048,0.02,8,16,600,,nan,nan,1985.84375,138.37109375,5.671875,14166.198965406955,105411256.4048506,0.00890260518441622,1.224872342276631,1565,-56.53125,-25.66796875,-26.96484375,-401.625,120.84375,-2.7744140625,-2.19970703125,nan,nan,ok,
pm_periodic,hernquist3d,2006,2048,0.02,8,16,600,,nan,nan,2025.625,131.3203125,5.23828125,11817.102698283115,86120712.35284227,0.007635506991939423,1.2077631301387415,1596,-46.5625,-43.56640625,-18.22265625,-354.46875,-464.78125,-2.43017578125,-1.7890625,nan,nan,ok,
pm_periodic,hernquist3d,2007,2048,0.02,8,16,600,,nan,nan,2170.96875,151.09375,6.14990234375,16995.2781725992,133353158.67291547,0.010257961345872008,1.2116287296166712,1538,-39.51953125,-32.296875,-18.25390625,-289.125,-347.84375,-1.58154296875,-0.84033203125,nan,nan,ok,
pm_periodic,hernquist3d,2008,2048,0.02,8,16,600,,nan,nan,1875.03125,128.76171875,5.5146484375,17680.3047054711,143862972.50060457,0.009275674004640938,1.2162787773602515,1588,-48.71484375,-36.296875,-6.3359375,-362.9375,-357.1875,-1.95361328125,-0.33349609375,nan,nan,ok,
pm_periodic,hernquist3d,2009,2048,0.02,8,16,600,,nan,nan,2203.1875,143.109375,5.73486328125,15360.442382481258,112312612.79329303,0.009139709025403028,1.2112005851653733,1569,-39.91015625,-47.109375,-16.57421875,-420.09375,-217.9375,-1.9296875,-1.16943359375,nan,nan,ok,
pm_periodic,hernquist3d,2010,2048,0.02,8,16,600,,nan,nan,2087.09375,145.0390625,6.11669921875,14523.67440418604,100013052.14615032,0.00948367656936981,1.2073093547324216,1554,-31.31640625,-24.80078125,-10.91015625,-211.34375,-324.375,-1.7626953125,-1.59326171875,nan,nan,ok,
pm_periodic,hernquist3d,2011,2048,0.02,8,16,600,,nan,nan,2271.25,145.5859375,5.8232421875,14390.259981732885,99511358.72964326,0.00887970581949194,1.2141743748567608,1550,-29.3515625,-35.21875,-3.10546875,-334.875,-364.4375,-1.2255859375,-0.958984375,nan,nan,ok,
pm_periodic,hernquist3d,2012,2048,0.02,8,16,600,,nan,nan,1988.34375,133.0625,5.44775390625,15693.399225452707,114192809.82179028,0.008689354848558867,1.219160541484647,1592,-44.01953125,-59.08984375,-37.5,-524.34375,-622.90625,-1.9921875,-1.76513671875,nan,nan,ok,
pm_periodic,hernquist3d,2013,2048,0.02,8,16,600,,nan,nan,2036.3125,127.62890625,5.36572265625,14389.777044990762,119005133.82620469,0.008564839551783098,1.2322860624125642,1617,-54.5390625,-52.3046875,-34.1171875,-451.4375,-442.28125,-2.86376953125,-2.32958984375,nan,nan,ok,
pm_periodic,hernquist3d,2014,2048,0.02,8,16,600,,nan,nan,1839.84375,117.9453125,4.94287109375,10624.361468819712,80139475.0627524,0.007021040699804592,1.212449349949147,1620,-47.2578125,-54.32421875,-45.2734375,-432.09375,-748.34375,-2.509765625,-2.341796875,nan,nan,ok,
pm_periodic,hernquist3d,2015,2048,0.02,8,16,600,,nan,nan,1949.625,127.42578125,5.0869140625,9886.012433020347,74362700.00722538,0.007384568117977528,1.2135921817906221,1597,-54.77734375,-47.7265625,-39.44921875,-462.1875,-640.59375,-2.56884765625,-2.17529296875,nan,nan,ok,
pm_periodic,hernquist3d,2016,2048,0.02,8,16,600,,nan,nan,2020.125,133.390625,5.048828125,11192.574135016035,81638968.00774284,0.007465192965315095,1.221899067074858,1599,-46.23046875,-58.66796875,-29.50390625,-381.25,-457.34375,-2.35888671875,-2.05615234375,nan,nan,ok,
pm_periodic,hernquist3d,2017,2048,0.02,8,16,600,,nan,nan,2173.21875,133.72265625,5.40869140625,16067.645435641982,116084413.14813939,0.00857962872496336,1.2061740849540752,1582,-28.27734375,-10.19921875,16.98046875,-396.34375,280.1875,-1.55322265625,-1.90185546875,nan,nan,ok,
pm_periodic,hernquist3d,2018,2048,0.02,8,16,600,,nan,nan,2136.65625,143.65234375,5.5673828125,14450.01741608002,104596194.55071574,0.00845081979726429,1.2383899658548876,1561,-46.25,-30.875,13.04296875,-430.8125,404.375,-2.1591796875,-1.35595703125,nan,nan,ok,
pm_periodic,hernquist3d,2019,2048,0.02,8,16,600,,nan,nan,2131.09375,131.34765625,5.244140625,11004.929630589748,85709041.04976724,0.007824426752564728,1.2157784262504656,1595,-47.26953125,-68.2890625,-48.75,-493.96875,-807.84375,-2.56494140625,-2.1455078125,nan,nan,ok,
pm_periodic,hernquist3d,2020,2048,0.02,8,16,600,,nan,nan,2113.5,142.296875,5.75927734375,17530.41655038712,131139539.66132525,0.00940448293234001,1.2196996058293315,1551,-53.17578125,-51.44921875,-37.1484375,-425.15625,-645.96875,-2.15283203125,-1.85888671875,nan,nan,ok,
pm_periodic,hernquist3d,2021,2048,0.02,8,16,600,,nan,nan,2171.09375,143.59375,5.91259765625,15840.583387416664,115933310.4783269,0.00894124786272594,1.218692049026274,1561,-39.46484375,-44.8671875,-12.4375,-599.8125,-276.34375,-1.53369140625,-1.0693359375,nan,nan,ok,
pm_periodic,hernquist3d,2022,2048,0.02,8,16,600,,nan,nan,2124.75,150.5078125,5.89599609375,15096.372291577118,107399954.7447024,0.009736046653639472,1.2150875149042437,1561,-40.95703125,-31.171875,-31.9609375,-234.71875,-335.0625,-1.85107421875,-1.5419921875,nan,nan,ok,
pm_periodic,hernquist3d,2023,2048,0.02,8,16,600,,nan,nan,2154.28125,136.140625,5.3271484375,13417.61945660725,109287066.31107266,0.008940293722520762,1.229543820302542,1571,-52.71875,-48.703125,-33.21484375,-612.40625,-529.375,-1.73681640625,-1.07080078125,nan,nan,ok,
pm_periodic,hernquist3d,2024,2048,0.02,8,16,600,,nan,nan,2062.09375,131.5078125,5.2490234375,12292.319968515221,95619534.57120669,0.007986630587445042,1.1957353013380168,1599,-39.3828125,-45.5703125,-33.50390625,-483.03125,-564.84375,-1.70703125,-1.20947265625,nan,nan,ok,
pm_periodic,hernquist3d,2025,2048,0.02,8,16,600,,nan,nan,2039.375,124.125,4.826171875,13120.478457937501,104667759.1237024,0.007943694278212017,1.2244903204844708,1609,-34.18359375,-20.94140625,30.96875,-387.59375,295.09375,-1.6376953125,-1.7373046875,nan,nan,ok,
pm_periodic,hernquist3d,2026,2048,0.02,8,16,600,,nan,nan,1949.65625,131.6953125,4.9345703125,11493.632815533632,88610332.27202079,0.00784112420615535,1.224726070080502,1612,-57.71484375,-42.05078125,-18.08203125,-437.5,-95.0625,-2.62744140625,-1.84912109375,nan,nan,ok,
pm_periodic,hernquist3d,2027,2048,0.02,8,16,600,,nan,nan,1982.6875,119.55859375,5.02099609375,12720.12951652925,98620672.85842226,0.00798806179775281,1.2240872646651975,1596,-41.55859375,-40.53515625,-15.0390625,-509.28125,-396.46875,-2.0947265625,-1.6201171875,nan,nan,ok,
pm_periodic,hernquist3d,2028,2048,0.02,8,16,600,,nan,nan,2118.21875,133.23046875,5.146484375,14476.74446223181,109617457.71298137,0.008459407059110894,1.2179013135576349,1605,-47.40625,-51.625,-37.81640625,-456.1875,-747.59375,-2.20947265625,-1.69775390625,nan,nan,ok,
pm_periodic,hernquist3d,2029,2048,0.02,8,16,600,,nan,nan,2019.40625,133.18359375,5.96630859375,18158.98841418732,146647240.54769865,0.010394880465315096,1.2056175168399377,1588,-33.46484375,-25.41796875,-8.9765625,-378.96875,-338.5,-1.21875,-0.53515625,nan,nan,ok,
pm_periodic,plummer3d,2000,2048,0.02,8,16,600,,nan,nan,5225.15625,353.0234375,10.13134765625,12047.718266172691,37603450.12486854,0.011276506014899854,1.523460916978971,1169,-222.8828125,-225.40625,-200.2890625,-2261.0625,-2376.6875,-7.08056640625,-6.49267578125,nan,nan,ok,
pm_periodic,plummer3d,2001,2048,0.02,8,16,600,,nan,nan,4912.9375,335.83984375,9.658203125,10822.624582184359,33953677.805158034,0.010040417379091353,1.5703701223911684,1251,-244.98046875,-279.06640625,-223.7578125,-2527.375,-2228.8125,-7.54150390625,-7.13525390625,nan,nan,ok,
pm_periodic,plummer3d,2002,2048,0.02,8,16,600,,nan,nan,5042.1875,333.7578125,9.92822265625,11772.438143706324,36883106.57879915,0.010975474780166097,1.5183231350746564,1229,-210.796875,-226.2578125,-197.44921875,-2238.6875,-2747.5625,-6.642578125,-6.15673828125,nan,nan,ok,
pm_periodic,plummer3d,2003,2048,0.02,8,16,600,,nan,nan,4985.3125,338.96875,9.56689453125,11563.630566835225,35125357.332534015,0.010573781753786027,1.5289426170712939,1210,-231.3515625,-243.5546875,-229.7734375,-2374.375,-3170.25,-6.908203125,-6.67041015625,nan,nan,ok,
pm_periodic,plummer3d,2004,2048,0.02,8,16,600,,nan,nan,5069.34375,372.6015625,10.79833984375,12905.1623865711,37617512.9279029,0.011849944278212017,1.530926989059155,1201,-233.984375,-236.8203125,-212.5390625,-2190.53125,-2702.6875,-7.2421875,-6.36669921875,nan,nan,ok,
pm_periodic,plummer3d,2005,2048,0.02,8,16,600,,nan,nan,5131.3125,342.296875,9.953125,11639.73980275751,36612916.69103706,0.010944942293600391,1.5306992886596962,1199,-225.703125,-240.296875,-216.71875,-2445.5625,-2716.25,-7.255859375,-6.74951171875,nan,nan,ok,
pm_periodic,plummer3d,2006,2048,0.02,8,16,600,,nan,nan,5126.65625,340.01171875,9.26171875,11371.056726762698,37201918.63988806,0.01044258747557401,1.5074240284561573,1200,-213.64453125,-238.55859375,-200.2890625,-2169.28125,-2700.5,-6.30615234375,-5.96142578125,nan,nan,ok,
pm_periodic,plummer3d,2007,2048,0.02,8,16,600,,nan,nan,5182.90625,364.72265625,10.76025390625,13141.619329416299,38263432.45194781,0.012178168508793356,1.5157353410244294,1136,-221.96875,-233.11328125,-205.3828125,-2270.96875,-2810.28125,-7.02099609375,-6.02001953125,nan,nan,ok,
pm_periodic,plummer3d,2008,2048,0.02,8,16,600,,nan,nan,4899.71875,322.1875,9.494140625,11601.188044536777,39987632.17300592,0.010790371580361505,1.5175747745967771,1233,-201.56640625,-219.46875,-176.71875,-2064.96875,-2347.28125,-6.42041015625,-5.7890625,nan,nan,ok,
pm_periodic,plummer3d,2009,2048,0.02,8,16,600,,nan,nan,5114.0625,360.91796875,9.8916015625,12033.768707375204,34751222.10862234,0.01132373595505618,1.5142442826088072,1174,-219.76953125,-232.28125,-214.91796875,-2271.03125,-2610.5,-6.26806640625,-5.880859375,nan,nan,ok,
pm_periodic,plummer3d,2010,2048,0.02,8,16,600,,nan,nan,5170.28125,349.23828125,10.30859375,12367.262811338278,34943534.451976776,0.01154366527234978,1.5107822694318473,1200,-198.59765625,-203.41796875,-162.3046875,-2114.96875,-1964.5,-6.65380859375,-6.18798828125,nan,nan,ok,
pm_periodic,plummer3d,2011,2048,0.02,8,16,600,,nan,nan,5041.96875,365.1328125,10.34814453125,12234.918001609189,33031148.782638516,0.01142439774670249,1.515527790931783,1158,-217.79296875,-218.21484375,-207.265625,-2182.375,-2491.875,-6.44482421875,-6.14306640625,nan,nan,ok,
pm_periodic,plummer3d,2012,2048,0.02,8,16,600,,nan,nan,5130.21875,335.1953125,9.73681640625,11744.238876806194,37977109.13619775,0.010761747374206156,1.526404430358184,1216,-226.0390625,-223.83984375,-206.61328125,-2488.4375,-2452.84375,-6.99072265625,-6.486328125,nan,nan,ok,
pm_periodic,plummer3d,2013,2048,0.02,8,16,600,,nan,nan,5035.1875,335.41015625,9.35791015625,11241.034226206655,37221082.106696405,0.010597158188812896,1.5351476418904881,1236,-223.26171875,-251.41796875,-208.359375,-2305.4375,-2511.5625,-6.67919921875,-6.35595703125,nan,nan,ok,
pm_periodic,plummer3d,2014,2048,0.02,8,16,600,,nan,nan,5108.53125,319.3515625,8.810546875,10422.192677811341,34924327.66720128,0.009640632633121642,1.5264164991514106,1230,-210.578125,-231.796875,-200.22265625,-2425.21875,-2883.625,-5.884765625,-6.10009765625,nan,nan,ok,
pm_periodic,plummer3d,2015,2048,0.02,8,16,600,,nan,nan,5075.375,333.09765625,8.85595703125,10792.957138991915,36044292.468086585,0.009956453041035662,1.5200617516616486,1242,-221.73828125,-241.50390625,-209.16015625,-2341.21875,-2763.0,-6.12890625,-5.89794921875,nan,nan,ok,
pm_periodic,plummer3d,2016,2048,0.02,8,16,600,,nan,nan,5084.09375,347.9296875,9.2470703125,10878.312841943145,31342409.58612738,0.010256053065461651,1.5284573809436859,1231,-230.14453125,-254.53515625,-222.48828125,-2350.34375,-3008.875,-6.40185546875,-6.12890625,nan,nan,ok,
pm_periodic,plummer3d,2017,2048,0.02,8,16,600,,nan,nan,4948.46875,353.20703125,9.40185546875,11715.818474096914,39793324.871488266,0.010789417440156327,1.5084271886480112,1202,-219.94921875,-220.28125,-202.88671875,-2107.53125,-2329.96875,-6.23876953125,-5.87646484375,nan,nan,ok,
pm_periodic,plummer3d,2018,2048,0.02,8,16,600,,nan,nan,5108.28125,355.08984375,9.77880859375,11982.900069117886,34922145.282039404,0.011155807278944798,1.5451703216230954,1162,-219.88671875,-238.73828125,-207.84375,-2369.0625,-2535.65625,-6.52001953125,-6.07275390625,nan,nan,ok,
pm_periodic,plummer3d,2019,2048,0.02,8,16,600,,nan,nan,5086.6875,357.75390625,9.3291015625,11111.990102141452,35334581.849807724,0.010457376648754275,1.520771716965274,1228,-243.765625,-268.83203125,-234.20703125,-2293.5,-3002.75,-6.58447265625,-6.2451171875,nan,nan,ok,
pm_periodic,plummer3d,2020,2048,0.02,8,16,600,,nan,nan,4951.90625,344.52734375,9.6787109375,12358.746801671337,40186308.980469644,0.011367149334391792,1.5217780974824784,1192,-225.87109375,-231.03125,-210.609375,-2135.78125,-2534.0,-6.52685546875,-6.2197265625,nan,nan,ok,
pm_periodic,plummer3d,2021,2048,0.02,8,16,600,,nan,nan,5130.9375,352.34765625,9.9111328125,12290.263407657101,38587140.86787681,0.011237386266487542,1.5312446819331518,1196,-214.1171875,-214.8359375,-197.0546875,-2286.875,-2622.15625,-6.38037109375,-5.97509765625,nan,nan,ok,
pm_periodic,plummer3d,2022,2048,0.02,8,16,600,,nan,nan,4984.8125,357.5546875,10.02783203125,12455.679939097929,32914545.674548984,0.011663409868099658,1.5168860491560858,1215,-212.98046875,-225.91015625,-200.984375,-2100.90625,-2560.28125,-6.50439453125,-5.5380859375,nan,nan,ok,
pm_periodic,plummer3d,2023,2048,0.02,8,16,600,,nan,nan,5127.75,353.4140625,10.0009765625,11459.451909795625,34284617.625023946,0.011032723192476796,1.5385285124470256,1191,-233.21875,-247.4921875,-223.71484375,-2398.78125,-2988.78125,-6.80322265625,-6.76806640625,nan,nan,ok,
pm_periodic,plummer3d,2024,2048,0.02,8,16,600,,nan,nan,4954.9375,327.12890625,9.2080078125,10988.857852476172,33287798.523108736,0.010171134587200781,1.4949218824441735,1242,-193.5078125,-205.3828125,-180.44921875,-2042.90625,-2685.75,-5.75,-5.33544921875,nan,nan,ok,
pm_periodic,plummer3d,2025,2048,0.02,8,16,600,,nan,nan,5032.78125,340.68359375,9.22900390625,11011.765558691468,39973153.918082535,0.010275135869565218,1.524959231513907,1243,-234.6328125,-254.18359375,-219.57421875,-2170.4375,-2832.78125,-6.65087890625,-6.2236328125,nan,nan,ok,
pm_periodic,plummer3d,2026,2048,0.02,8,16,600,,nan,nan,5152.0625,328.953125,8.984375,11054.910737010567,33132786.71833282,0.010316163898387885,1.5299280979427183,1241,-214.34765625,-244.19140625,-205.94140625,-2321.53125,-2929.6875,-6.29638671875,-5.98974609375,nan,nan,ok,
pm_periodic,plummer3d,2027,2048,0.02,8,16,600,,nan,nan,5194.78125,335.12109375,8.92578125,11099.529892271054,42214071.66574229,0.010164455605764533,1.5329613010667669,1250,-228.7421875,-252.5390625,-201.47265625,-2537.03125,-2495.5,-6.287109375,-5.7958984375,nan,nan,ok,
pm_periodic,plummer3d,2028,2048,0.02,8,16,600,,nan,nan,4924.84375,354.85546875,9.69580078125,11521.984097817625,37579391.21898193,0.010721196415486077,1.5271411167982079,1214,-238.82421875,-240.98828125,-216.15234375,-2267.875,-2239.21875,-6.7998046875,-6.46435546875,nan,nan,ok,
pm_periodic,plummer3d,2029,2048,0.02,8,16,600,,nan,nan,5101.875,346.01953125,9.841796875,12490.334830371246,43133730.983232304,0.011455407303370786,1.5124615915404525,1197,-204.90625,-209.33203125,-188.4921875,-2359.75,-2581.34375,-6.0263671875,-5.6826171875,nan,nan,ok,
direct_isolated,bimodal3d,2000,2048,0.05,8,16,600,0.0005391316829705006,3.3019968343175155,18.1386727608355,2801.78125,357.33984375,22.09027099609375,18034.872664675197,210482192.9733984,0.2266050257985742,2.1528210351516317,758,-344.93210220336914,-355.396728515625,-356.5593605041504,-2340.420166015625,-2786.939697265625,-21.549079477787018,-22.028973162174225,0.31924806838391395,2.9853242180994473,ok,
direct_isolated,bimodal3d,2001,2048,0.05,8,16,600,0.0004736396690938457,3.540162868172349,22.62856768747614,2754.7646484375,353.53489685058594,21.277705907821655,18161.951683835676,159701681.39383668,0.22580368157579553,2.2304488356950913,751,-344.2686653137207,-352.4016914367676,-353.1693000793457,-2421.553955078125,-2750.444580078125,-20.81160145998001,-21.2353418469429,0.3681759066317818,3.2392324091827644,ok,
direct_isolated,bimodal3d,2002,2048,0.05,8,16,600,0.0005204457918120517,3.3140811357839652,17.77338416715467,2814.77734375,359.25872802734375,21.567336082458496,18017.459364288676,186441358.3897102,0.2227904216870424,2.146074905860459,817,-346.0889015197754,-357.6402015686035,-358.8071937561035,-2299.111572265625,-2806.644775390625,-21.008438646793365,-21.523018896579742,0.31604670774742394,2.840125709459376,ok,
direct_isolated,bimodal3d,2003,2048,0.05,8,16,600,0.00053315348292015,3.345959346932308,18.829281172920524,2825.7802734375,359.84812927246094,21.110786199569702,17748.01247188139,207145355.53297517,0.21999427070102345,2.1706311102074034,757,-348.603271484375,-358.52617263793945,-359.2081184387207,-2421.390625,-2813.866455078125,-20.56917953491211,-21.054063618183136,0.33676924941826814,2.959795477759561,ok,
direct_isolated,bimodal3d,2004,2048,0.05,8,16,600,0.0006419027394905051,3.169549940686676,16.14268543960779,2878.4375,379.3046875,24.41253662109375,19553.14563551092,257737344.9774157,0.24802867383512545,2.1648895816606237,779,-365.87805557250977,-377.520450592041,-378.326416015625,-2367.492431640625,-2861.328125,-23.85975843667984,-24.32840347290039,0.3060713039562044,2.835852272832221,ok,
direct_isolated,bimodal3d,2005,2048,0.05,8,16,600,0.0005565552364004019,3.3137654111384016,18.439688185153855,2891.1787109375,355.64195251464844,22.051229238510132,18078.302636457673,202528485.08609802,0.2245154855226844,2.169158762607171,762,-343.9662322998047,-354.00175857543945,-355.0331916809082,-2452.7763671875,-2880.796142578125,-21.53096652030945,-21.996948063373566,0.3254629397467954,3.0035657350494436,ok,
direct_isolated,bimodal3d,2006,2048,0.05,8,16,600,0.0005443826450483661,3.205752882729199,16.33876009630046,2865.124755859375,365.65844345092773,22.39447396993637,18363.13275589674,185993586.3765176,0.22975393677550346,2.1335608985775734,783,-351.4390563964844,-364.0122184753418,-364.6718444824219,-2369.349609375,-2848.248046875,-21.81856679916382,-22.328185558319092,0.3000283156921284,2.7822391521894767,ok,
direct_isolated,bimodal3d,2007,2048,0.05,8,16,600,0.0005817544590050005,3.1820241726663827,15.708735914569417,2869.55859375,372.45208740234375,23.39054775238037,18789.827095297394,223634309.78489485,0.23944745252997182,2.1493400100270588,782,-359.4225616455078,-370.0808868408203,-370.873477935791,-2381.6689453125,-2836.949462890625,-22.84760594367981,-23.28943544626236,0.32301223162266335,2.8164476953444932,ok,
direct_isolated,bimodal3d,2008,2048,0.05,8,16,600,0.0005232362801396832,3.247838935530846,17.236604755250347,2807.02734375,358.82855224609375,22.292853355407715,18369.79662892605,214946685.13559285,0.23167992522194752,2.144788821990233,817,-347.677921295166,-357.35498046875,-358.166015625,-2376.371337890625,-2794.3125,-21.755374014377594,-22.230255126953125,0.3167746626028757,2.8475668069116873,ok,
direct_isolated,bimodal3d,2009,2048,0.05,8,16,600,0.0005918056221456617,3.2009004933013934,15.499734600957419,2844.718505859375,363.39623641967773,22.80657571554184,18576.55677626129,233479700.8036644,0.23582564726813052,2.1415723769925727,774,-348.3128967285156,-359.66674423217773,-359.2641906738281,-2282.369140625,-2786.470703125,-22.220831394195557,-22.649757862091064,0.29717748978332015,2.8451369210485065,ok,
direct_isolated,bimodal3d,2010,2048,0.05,8,16,600,0.0006046771444023351,3.178546584089645,15.612975356705986,2827.8349609375,368.30308532714844,23.178624868392944,18583.40955120679,219312053.83082265,0.23570301801099033,2.133071704600979,687,-354.55406188964844,-366.2819404602051,-367.02734375,-2310.6787109375,-2803.8125,-22.619069814682007,-23.09442138671875,0.29610945424777046,2.747196962970678,ok,
direct_isolated,bimodal3d,2011,2048,0.05,8,16,600,0.0006137752542963016,3.19003177655839,16.46880140357004,2899.21484375,368.87396240234375,23.46525478363037,18823.20326095718,218174478.60803625,0.2384746716122954,2.1339827137160947,768,-355.80359268188477,-366.93353271484375,-368.3405303955078,-2362.383056640625,-2891.3564453125,-22.900465071201324,-23.41260838508606,0.29748271718099695,2.8069991011458737,ok,
direct_isolated,bimodal3d,2012,2048,0.05,8,16,600,0.0005549701017403872,3.283549422121996,18.061325086648207,2865.2099609375,366.09898376464844,22.586385488510132,18299.365829672028,221038690.50666666,0.22868877772508345,2.16967740763624,792,-353.9420967102051,-364.44140625,-365.6239814758301,-2404.153564453125,-2858.481689453125,-22.06077128648758,-22.53816157579422,0.3303340929277555,3.0332113491270976,ok,
direct_isolated,bimodal3d,2013,2048,0.05,8,16,600,0.0005383501453969466,3.3344945771346803,18.5268645860476,2775.265625,359.275146484375,22.60195541381836,18681.47547126565,172345399.68795177,0.2323218337412681,2.175127823681815,739,-348.28927993774414,-357.9140625,-358.740234375,-2377.998291015625,-2769.1875,-22.074924051761627,-22.539215087890625,0.33272572038515946,2.9894129753509113,ok,
direct_isolated,bimodal3d,2014,2048,0.05,8,16,600,0.0005196995392273002,3.2699450113608397,17.098121414950008,2852.175537109375,365.273006439209,21.849572122097015,18225.60444824363,182051191.59037915,0.22485042192824067,2.1425715017929248,760,-352.17426681518555,-363.0262756347656,-364.4136657714844,-2406.824951171875,-2835.880859375,-21.2904731631279,-21.777154445648193,0.3106021409038848,2.865490230497537,ok,
direct_isolated,bimodal3d,2015,2048,0.05,8,16,600,0.0005603391380594122,3.274076429575176,17.213885860458454,2807.6943359375,359.92295837402344,22.387101888656616,18313.80967211405,216981584.2634076,0.22794708144892006,2.1461735404143263,793,-346.67949295043945,-358.35289001464844,-359.4019966125488,-2269.378173828125,-2799.555908203125,-21.80959779024124,-22.3378546833992,0.3026259220839914,2.833312844208273,ok,
direct_isolated,bimodal3d,2016,2048,0.05,8,16,600,0.0005629545057951854,3.30306066477924,18.078943610781437,2826.1865234375,366.07371520996094,22.95354437828064,18497.82868595545,206191871.19084996,0.23057869626967906,2.1655403222305396,753,-352.77513122558594,-364.27903747558594,-365.5496826171875,-2340.0458984375,-2818.2109375,-22.37746787071228,-22.898359298706055,0.3285946520461791,2.9455861744587084,ok,
direct_isolated,bimodal3d,2017,2048,0.05,8,16,600,0.0005146145696337593,3.259867825087566,16.79965707332947,2836.306396484375,356.36782455444336,21.333414494991302,18089.01740026998,186295331.3784746,0.22311367083033365,2.13524518258706,792,-343.3407402038574,-354.3156394958496,-355.5134582519531,-2344.541748046875,-2818.517578125,-20.789229094982147,-21.262417316436768,0.3073362351752267,2.9325535149963624,ok,
direct_isolated,bimodal3d,2018,2048,0.05,8,16,600,0.0005292321460040731,3.3598047905462245,18.51398732629995,2869.562255859375,350.84203720092773,22.89300912618637,18532.079293189934,197119043.53282726,0.23045039780909884,2.180365384229215,766,-338.69775009155273,-348.9085998535156,-349.6741027832031,-2416.234130859375,-2830.173828125,-22.363227784633636,-22.8174786567688,0.3285845986568916,2.9851132840732504,ok,
direct_isolated,bimodal3d,2019,2048,0.05,8,16,600,0.0005023766363854684,3.295094447049753,18.233463523603326,2809.671875,363.181396484375,21.74703598022461,18228.754961971244,167954904.30966428,0.2237075020661601,2.1651205942660883,770,-352.3487892150879,-361.71266174316406,-362.64673233032227,-2404.588134765625,-2802.250244140625,-21.221483767032623,-21.69769674539566,0.32512585459109145,2.9989306188063893,ok,
direct_isolated,bimodal3d,2020,2048,0.05,8,16,600,0.0005638293019409905,3.2549350855282095,17.286360366866717,2798.9365234375,355.56297302246094,22.951606512069702,18398.843341682557,205678042.0257653,0.22959060080495178,2.145210189614305,793,-343.478271484375,-354.0021858215332,-354.8513374328613,-2327.765625,-2782.626220703125,-22.42123031616211,-22.890957176685333,0.3239278924574085,2.8577569554258853,ok,
direct_isolated,bimodal3d,2021,2048,0.05,8,16,600,0.0005487173696072335,3.2401760292423116,16.982863261617375,2863.591552734375,365.8932762145996,23.473094403743744,18741.943214585717,196283123.51750004,0.2346636585735807,2.156786123517316,729,-354.3716850280762,-364.1696586608887,-365.17620849609375,-2412.240966796875,-2853.65234375,-22.920510947704315,-23.399786949157715,0.32061879196112886,2.895623155300414,ok,
direct_isolated,bimodal3d,2022,2048,0.05,8,16,600,0.0005791440308464569,3.223849303372394,16.318999925632763,2837.644287109375,361.035213470459,22.492585122585297,18496.71149220458,220318818.42452925,0.23423825851397795,2.1470955823044697,780,-347.73663330078125,-358.6445617675781,-359.4584045410156,-2320.83203125,-2795.587890625,-21.943760871887207,-22.40029001235962,0.2990790258854511,2.8174175893359683,ok,
direct_isolated,bimodal3d,2023,2048,0.05,8,16,600,0.0005869773958547968,3.2526863473516836,17.20423901280819,2880.843505859375,381.11108016967773,23.83196634054184,19105.54169515248,214056433.94150764,0.24312886716064472,2.1744434725675013,832,-368.1943473815918,-378.883056640625,-379.7833366394043,-2390.797607421875,-2857.524169921875,-23.279129207134247,-23.744386851787567,0.3224669028112389,2.8975502354321443,ok,
direct_isolated,bimodal3d,2024,2048,0.05,8,16,600,0.0005690608252579392,3.1286885098674313,13.853809425155927,2859.9052734375,367.50047302246094,23.165961980819702,18483.833625494815,210552314.86782634,0.230800337861576,2.1144490970224545,755,-352.00852966308594,-364.1479949951172,-365.152587890625,-2303.2333984375,-2804.671875,-22.585582494735718,-23.050540924072266,0.26879598717335085,2.5674613518355676,ok,
direct_isolated,bimodal3d,2025,2048,0.05,8,16,600,0.0005793121751776476,3.2327899550403996,17.47490454160404,2819.0537109375,372.45933532714844,23.633702993392944,19094.21457227755,192066091.3408151,0.23891740897305408,2.1649619341265063,707,-361.45703125,-371.22105407714844,-371.9988899230957,-2389.3125,-2814.538330078125,-23.1153564453125,-23.584852039813995,0.3084384768712387,2.8542057132963805,ok,
direct_isolated,bimodal3d,2026,2048,0.05,8,16,600,0.0004971807410275668,3.317886714320991,18.233197559470902,2849.029052734375,364.2043113708496,22.18254417181015,18347.264342956365,153170011.5964024,0.22645399337704522,2.1595555015042067,742,-352.2663383483887,-362.8917541503906,-363.6974754333496,-2414.373779296875,-2843.279052734375,-21.660258948802948,-22.127017438411713,0.3353451888007478,2.9835680422470388,ok,
direct_isolated,bimodal3d,2027,2048,0.05,8,16,600,0.0005116240572487942,3.31560080488563,18.38457274360021,2866.073974609375,365.6171226501465,22.297820031642914,18524.391114609978,187085717.5923362,0.22955301810374273,2.17873645173817,758,-354.10151290893555,-364.07323837280273,-365.03954696655273,-2421.137451171875,-2856.171630859375,-21.783538043498993,-22.23593896627426,0.3373777247340678,2.935061463440682,ok,
direct_isolated,bimodal3d,2028,2048,0.05,8,16,600,0.00058571564842246,3.2268844840480924,16.80153919901328,2837.0302734375,371.66844177246094,23.181098699569702,18912.87460331022,218425011.81675342,0.23849017739698194,2.1672032514861805,712,-358.8546333312988,-369.7226753234863,-370.4474678039551,-2369.180908203125,-2815.278564453125,-22.64955359697342,-23.103396713733673,0.3334062754590589,2.8933785071079385,ok,
direct_isolated,bimodal3d,2029,2048,0.05,8,16,600,0.000540267971242267,3.2248559344473757,16.200801611934594,2801.175537109375,351.944881439209,22.746056497097015,18357.024896915507,188588341.10306227,0.227888187916116,2.1387745216332434,744,-338.7062072753906,-349.74267578125,-350.8356018066406,-2337.478515625,-2782.322265625,-22.17430353164673,-22.66881799697876,0.31673217971744216,2.866038430472715,ok,
direct_isolated,cold_clumpy3d,2000,2048,0.05,8,16,600,0.000196181545077214,0.005894964804947974,0.6213416787762889,8793.6875,878.56640625,36.97021484375,26756.475121431773,492340213.9940803,0.19112143914875426,0.08769608760409162,751,79.16796875,530.74609375,294.85451889038086,2510.5625,13769.111083984375,35.35205078125,34.972977101802826,-0.20511852726650315,-0.31533094072851214,ok,
direct_isolated,cold_clumpy3d,2001,2048,0.05,8,16,600,0.00016585079747828476,0.006593595947423875,0.8024166302941509,8456.90625,879.87890625,37.83642578125,27036.939142539457,521417661.907894,0.1916839047997069,0.09097152900933439,705,82.5625,-174.28125,260.405330657959,4455.71875,16429.019287109375,34.31298828125,18.886246621608734,-0.10501289383576318,-0.44205212806275096,ok,
direct_isolated,cold_clumpy3d,2002,2048,0.05,8,16,600,0.00023234630081188376,0.006232767711718539,0.6549638586369324,6950.125,632.015625,34.64599609375,26805.514681941666,501316732.5827534,0.19091439072423058,0.0871255336766844,541,161.92578125,558.7949180603027,537.0125389099121,2062.78125,4921.505615234375,26.5419921875,35.83939880132675,-0.10476768979031326,-0.4830897784896486,ok,
direct_isolated,cold_clumpy3d,2003,2048,0.05,8,16,600,0.00010591898161222518,0.006341145557697065,0.6201380627756068,9381.90625,643.94140625,40.9951171875,26881.613329525862,544626150.6081948,0.19103556653028822,0.08893402043581744,630,279.578125,431.71875,259.83596420288086,4796.40625,4741.861083984375,22.63720703125,19.95230144262314,-0.08217633166529048,-0.4225614936534542,ok,
direct_isolated,cold_clumpy3d,2004,2048,0.05,8,16,600,0.0002331236875793121,0.005646276109798849,0.7151771753144397,9708.21875,879.90234375,43.8349609375,27244.750892711254,523782436.0180299,0.21015939866267708,0.08922764208377634,1097,142.53125,444.447021484375,563.3009910583496,957.65625,4338.560302734375,24.0986328125,29.728488385677338,-0.08675325369773379,-0.36576728123274627,ok,
direct_isolated,cold_clumpy3d,2005,2048,0.05,8,16,600,0.00014681092644703038,0.005965504549410873,0.8684019592575877,7788.0,643.1328125,40.158203125,26874.599852048912,492858273.82573235,0.19148592070713238,0.08743668158984176,673,233.546875,585.00390625,858.7396850585938,1854.125,8656.83984375,11.787109375,49.56752681732178,-0.12087416289298936,-0.39770328261657184,ok,
direct_isolated,cold_clumpy3d,2006,2048,0.05,8,16,600,0.0003298544506174627,0.0058898330243462175,0.7966532031033141,7943.09375,758.06640625,35.72607421875,26876.80201904947,479396286.740271,0.18998362695407914,0.08732943983936034,575,868.203125,594.1054534912109,663.8550682067871,11484.875,5862.146240234375,46.255859375,42.871362149715424,-0.1217268723381435,-0.574552910268488,ok,
direct_isolated,cold_clumpy3d,2007,2048,0.05,8,16,600,0.0001473925953402601,0.005760745419636383,0.6140867344777493,9484.3125,722.16015625,36.740234375,27040.090721024055,501488449.1315452,0.1968033440705911,0.08800090303710986,803,373.97265625,897.69921875,213.34068298339844,4989.625,4218.7412109375,50.0546875,8.9269540309906,-0.1205841207836233,-0.36913336713504064,ok,
direct_isolated,cold_clumpy3d,2008,2048,0.05,8,16,600,0.000251375474701802,0.005460677705818781,0.6457242011840569,12418.53125,1384.84765625,40.32373046875,27373.351865409626,528536325.6627699,0.26361796607840743,0.0877288350302482,488,-13.3359375,356.21875,-330.97092056274414,-645.71875,4256.376708984375,50.337890625,18.528866231441498,-0.058567119648417654,-0.5017504671699573,ok,
direct_isolated,cold_clumpy3d,2009,2048,0.05,8,16,600,0.00012195986178447534,0.006018642122125866,0.5851082003437091,9193.59375,725.859375,35.6357421875,26699.932690177866,553808229.687118,0.19090675760258916,0.08744658129505656,806,408.72265625,237.01953125,91.11339950561523,5248.8125,3266.085693359375,43.69921875,9.775606095790863,-0.08882187823877585,-0.40625607815453024,ok,
direct_isolated,cold_clumpy3d,2010,2048,0.05,8,16,600,0.00023762921162656704,0.005138619673996392,0.7118889029615362,9541.1875,731.55859375,35.83837890625,26687.922021880273,490326767.5682727,0.19159564683072788,0.08623849593763133,1286,1190.2734375,678.0075531005859,1215.9755821228027,30615.625,21599.890380859375,87.51025390625,73.34669488668442,-0.25823912735341825,-0.26748078633314387,ok,
direct_isolated,cold_clumpy3d,2011,2048,0.05,8,16,600,0.0001747581737533177,0.005851450222085489,0.7351755090291631,10592.46875,908.37890625,35.6796875,27141.072553487094,506098360.91176724,0.1939266113519785,0.08817532560389682,721,216.796875,96.68941879272461,346.65176010131836,932.6875,9341.790771484375,31.515625,26.184286534786224,-0.08981015716838942,-0.4177306616497336,ok,
direct_isolated,cold_clumpy3d,2012,2048,0.05,8,16,600,0.00044218812261726794,0.005463084013442655,0.7899426471393144,11312.46875,842.70703125,33.638671875,26724.04824997428,518898090.1352917,0.19142151624328285,0.08773067466668225,785,3150.35546875,1307.034652709961,663.3254241943359,24359.15625,16425.1083984375,92.9970703125,42.6325261592865,-0.19255946246967656,-0.2863161084000813,ok,
direct_isolated,cold_clumpy3d,2013,2048,0.05,8,16,600,0.00031099426158435735,0.005993822205063662,0.729373713758408,12399.4375,985.40625,41.279296875,27007.14183391101,538621558.8419414,0.19110521876526623,0.0883796080342383,654,373.10546875,-203.546875,161.31423568725586,1313.125,351.595458984375,84.91845703125,19.555233418941498,-0.1351705119218175,-0.4908804332810446,ok,
direct_isolated,cold_clumpy3d,2014,2048,0.05,8,16,600,0.00018795922954579355,0.006293124429878527,0.6657343989736602,7875.15625,722.640625,38.61572265625,26907.946438539147,482821735.9219934,0.19069350726673182,0.08675454622711243,530,184.73828125,169.3828125,266.79809188842773,837.03125,5315.906005859375,30.7861328125,13.856372773647308,-0.09866208071362004,-0.4608331930390179,ok,
direct_isolated,cold_clumpy3d,2015,2048,0.05,8,16,600,0.00016640715156607022,0.006618605786339122,0.6891250565156949,5542.40625,667.77734375,33.6953125,27040.732626912504,517997835.81219864,0.1911324117611138,0.08680103415706866,564,259.0625,807.62890625,216.36668395996094,2113.4375,11510.3115234375,33.46630859375,12.83599066734314,-0.05926590655215869,-0.39172846139138034,ok,
direct_isolated,cold_clumpy3d,2016,2048,0.05,8,16,600,0.0005244324027984513,0.0060078511302228904,0.9615563586460361,11615.46875,811.0,38.484375,26788.49834553828,522405811.8282901,0.1961268586651197,0.0885309423736034,776,116.97265625,396.84765625,377.25572204589844,861.09375,4485.3037109375,48.24560546875,38.81191802024841,-0.09349886818141395,-0.5315199221103025,ok,
direct_isolated,cold_clumpy3d,2017,2048,0.05,8,16,600,0.0001013568033198155,0.006078528883122142,0.6116707960642757,9752.59375,935.97265625,32.7705078125,26848.664559033656,460051039.13884825,0.19077174676355643,0.08664393865200984,771,-177.09375,972.0800743103027,113.56040954589844,2043.09375,9032.3349609375,43.236328125,10.161710500717163,-0.11288152395070339,-0.41143688757625857,ok,
direct_isolated,cold_clumpy3d,2018,2048,0.05,8,16,600,0.00016032188797966416,0.006570668138956158,0.5892149434919302,7663.34375,768.58203125,38.75634765625,26810.528607231026,541792162.2401733,0.19167865702857842,0.08825598262765152,712,132.72265625,551.078125,80.939208984375,859.1875,8366.078125,31.9306640625,22.17531967163086,-0.07935953748551672,-0.46412098480840397,ok,
direct_isolated,cold_clumpy3d,2019,2048,0.05,8,16,600,0.0002697594521692063,0.005157708589798533,0.7078857385008124,12609.84375,795.5859375,37.310546875,26894.650147440916,503664212.6189511,0.21081107642281388,0.08702184317455698,828,511.76953125,989.8495750427246,593.3573608398438,12278.3125,2899.02734375,39.61083984375,34.62869167327881,-0.20166416812748,-0.35394384860360095,ok,
direct_isolated,cold_clumpy3d,2020,2048,0.05,8,16,600,0.0004461633669469423,0.004649042595869808,0.7708794055695649,8310.40625,534.9921875,35.25927734375,27234.926300790772,489925332.83459663,0.21434902830361505,0.08664495061004765,1524,3082.89453125,1395.9040489196777,1813.698959350586,43237.6875,20972.3271484375,83.17626953125,56.115108251571655,-0.24720664653686303,-0.256931728423652,ok,
direct_isolated,cold_clumpy3d,2021,2048,0.05,8,16,600,0.0002715143007569054,0.0061536947925656445,0.6842967003866941,10308.5625,971.35546875,39.333984375,26969.883329359593,575740979.6835244,0.19137333216292135,0.08803611993723329,529,727.16015625,1070.87109375,-329.0903968811035,8554.84375,2512.167724609375,88.29833984375,11.109824120998383,-0.1299873178195058,-0.3418319300626451,ok,
direct_isolated,cold_clumpy3d,2022,2048,0.05,8,16,600,0.00020659568188248685,0.005988257598309722,0.6951218605456748,10496.125,1003.62890625,34.83984375,26959.157279627958,514927157.06823266,0.1916877213605276,0.08764641313311952,538,126.61328125,-212.3705177307129,405.323299407959,-1106.46875,4209.425537109375,48.8173828125,36.606949746608734,-0.10035643409840778,-0.394769641621452,ok,
direct_isolated,cold_clumpy3d,2023,2048,0.05,8,16,600,0.0004017841042451905,0.006022309485668226,0.8502102942283,7773.0625,730.45703125,36.38134765625,26545.50769116234,484771169.2395766,0.1893252702125061,0.08783055525681976,759,220.44140625,184.4980125427246,288.21218490600586,5290.1875,11066.064208984375,34.48974609375,50.03545039892197,-0.13492326469967492,-0.37260884185641496,ok,
direct_isolated,cold_clumpy3d,2024,2048,0.05,8,16,600,0.00018852765064328726,0.006080814642518551,0.6135810709002375,8161.75,748.421875,40.41357421875,26964.358996573832,536158349.11314213,0.19105512640449437,0.08637879471763221,659,186.0703125,525.093318939209,481.49782943725586,130.59375,8906.251708984375,36.7216796875,49.0957607626915,-0.08810336650937634,-0.3481095921666351,ok,
direct_isolated,cold_clumpy3d,2025,2048,0.05,8,16,600,0.00014240856086763213,0.006631974459075503,0.5635564302203661,8096.0,696.5234375,36.3759765625,26618.716395018848,491836357.4512358,0.19020212506106499,0.08702947376558022,500,281.890625,368.015625,167.562255859375,1136.65625,3436.140625,35.208984375,29.728389739990234,-0.05383886798050708,-0.4168055806217075,ok,
direct_isolated,cold_clumpy3d,2026,2048,0.05,8,16,600,0.00016624869650889185,0.006031999217631507,0.6670181320945997,8260.4375,754.8984375,43.78662109375,26861.324717170446,476730410.3599183,0.19036528303615047,0.08696177029015786,775,152.56640625,540.3602256774902,44.438045501708984,834.1875,5593.363037109375,29.76953125,5.580910623073578,-0.1393639390704735,-0.3544999756403664,ok,
direct_isolated,cold_clumpy3d,2027,2048,0.05,8,16,600,0.00013868507967967596,0.00623278641171357,0.6040864711899137,9478.65625,899.68359375,43.748046875,27201.76535849942,504089664.38542235,0.19155461880190522,0.08880503918595697,491,236.43359375,364.45703125,-69.06341934204102,16.0625,8942.144287109375,49.88623046875,0.9443520903587341,-0.07594356112336798,-0.35367925456677163,ok,
direct_isolated,cold_clumpy3d,2028,2048,0.05,8,16,600,0.00040652819626634077,0.005846145129228738,0.9720503178179447,8683.875,931.73046875,39.5888671875,27038.21432123833,545728814.3024864,0.19186709971910113,0.08745498893637896,693,122.19921875,326.82420349121094,177.5395164489746,1576.96875,2396.825927734375,47.912109375,46.4001230597496,-0.10967636816597937,-0.40290357448245895,ok,
direct_isolated,cold_clumpy3d,2029,2048,0.05,8,16,600,0.000247788987450479,0.0055516851134364475,0.7256522399060855,9943.96875,1088.7421875,40.0546875,26770.75484208403,466786089.57998574,0.1908299493160723,0.08675709086164886,1050,-183.4453125,-186.14673233032227,459.29437255859375,-640.03125,8511.52734375,38.09814453125,29.787741661071777,-0.14462645097003407,-0.32308272787732906,ok,
direct_isolated,hernquist3d,2000,2048,0.05,8,16,600,0.012466483005147298,1.9937663216941977,1.9887691438270554,2183.134521484375,143.65029525756836,5.662290990352631,7772.9719242500005,86833245.96986906,0.11383648604227234,1.2205068901510239,1014,-66.75748825073242,-80.46085739135742,-55.21622848510742,-590.244873046875,-739.447998046875,-3.280237853527069,-2.7949129939079285,0.13962726318436114,0.8451417438809541,ok,
direct_isolated,hernquist3d,2001,2048,0.05,8,16,600,0.0003842465961765049,2.255289834752754,2.545004117964839,2021.1162109375,119.27574157714844,5.098180532455444,7361.8859071481265,82900935.45428006,0.10598856814652893,1.259602166664776,1038,-66.42119216918945,-66.75026321411133,-67.66300964355469,-679.503173828125,-1077.7451171875,-3.70515900850296,-3.624373197555542,0.15722490066617356,1.1668240627151127,ok,
direct_isolated,hernquist3d,2002,2048,0.05,8,16,600,0.0019949942130213965,2.038317556006579,2.0691155138260244,2033.681396484375,137.98110580444336,5.6465858817100525,7888.038087098711,92021774.7520065,0.11896849791271617,1.226680641802401,1009,-57.09933090209961,-65.96212387084961,-61.28292465209961,-521.185302734375,-863.216552734375,-3.3250688910484314,-2.8224443793296814,0.12261971536309174,0.873302143963347,ok,
direct_isolated,hernquist3d,2003,2048,0.05,8,16,600,0.000845547223800707,2.1063818446947264,2.2059719005940317,2063.355224609375,131.74163436889648,5.364584863185883,7582.7966475832245,102565344.50543508,0.1123199598841296,1.2279440538472668,990,-67.66308212280273,-71.470947265625,-63.655242919921875,-644.140380859375,-1061.341796875,-3.5229644179344177,-2.9941248893737793,0.16513412433961028,0.932349831056285,ok,
direct_isolated,hernquist3d,2004,2048,0.05,8,16,600,0.0023557234353046392,1.9648562823756446,1.939869477014179,2315.364990234375,144.2779197692871,6.376260221004486,8234.883276917351,125262725.81505343,0.12351920103384162,1.2169368185882496,969,-50.744232177734375,-58.76682662963867,-49.39907455444336,-550.162109375,-1028.650146484375,-3.0375685691833496,-3.1809486746788025,0.10702378861128786,0.7730977793444462,ok,
direct_isolated,hernquist3d,2005,2048,0.05,8,16,600,0.0017144393188861643,2.0550278193840086,2.1030214169785486,2056.4755859375,137.75743103027344,5.5496766567230225,7670.990248060406,96937848.8394885,0.1122643576907376,1.2188815003572977,1006,-70.84165954589844,-57.89794921875,-57.99223709106445,-515.0224609375,-654.581298828125,-3.600919485092163,-3.320343792438507,0.15492827622768113,0.8495997309440226,ok,
direct_isolated,hernquist3d,2006,2048,0.05,8,16,600,0.0033968517577300126,2.0196333312484174,2.036331593378059,2036.078125,131.527099609375,5.145992279052734,7261.3577025370105,77614878.6602384,0.10276112008283703,1.2105552116304026,1040,-61.37826919555664,-59.201053619384766,-55.999149322509766,-434.881103515625,-855.492431640625,-3.0868125557899475,-2.73707777261734,0.14320392113016428,0.8591955304372714,ok,
direct_isolated,hernquist3d,2007,2048,0.05,8,16,600,0.0009609394938860309,1.9144480976762843,1.8507728810120538,2251.109130859375,151.89648056030273,6.075134217739105,8224.467125565001,124216690.30839159,0.12247811813869341,1.2207059263437066,990,-59.7630615234375,-59.793209075927734,-53.809234619140625,-501.7421875,-847.384765625,-2.670553207397461,-2.6189675331115723,0.12847470545376688,0.6953442149557689,ok,
direct_isolated,hernquist3d,2008,2048,0.05,8,16,600,0.0012719523853037431,2.070910490950359,2.126394174938637,1925.747802734375,127.02853012084961,5.3771852850914,7453.302017046274,135378140.82059437,0.11043304463690873,1.2162066040036135,1016,-59.09493637084961,-47.318634033203125,-16.890727996826172,-476.747802734375,-305.959716796875,-2.79814475774765,-2.338960349559784,0.1232427142221506,0.8475138636393068,ok,
direct_isolated,hernquist3d,2009,2048,0.05,8,16,600,0.0020106779716143465,1.9604685723242394,1.9324114874928933,2166.109375,140.011474609375,5.585445404052734,7727.280250811292,104641909.98384634,0.11420622634730136,1.206380858086411,1034,-57.614013671875,-63.43243408203125,-56.64222717285156,-550.609375,-898.8837890625,-3.012828826904297,-2.3904058933258057,0.1273554620966984,0.6575172563452552,ok,
direct_isolated,hernquist3d,2010,2048,0.05,8,16,600,0.0014363062664601535,1.9449889084415057,1.9069066918218496,2082.34375,142.0302734375,6.0009613037109375,8284.439264965333,91138350.11961909,0.12140778212813139,1.2044720689159647,989,-55.58847427368164,-51.407470703125,-26.40219497680664,-360.084228515625,-257.693603515625,-3.2747893929481506,-2.7804237008094788,0.11753112840641433,0.5790096616385476,ok,
direct_isolated,hernquist3d,2011,2048,0.05,8,16,600,0.0017224570275615311,1.9605791729254292,1.9349299625182435,2233.0,146.5302734375,5.7392425537109375,8068.52055398343,90761949.15124944,0.11995859464329026,1.2078988130573534,967,-50.953617095947266,-63.2490234375,-30.29547119140625,-403.265869140625,-547.25390625,-2.820472776889801,-2.3648462295532227,0.1032864540427379,0.5930597394065868,ok,
direct_isolated,hernquist3d,2012,2048,0.05,8,16,600,0.0009110801243202585,2.0858868112888946,2.1613544418794555,2047.0625,133.33203125,5.35052490234375,7580.033432402668,104385070.15505636,0.10992730850356025,1.216641670603192,1005,-57.58424377441406,-69.49637222290039,-57.1337890625,-561.9228515625,-778.53125,-2.9823954105377197,-2.9790802001953125,0.1506973878888725,0.8556166822980427,ok,
direct_isolated,hernquist3d,2013,2048,0.05,8,16,600,0.0007546993784018965,2.1257210518846854,2.2405801085928334,2041.489990234375,126.79110336303711,5.23346084356308,7389.380862404195,109991377.38707855,0.10866451505453302,1.2303582589924635,1017,-67.95345687866211,-66.42806625366211,-51.33135986328125,-555.505615234375,-723.01953125,-3.5820669531822205,-3.0454607009887695,0.150451949172972,0.8639229591279162,ok,
direct_isolated,hernquist3d,2014,2048,0.05,8,16,600,0.0004697841267908297,2.1587847085025156,2.314923689470154,1888.212646484375,118.33266830444336,4.8472694754600525,6992.338405335275,70862837.57339479,0.0997416167966005,1.2247694298785816,1032,-57.88955307006836,-66.32206344604492,-59.89323043823242,-520.728271484375,-886.619873046875,-3.234449803829193,-3.0994364619255066,0.14700801235148164,1.084311584145061,ok,
direct_isolated,hernquist3d,2015,2048,0.05,8,16,600,0.0005368452440657171,2.1446750618343673,2.282391448392611,2008.013427734375,127.57760238647461,4.955527722835541,7373.81252080927,64737444.09873607,0.10698709840627371,1.2186016844657903,992,-68.61572265625,-64.59286499023438,-61.51858139038086,-636.625,-867.704833984375,-3.2790298461914062,-3.104385793209076,0.1607488991456797,0.982974971844423,ok,
direct_isolated,hernquist3d,2016,2048,0.05,8,16,600,0.0006708408399490251,2.1151768223895795,2.2194124684189127,2074.529052734375,133.1261863708496,4.9406618475914,7233.518497806079,72363238.42617539,0.10674039529202754,1.21667623956887,1016,-63.56549072265625,-69.81223678588867,-65.14566040039062,-490.59765625,-974.478515625,-3.074387550354004,-2.9977593421936035,0.1388212282928422,0.9110706025428481,ok,
direct_isolated,hernquist3d,2017,2048,0.05,8,16,600,0.001785147167624334,2.0456977043345823,2.0803210469123026,2175.581787109375,131.79302597045898,5.215302407741547,7562.460181929587,107748702.2707344,0.10960959351858798,1.20427390796611,998,-43.674922943115234,-49.5479736328125,-10.762603759765625,-513.960693359375,-346.712890625,-2.6638965010643005,-1.948133945465088,0.11559574358544078,0.8520419167509653,ok,
direct_isolated,hernquist3d,2018,2048,0.05,8,16,600,0.001435643601743145,2.061438731734678,2.1119624605872165,2164.6083984375,142.33128356933594,5.434680700302124,7615.222485651623,95558310.64068483,0.11274137545238323,1.2399791063415706,1001,-57.8845100402832,-61.7892951965332,-60.78125,-511.468017578125,-781.09375,-2.93499356508255,-2.6429443359375,0.13769631017150996,0.8149867834997856,ok,
direct_isolated,hernquist3d,2019,2048,0.05,8,16,600,0.001230943282848579,2.056579912417742,2.1092612841716627,2171.1708984375,130.44847106933594,5.118762731552124,7285.531910325294,77196962.01945603,0.10398788403438156,1.2319830656535553,1041,-62.14039993286133,-72.46590042114258,-66.49263381958008,-669.938720703125,-1179.169189453125,-3.1534693837165833,-2.9366219639778137,0.14824868645745554,0.9141046204026488,ok,
direct_isolated,hernquist3d,2020,2048,0.05,8,16,600,0.0062512660877611,2.014637792937195,2.026476796412035,2146.460693359375,142.04357528686523,5.654092729091644,8051.841539199877,121799744.9601681,0.12168628789119883,1.227901309074694,947,-68.351806640625,-71.16238403320312,-53.0803337097168,-550.453125,-888.156982421875,-3.1047401428222656,-2.7813760638237,0.13973075183492167,0.8265931569144047,ok,
direct_isolated,hernquist3d,2021,2048,0.05,8,16,600,0.0034408318424770704,2.022870835109018,2.0397658456300904,2176.4677734375,142.79734802246094,5.776923894882202,7924.374274442905,106749044.23283547,0.1175709123638337,1.2167627370966092,965,-54.060546875,-55.03569030761719,-59.61601638793945,-644.21875,-1010.471923828125,-2.948028564453125,-2.912792980670929,0.15455341251710714,0.774055353967352,ok,
direct_isolated,hernquist3d,2022,2048,0.05,8,16,600,0.002311406566192249,1.963099712337191,1.9384211764915107,2163.9599609375,150.55601501464844,5.785482168197632,8349.818321637233,97536417.86963803,0.12548988628932806,1.2235241911819392,989,-61.49306106567383,-54.06211853027344,-40.86851501464844,-445.071533203125,-561.1162109375,-3.0237258076667786,-2.399801015853882,0.10813331534332643,0.5668158008000386,ok,
direct_isolated,hernquist3d,2023,2048,0.05,8,16,600,0.0009194801716817901,2.0740882423577323,2.1382882846922096,2158.7646484375,136.06517028808594,5.212749242782593,7545.850759316003,100399419.65809909,0.11158994722091223,1.231848272631566,1011,-65.24705505371094,-67.47233963012695,-64.52830505371094,-626.2177734375,-1093.2490234375,-2.6692655086517334,-2.4013211727142334,0.15228726725064584,0.8778632282440553,ok,
direct_isolated,hernquist3d,2024,2048,0.05,8,16,600,0.0012798730392042938,2.049535966156024,2.0864363518278664,2035.208740234375,129.2325096130371,5.09137099981308,7268.0454471690855,85545957.23573193,0.10838633591256712,1.1957213646432303,999,-53.723480224609375,-53.0257568359375,-52.65073776245117,-545.021484375,-928.162841796875,-2.6608405113220215,-2.4520928263664246,0.15635275117366665,0.8501971676427129,ok,
direct_isolated,hernquist3d,2025,2048,0.05,8,16,600,0.000702580146841427,2.1122545210431016,2.215780995278834,2063.306396484375,123.53042221069336,4.702410161495209,7105.785825481242,95165911.7621114,0.102387443684489,1.2235278185198106,1040,-49.41152572631836,-60.12272262573242,-53.35274887084961,-498.634521484375,-922.497802734375,-2.7062897086143494,-2.66167014837265,0.15521383352019086,0.9769324759297249,ok,
direct_isolated,hernquist3d,2026,2048,0.05,8,16,600,0.0007846707938408032,2.1152004098593467,2.2237061306411707,2008.847412109375,132.45440292358398,4.833241403102875,7422.50258334176,79037286.33877337,0.111045846176649,1.2326914515980751,999,-72.62655639648438,-71.38827514648438,-70.74987411499023,-571.537109375,-888.726318359375,-3.1880125999450684,-2.9300822615623474,0.14764428399777174,0.9027614802396349,ok,
direct_isolated,hernquist3d,2027,2048,0.05,8,16,600,0.0005155878992383987,2.1595227556638696,2.3113724345737023,1985.33984375,120.83050537109375,4.92258358001709,7355.617792766625,89832851.93595712,0.10163013662843857,1.2261239005737121,1028,-58.31806945800781,-58.489505767822266,-34.62837219238281,-624.6689453125,-609.9345703125,-3.032069444656372,-2.4826576709747314,0.1624085477388716,0.9601828994086028,ok,
direct_isolated,hernquist3d,2028,2048,0.05,8,16,600,0.0012891115374903995,2.058509591153016,2.1075555304143085,2179.421875,133.419677734375,5.028774261474609,7438.689907640014,100292750.79852666,0.10856803196313454,1.2201809810870847,1014,-63.46103286743164,-66.03012466430664,-59.146484375,-548.584228515625,-945.3125,-2.8790603280067444,-2.477020263671875,0.13216284203145828,0.7965382411278725,ok,
direct_isolated,hernquist3d,2029,2048,0.05,8,16,600,0.03211367233118174,1.9972024904692227,1.9953995532578266,2073.46484375,132.82122802734375,5.835158348083496,7916.509664916458,137011921.84563485,0.11548758314426576,1.1995180285536948,1017,-48.08515930175781,-53.954166412353516,-51.77058410644531,-505.7001953125,-891.8486328125,-2.744372606277466,-2.324662446975708,0.13685185292254892,0.736721104461219,ok,
direct_isolated,plummer3d,2000,2048,0.05,8,16,600,0.0003789501131981051,1.7543679990182144,1.4713175828077802,5251.390625,353.515380859375,10.125179290771484,10821.305817801616,36448329.739272386,0.13815815097627224,1.5241064500550556,1123,-239.22149658203125,-237.28399658203125,-220.08331680297852,-2282.76953125,-2681.379150390625,-7.604168891906738,-7.127430975437164,0.18865829444764698,0.24013661083194726,ok,
direct_isolated,plummer3d,2001,2048,0.05,8,16,600,0.001384873842604966,1.9297731732207495,1.8208671024963656,4915.929443359375,336.41173934936523,9.647577226161957,9837.357026614454,32797476.09772174,0.12624800257652144,1.570607575819582,1191,-257.93224716186523,-280.6252555847168,-241.42315673828125,-2572.554443359375,-2618.95703125,-7.829111039638519,-7.5210771560668945,0.2397256954768755,0.34691864703286235,ok,
direct_isolated,plummer3d,2002,2048,0.05,8,16,600,0.0004088354406646983,1.7844461075872216,1.5359656595216187,5054.489990234375,334.2998924255371,9.919022977352142,10659.028676651958,35308181.93460426,0.13490721019055466,1.5207560740024095,1193,-225.59445190429688,-232.35360717773438,-214.79233932495117,-2309.888671875,-2909.256591796875,-7.275340557098389,-6.915425956249237,0.18595280307934625,0.22472498184613726,ok,
direct_isolated,plummer3d,2003,2048,0.05,8,16,600,0.0005102891034902832,1.8255921877479668,1.5932073198771926,4995.43359375,339.09271240234375,9.553694725036621,10281.861915752053,33520307.649570182,0.13244839146648257,1.5289367052197282,1146,-244.6699981689453,-251.0077667236328,-232.85443115234375,-2472.2548828125,-3028.15234375,-7.3887646198272705,-7.041487693786621,0.20906064885525094,0.286458734278084,ok,
direct_isolated,plummer3d,2004,2048,0.05,8,16,600,0.00035014898702399985,1.7550054560532766,1.4863935715893792,5106.5146484375,372.23851013183594,10.762332677841187,11014.538470452027,36243863.82569075,0.14336634071767215,1.532953796683446,1163,-252.85398864746094,-246.16127395629883,-230.3170051574707,-2274.0927734375,-2756.022705078125,-7.753272771835327,-7.232522785663605,0.19363195704379899,0.22279657597944336,ok,
direct_isolated,plummer3d,2005,2048,0.05,8,16,600,0.00043361341927406215,1.7912008480600212,1.5338626946895235,5135.859130859375,342.69384384155273,9.946052491664886,10403.602808306581,35622180.496315785,0.13213567481920857,1.529488660557191,1175,-240.1953239440918,-246.23916625976562,-230.08160018920898,-2521.078857421875,-2895.269287109375,-7.676544368267059,-7.299279153347015,0.20614544082441283,0.24970076268868174,ok,
direct_isolated,plummer3d,2006,2048,0.05,8,16,600,0.00029987392765570326,1.745177038957892,1.4636948497650364,5160.308349609375,340.6456871032715,9.256518304347992,10391.048444857397,36059539.820388414,0.130694984161184,1.5047329927964068,1218,-224.75349044799805,-236.84577560424805,-217.84259033203125,-2200.301513671875,-2924.98828125,-6.7430049777030945,-6.319317817687988,0.18651238213538052,0.2302749396465424,ok,
direct_isolated,plummer3d,2007,2048,0.05,8,16,600,0.00029985704377057316,1.7153528405636638,1.4112205473956319,5187.7099609375,365.28208923339844,10.7531259059906,11167.265530040931,37271590.94383605,0.14401614522519593,1.518502016277701,1109,-239.512451171875,-235.6717987060547,-219.0838623046875,-2235.171875,-2842.9296875,-7.855052947998047,-6.897733688354492,0.17645661018931869,0.1929507557222765,ok,
direct_isolated,plummer3d,2008,2048,0.05,8,16,600,0.0004289095145677415,1.8013978545508709,1.5627418021745287,4933.0615234375,322.49851989746094,9.483314275741577,10054.47552418774,38467188.618191004,0.13269132099301417,1.5196857061088571,1173,-217.89168167114258,-216.72807693481445,-204.5274658203125,-2167.833251953125,-2650.0703125,-7.002488434314728,-6.646913528442383,0.18861607063125685,0.25005228031838556,ok,
direct_isolated,plummer3d,2009,2048,0.05,8,16,600,0.0002970568311478439,1.7340833550255277,1.4496906335684714,5128.84375,361.5810546875,9.885360717773438,10821.54860323999,33351484.142945796,0.14033638366378579,1.5111570966379768,1129,-240.66944885253906,-227.27906799316406,-221.70367813110352,-2297.9697265625,-2677.301025390625,-6.894249200820923,-6.382729589939117,0.17997696899681592,0.20860888208485923,ok,
direct_isolated,plummer3d,2010,2048,0.05,8,16,600,0.0002968528373052202,1.7221909634282784,1.4404653073292129,5175.1875,349.1708984375,10.294052124023438,10889.128369710623,33459524.83370474,0.13960118375967695,1.5099350901027808,1141,-217.14068603515625,-210.0537109375,-184.55832290649414,-2228.31640625,-2069.154541015625,-7.348877906799316,-6.488551676273346,0.16269884064677087,0.20189463830120558,ok,
direct_isolated,plummer3d,2011,2048,0.05,8,16,600,0.0003262863198959135,1.7439372442480279,1.4632487958461105,5044.3505859375,365.21397399902344,10.334520101547241,11051.791975126533,31459077.076664828,0.1427130783197946,1.5104240020341515,1160,-236.55088806152344,-227.43217849731445,-223.7221565246582,-2177.4130859375,-2783.671142578125,-7.152284383773804,-7.037132084369659,0.17686702597562715,0.21930350098158563,ok,
direct_isolated,plummer3d,2012,2048,0.05,8,16,600,0.0004461898777687893,1.8088875150299908,1.5734601499364946,5155.677490234375,335.4053611755371,9.705155789852142,10401.921525614454,36775962.27912482,0.1328524121204583,1.5313411234599088,1140,-237.97312545776367,-237.36985397338867,-217.51426315307617,-2520.170654296875,-2720.803466796875,-7.330665290355682,-6.90509957075119,0.21192838907733502,0.2522439910091607,ok,
direct_isolated,plummer3d,2013,2048,0.05,8,16,600,0.0005601387170391193,1.8380305380061421,1.6347677518561854,5081.406005859375,336.29955673217773,9.350048005580902,10215.731142521234,35543016.39888572,0.13192136099989088,1.5334790250402106,1188,-235.19952392578125,-252.77618026733398,-229.07159423828125,-2399.64453125,-2825.36328125,-7.059269905090332,-6.9425859451293945,0.2068168355134194,0.2510176873526099,ok,
direct_isolated,plummer3d,2014,2048,0.05,8,16,600,0.00046705782502006404,1.8239712826494388,1.594573048876579,5109.0146484375,319.40403747558594,8.79354453086853,9678.417169799204,33580147.7009148,0.12313140176900438,1.5284906288111832,1169,-223.30791091918945,-233.95161819458008,-214.45115661621094,-2418.284423828125,-3107.4677734375,-6.44563752412796,-6.398284673690796,0.1972377035280331,0.2685660773068179,ok,
direct_isolated,plummer3d,2015,2048,0.05,8,16,600,0.0005035397091157925,1.8310467045557128,1.6236484764419858,5104.644287109375,333.492733001709,8.823098123073578,10131.043349599964,34400649.29017234,0.1276666984036307,1.5249347976427299,1156,-237.8099365234375,-247.63750839233398,-222.81792831420898,-2467.2421875,-2887.550537109375,-6.605367660522461,-6.13903135061264,0.1907746794540185,0.261908962665826,ok,
direct_isolated,plummer3d,2016,2048,0.05,8,16,600,0.0004805834907464337,1.8234585744446756,1.6011813007001687,5109.4287109375,348.18785095214844,9.23535704612732,10322.064854009212,29714189.86076408,0.13168516360170635,1.5324283945804642,1190,-241.21208572387695,-257.9713134765625,-235.8134002685547,-2408.901611328125,-3059.6201171875,-6.821825802326202,-6.605849027633667,0.19689339794645339,0.2546448821515868,ok,
direct_isolated,plummer3d,2017,2048,0.05,8,16,600,0.0003645597696872805,1.775118680757545,1.5056782525387646,4966.265625,352.595458984375,9.35940170288086,10459.08657099395,38213690.7030912,0.13297288287443615,1.5103016539477006,1118,-236.67103576660156,-236.78589248657227,-229.64967346191406,-2245.9150390625,-2766.4228515625,-6.753954172134399,-6.326435327529907,0.194976645272597,0.26343100081947646,ok,
direct_isolated,plummer3d,2018,2048,0.05,8,16,600,0.0005251111501561868,1.8147805765490799,1.589274060037913,5133.101318359375,355.68004989624023,9.776952683925629,10764.184004917173,33668907.173902385,0.1385769572307261,1.544818302329896,1097,-238.90292358398438,-246.4449462890625,-233.23577499389648,-2424.474609375,-2892.730224609375,-7.157601833343506,-6.960257470607758,0.19015879720919593,0.2460131522281656,ok,
direct_isolated,plummer3d,2019,2048,0.05,8,16,600,0.0003704134114081442,1.777268801107183,1.5026336364135058,5129.724365234375,357.8777732849121,9.310681760311127,10301.750309529014,34060350.53784948,0.13170515623752532,1.5223226959875367,1180,-261.58465576171875,-267.45697021484375,-249.13027572631836,-2346.66796875,-3068.447021484375,-7.0445356369018555,-6.551199376583099,0.19813753517158622,0.2535402626637083,ok,
direct_isolated,plummer3d,2020,2048,0.05,8,16,600,0.00041480024705844076,1.7802204479079404,1.5305761116136645,4970.453125,345.275146484375,9.66701889038086,10701.890852261351,38571904.549914956,0.13817649571313978,1.522928020033358,1107,-237.40370178222656,-229.7624855041504,-206.29919815063477,-2209.6494140625,-2565.039306640625,-7.13936448097229,-6.554449141025543,0.1925094295170124,0.24878841769082782,ok,
direct_isolated,plummer3d,2021,2048,0.05,8,16,600,0.00037027013669012923,1.7803566063934138,1.5409076747134995,5124.5458984375,351.78684997558594,9.87850546836853,10656.415060763222,37178852.6331702,0.1377084740848884,1.5313478102603875,1162,-234.95735549926758,-218.632568359375,-210.65385818481445,-2311.505126953125,-2896.112548828125,-7.134007751941681,-6.437615215778351,0.1791265037583225,0.23182093126935682,ok,
direct_isolated,plummer3d,2022,2048,0.05,8,16,600,0.00034806230116414983,1.7543445119544236,1.4958208520193497,5003.206787109375,357.776424407959,10.020523965358734,11004.027557905674,31489638.031998273,0.14281431240324508,1.5194897721444727,1140,-235.04632568359375,-232.60186767578125,-220.07087326049805,-2150.12109375,-2792.489013671875,-7.088797569274902,-6.578042209148407,0.18203756954144912,0.19793845884297068,ok,
direct_isolated,plummer3d,2023,2048,0.05,8,16,600,0.00047822902404446633,1.8191231167687498,1.584669182939276,5140.958740234375,352.3233299255371,9.935136258602142,10442.569062894892,32906190.170424215,0.13646761296207044,1.538058598754894,1158,-249.73159408569336,-250.83982467651367,-240.80385971069336,-2496.087646484375,-3021.900146484375,-7.364000737667084,-7.218706548213959,0.19846800174410806,0.24778013964321605,ok,
direct_isolated,plummer3d,2024,2048,0.05,8,16,600,0.0003064443243381401,1.759279704627169,1.5017630376176148,4973.4443359375,327.18614196777344,9.19742751121521,10084.938977831098,32102508.81658825,0.12726313848915782,1.4956957658679129,1188,-208.7327880859375,-212.9929084777832,-203.6734619140625,-2079.7109375,-2741.1640625,-6.385351181030273,-6.074792861938477,0.17924683338139935,0.20259239933829898,ok,
direct_isolated,plummer3d,2025,2048,0.05,8,16,600,0.0004697173445192627,1.8171126743381838,1.5824399026074154,5087.5302734375,341.65867614746094,9.225501775741577,10113.899403185593,38566447.051197305,0.13089263396087408,1.5256369942636163,1204,-250.66355895996094,-257.51243591308594,-237.089599609375,-2356.2490234375,-3023.640625,-7.08330512046814,-6.763912200927734,0.20548623118144738,0.2604864925905948,ok,
direct_isolated,plummer3d,2026,2048,0.05,8,16,600,0.0005093598732161612,1.8205793596267188,1.5852751717486904,5155.6630859375,329.01084899902344,8.968797445297241,10214.142000856977,31812080.451949816,0.1296141216515113,1.5297878945577303,1175,-229.73543167114258,-244.74663162231445,-226.47737503051758,-2410.333251953125,-3031.973876953125,-6.750047028064728,-6.634381592273712,0.1969571521970765,0.27460552996182114,ok,
direct_isolated,plummer3d,2027,2048,0.05,8,16,600,0.000526176528142463,1.8405429857979285,1.6319536689486465,5222.171630859375,335.62646102905273,8.921134889125824,9872.584969901378,41088023.940777645,0.12465492508725784,1.5336345204618134,1215,-239.15945434570312,-248.81146240234375,-219.7163200378418,-2602.330078125,-2995.828857421875,-6.664906024932861,-6.314506709575653,0.20492168444479142,0.27453576522126844,ok,
direct_isolated,plummer3d,2028,2048,0.05,8,16,600,0.00041076256590046197,1.8005506522004513,1.5600166263220832,4959.2412109375,355.72300720214844,9.69092345237732,10490.420421748895,36231758.772122175,0.13600010021384173,1.5308450615853937,1130,-254.43809509277344,-253.23887634277344,-232.74141311645508,-2386.0693359375,-2574.872314453125,-7.306710958480835,-6.877948105335236,0.2048080156279477,0.24726109054238254,ok,
direct_isolated,plummer3d,2029,2048,0.05,8,16,600,0.00034345713415646667,1.7607234646797463,1.4996559895322974,5126.531005859375,346.13402938842773,9.820239961147308,10353.090745161297,41410522.424686685,0.1374826847507524,1.5125291129164355,1108,-223.06234741210938,-214.6640739440918,-204.7913932800293,-2407.865234375,-2641.196044921875,-6.725156307220459,-6.535833537578583,0.1757993151558379,0.21838330006223355,ok,
pm_periodic,bimodal3d,2000,2048,0.05,8,16,600,,nan,nan,2818.375,357.01953125,22.091796875,17755.262305515564,210786591.90152407,0.21960872618466049,2.155504458791885,746,-343.75,-351.47265625,-351.45703125,-2360.875,-2713.3125,-21.4228515625,-21.53076171875,nan,nan,ok,
pm_periodic,bimodal3d,2001,2048,0.05,8,16,600,,nan,nan,2751.1875,353.92578125,21.31982421875,17775.393200378825,160093427.4640708,0.21619290425012214,2.2276441341345645,730,-342.62109375,-349.4921875,-349.7421875,-2361.34375,-2715.5,-20.67529296875,-20.822265625,nan,nan,ok,
pm_periodic,bimodal3d,2002,2048,0.05,8,16,600,,nan,nan,2841.5,360.1953125,21.5732421875,17776.51838200641,186904242.53826264,0.21687082086590131,2.1453910840677977,768,-345.16796875,-354.72265625,-353.4765625,-2284.90625,-2729.875,-20.89013671875,-21.0205078125,nan,nan,ok,
pm_periodic,bimodal3d,2003,2048,0.05,8,16,600,,nan,nan,2851.71875,360.59375,21.12451171875,17499.734368695474,207716974.6219633,0.2138714811309233,2.170627796198029,746,-347.40234375,-355.7109375,-355.14453125,-2438.4375,-2737.78125,-20.46875,-20.59716796875,nan,nan,ok,
pm_periodic,bimodal3d,2004,2048,0.05,8,16,600,,nan,nan,2873.34375,378.91796875,24.41357421875,19248.743297140914,258174766.92910612,0.24035078010503175,2.1639627334045306,676,-363.6328125,-373.0078125,-370.97265625,-2333.8125,-2717.15625,-23.72998046875,-23.84033203125,nan,nan,ok,
pm_periodic,bimodal3d,2005,2048,0.05,8,16,600,,nan,nan,2905.03125,355.86328125,22.05908203125,17862.86000980188,202673583.83197016,0.21912688538104544,2.1695953450296788,747,-341.8671875,-350.08203125,-350.1015625,-2420.1875,-2810.5625,-21.3974609375,-21.513671875,nan,nan,ok,
pm_periodic,bimodal3d,2006,2048,0.05,8,16,600,,nan,nan,2881.0,365.7734375,22.4013671875,18096.23970497206,186431111.8516999,0.22306223665730338,2.1320067201252453,732,-349.79296875,-360.58203125,-359.77734375,-2301.53125,-2735.8125,-21.712890625,-21.88525390625,nan,nan,ok,
pm_periodic,bimodal3d,2007,2048,0.05,8,16,600,,nan,nan,2888.09375,373.3671875,23.39599609375,18469.141798744342,224491130.5966997,0.23139474306912555,2.147659922752149,709,-357.59765625,-367.02734375,-363.23046875,-2358.40625,-2712.4375,-22.6689453125,-22.77294921875,nan,nan,ok,
pm_periodic,bimodal3d,2008,2048,0.05,8,16,600,,nan,nan,2813.125,359.07421875,22.29736328125,17981.032073571427,215850879.416781,0.22197165440278457,2.143051577109233,752,-345.61328125,-354.34375,-352.80078125,-2344.625,-2699.9375,-21.63330078125,-21.74951171875,nan,nan,ok,
pm_periodic,bimodal3d,2009,2048,0.05,8,16,600,,nan,nan,2859.96875,363.09375,22.80859375,18279.46262344522,233967590.9820954,0.22832050332804105,2.143048587148304,714,-346.48046875,-356.89453125,-346.6171875,-2283.1875,-2552.75,-22.0927734375,-22.0732421875,nan,nan,ok,
pm_periodic,bimodal3d,2010,2048,0.05,8,16,600,,nan,nan,2834.0,368.32421875,23.18115234375,18249.944594567074,219743235.4212051,0.22720797584880312,2.134953247842453,705,-351.69921875,-362.73046875,-360.1328125,-2243.65625,-2662.875,-22.4501953125,-22.59814453125,nan,nan,ok,
pm_periodic,bimodal3d,2011,2048,0.05,8,16,600,,nan,nan,2914.1875,368.53125,23.4677734375,18494.919885710955,218830760.68646258,0.23020493023326818,2.136530238807761,722,-353.47265625,-363.93359375,-363.671875,-2331.09375,-2845.125,-22.7998046875,-22.95458984375,nan,nan,ok,
pm_periodic,bimodal3d,2012,2048,0.05,8,16,600,,nan,nan,2877.71875,365.8125,22.58837890625,18068.47500922017,221638083.02494505,0.2229343818698095,2.167939811438674,754,-351.890625,-360.53125,-359.671875,-2400.96875,-2752.21875,-21.9248046875,-22.05615234375,nan,nan,ok,
pm_periodic,bimodal3d,2013,2048,0.05,8,16,600,,nan,nan,2790.96875,359.66015625,22.6083984375,18328.67146168682,172685910.77442446,0.22362470230825598,2.1754117698852067,726,-346.68359375,-355.265625,-355.45703125,-2354.0625,-2744.40625,-21.9404296875,-22.10791015625,nan,nan,ok,
pm_periodic,bimodal3d,2014,2048,0.05,8,16,600,,nan,nan,2857.46875,365.0390625,21.8505859375,18004.322529986366,182471381.4567606,0.21941074209208597,2.1453700565840825,737,-349.14453125,-359.26953125,-356.5390625,-2357.4375,-2698.15625,-21.11083984375,-21.2685546875,nan,nan,ok,
pm_periodic,bimodal3d,2015,2048,0.05,8,16,600,,nan,nan,2825.625,359.87109375,22.39306640625,17942.86787471749,217923524.96429098,0.21883157898754274,2.144022218719286,758,-344.8671875,-354.62109375,-355.0390625,-2272.5625,-2724.71875,-21.7060546875,-21.87939453125,nan,nan,ok,
pm_periodic,bimodal3d,2016,2048,0.05,8,16,600,,nan,nan,2840.65625,366.38671875,22.95849609375,18207.149437994347,206732195.64665067,0.22340715834147534,2.1639229390765236,727,-351.6328125,-361.21875,-360.6171875,-2315.59375,-2745.65625,-22.283203125,-22.42236328125,nan,nan,ok,
pm_periodic,bimodal3d,2017,2048,0.05,8,16,600,,nan,nan,2854.34375,357.1953125,21.34423828125,17770.334197317552,186937936.55150634,0.2153799767953102,2.1333594601236965,750,-342.26953125,-352.203125,-352.26953125,-2348.46875,-2780.71875,-20.634765625,-20.822265625,nan,nan,ok,
pm_periodic,bimodal3d,2018,2048,0.05,8,16,600,,nan,nan,2883.4375,351.40234375,22.89501953125,18255.650597343847,197657384.54361913,0.2236504640937958,2.1803552967876554,720,-337.2265625,-345.99609375,-344.0234375,-2394.15625,-2719.84375,-22.22412109375,-22.3154296875,nan,nan,ok,
pm_periodic,bimodal3d,2019,2048,0.05,8,16,600,,nan,nan,2809.5,362.953125,21.7509765625,18020.698147724826,168445784.82077667,0.21859018151563264,2.1646787039621396,724,-349.80859375,-358.3046875,-358.125,-2333.3125,-2733.53125,-21.08447265625,-21.24853515625,nan,nan,ok,
pm_periodic,bimodal3d,2020,2048,0.05,8,16,600,,nan,nan,2818.0625,355.22265625,22.95263671875,18131.616108648224,206104465.07696015,0.22294440034196386,2.146309541370668,726,-342.0546875,-350.6171875,-350.3203125,-2326.6875,-2724.5625,-22.31005859375,-22.44677734375,nan,nan,ok,
pm_periodic,bimodal3d,2021,2048,0.05,8,16,600,,nan,nan,2863.78125,365.5703125,23.4736328125,18478.26005403778,196533332.09307545,0.22809437209941377,2.156235806610588,706,-351.30859375,-359.83984375,-359.93359375,-2358.625,-2784.96875,-22.79248046875,-22.9609375,nan,nan,ok,
pm_periodic,bimodal3d,2022,2048,0.05,8,16,600,,nan,nan,2847.6875,361.05078125,22.5263671875,18165.92539317048,220690629.94647706,0.22576006808744503,2.1465812722978073,705,-344.69921875,-355.27734375,-352.37890625,-2298.3125,-2619.1875,-21.81689453125,-21.9033203125,nan,nan,ok,
pm_periodic,bimodal3d,2023,2048,0.05,8,16,600,,nan,nan,2889.53125,381.21484375,23.8779296875,18820.87033993756,214621783.497735,0.23569314469345384,2.1760797028796546,693,-365.89453125,-374.8203125,-371.33203125,-2357.8125,-2671.65625,-23.1640625,-23.26318359375,nan,nan,ok,
pm_periodic,bimodal3d,2024,2048,0.05,8,16,600,,nan,nan,2869.4375,368.01171875,23.169921875,18221.108105887826,211110132.4935184,0.22430214185393257,2.1158942599015886,729,-348.6875,-360.5703125,-352.38671875,-2262.3125,-2576.65625,-22.3955078125,-22.39208984375,nan,nan,ok,
pm_periodic,bimodal3d,2025,2048,0.05,8,16,600,,nan,nan,2843.28125,372.0859375,23.634765625,18742.84397642297,192694559.41236752,0.23018393914875426,2.1655834275222245,693,-357.3984375,-367.60546875,-367.42578125,-2321.09375,-2785.5625,-22.9423828125,-23.11572265625,nan,nan,ok,
pm_periodic,bimodal3d,2026,2048,0.05,8,16,600,,nan,nan,2862.25,364.3203125,22.18896484375,18037.729840864944,153822684.72469014,0.2188902586101612,2.159183121985712,745,-350.20703125,-359.203125,-359.5703125,-2346.3125,-2809.0,-21.517578125,-21.65771484375,nan,nan,ok,
pm_periodic,bimodal3d,2027,2048,0.05,8,16,600,,nan,nan,2880.6875,366.234375,22.3037109375,18321.649054493217,187718070.65466502,0.2245659616206644,2.1745737912735583,721,-352.08203125,-361.24609375,-360.88671875,-2364.75,-2818.65625,-21.625,-21.7802734375,nan,nan,ok,
pm_periodic,bimodal3d,2028,2048,0.05,8,16,600,,nan,nan,2837.75,371.29296875,23.18212890625,18638.483864184615,218899363.51603475,0.23161753480703468,2.1671227407229408,693,-356.7265625,-365.71484375,-364.640625,-2345.78125,-2689.71875,-22.47998046875,-22.62353515625,nan,nan,ok,
pm_periodic,bimodal3d,2029,2048,0.05,8,16,600,,nan,nan,2813.375,352.41796875,22.74853515625,18135.699724635604,188873191.99156195,0.22241723787860285,2.1379288994664907,741,-336.4609375,-346.2578125,-344.66796875,-2277.3125,-2685.71875,-22.04833984375,-22.18212890625,nan,nan,ok,
pm_periodic,cold_clumpy3d,2000,2048,0.05,8,16,600,,nan,nan,8793.6875,878.56640625,36.97021484375,26756.475121431773,492340213.9940803,0.19112143914875426,0.08769608760409162,195,107.7890625,266.2421875,793.55078125,2724.40625,7464.65625,29.251953125,87.26220703125,nan,nan,ok,
pm_periodic,cold_clumpy3d,2001,2048,0.05,8,16,600,,nan,nan,8456.90625,879.87890625,37.83642578125,27036.939142539457,521417661.907894,0.1916839047997069,0.09097152900933439,189,189.82421875,-6.93359375,233.2109375,3977.875,15179.15625,47.42724609375,11.525390625,nan,nan,ok,
pm_periodic,cold_clumpy3d,2002,2048,0.05,8,16,600,,nan,nan,6950.125,632.015625,34.64599609375,26805.514681941666,501316732.5827534,0.19091439072423058,0.0871255336766844,192,370.5,560.73046875,756.57421875,2699.5625,15860.21875,35.26123046875,29.26416015625,nan,nan,ok,
pm_periodic,cold_clumpy3d,2003,2048,0.05,8,16,600,,nan,nan,9381.90625,643.94140625,40.9951171875,26881.613329525862,544626150.6081948,0.19103556653028822,0.08893402043581743,180,223.8125,298.3046875,771.41796875,4560.25,5700.84375,37.4248046875,26.1328125,nan,nan,ok,
pm_periodic,cold_clumpy3d,2004,2048,0.05,8,16,600,,nan,nan,9708.21875,879.90234375,43.8349609375,27244.750892711254,523782436.0180299,0.21015939866267708,0.08922764208377634,178,84.03515625,1670.296875,776.46875,-622.875,7907.34375,26.29833984375,16.81005859375,nan,nan,ok,
pm_periodic,cold_clumpy3d,2005,2048,0.05,8,16,600,,nan,nan,7788.0,643.1328125,40.158203125,26874.599852048912,492858273.82573235,0.19148592070713238,0.08743668158984177,188,127.1171875,400.58984375,588.7578125,418.5,7835.1875,15.4619140625,7.26513671875,nan,nan,ok,
pm_periodic,cold_clumpy3d,2006,2048,0.05,8,16,600,,nan,nan,7943.09375,758.06640625,35.72607421875,26876.80201904947,479396286.740271,0.18998362695407914,0.08732943983936034,176,684.765625,939.40625,530.04296875,7372.375,6694.625,30.2841796875,23.4833984375,nan,nan,ok,
pm_periodic,cold_clumpy3d,2007,2048,0.05,8,16,600,,nan,nan,9484.3125,722.16015625,36.740234375,27040.090721024055,501488449.1315452,0.1968033440705911,0.08800090303710986,181,498.80859375,1223.75390625,489.56640625,4240.5625,11778.1875,71.255859375,66.17138671875,nan,nan,ok,
pm_periodic,cold_clumpy3d,2008,2048,0.05,8,16,600,,nan,nan,12418.53125,1384.84765625,40.32373046875,27373.351865409626,528536325.6627699,0.26361796607840743,0.0877288350302482,157,-19.1796875,-123.34375,50.36328125,-560.1875,3364.34375,28.2685546875,57.31884765625,nan,nan,ok,
pm_periodic,cold_clumpy3d,2009,2048,0.05,8,16,600,,nan,nan,9193.59375,725.859375,35.6357421875,26699.932690177866,553808229.687118,0.19090675760258916,0.08744658129505656,196,324.50390625,341.8984375,722.94140625,4651.4375,7554.875,40.9560546875,21.8876953125,nan,nan,ok,
pm_periodic,cold_clumpy3d,2010,2048,0.05,8,16,600,,nan,nan,9541.1875,731.55859375,35.83837890625,26687.922021880273,490326767.5682727,0.19159564683072788,0.08623849593763133,203,1032.3828125,1413.6328125,1392.64453125,28293.0,26955.3125,70.72119140625,76.52490234375,nan,nan,ok,
pm_periodic,cold_clumpy3d,2011,2048,0.05,8,16,600,,nan,nan,10592.46875,908.37890625,35.6796875,27141.072553487094,506098360.91176724,0.1939266113519785,0.08817532560389683,178,197.1875,600.26953125,907.83984375,79.5625,9191.15625,42.57470703125,36.27880859375,nan,nan,ok,
pm_periodic,cold_clumpy3d,2012,2048,0.05,8,16,600,,nan,nan,11312.46875,842.70703125,33.638671875,26724.04824997428,518898090.1352917,0.19142151624328285,0.08773067466668225,184,3116.73828125,547.23046875,689.3203125,23319.0625,20275.40625,94.1103515625,19.8828125,nan,nan,ok,
pm_periodic,cold_clumpy3d,2013,2048,0.05,8,16,600,,nan,nan,12399.4375,985.40625,41.279296875,27007.14183391101,538621558.8419414,0.19110521876526623,0.0883796080342383,173,438.60546875,470.65625,548.52734375,1955.4375,2362.84375,85.1943359375,33.05029296875,nan,nan,ok,
pm_periodic,cold_clumpy3d,2014,2048,0.05,8,16,600,,nan,nan,7875.15625,722.640625,38.61572265625,26907.946438539147,482821735.9219934,0.19069350726673182,0.08675454622711243,182,360.4375,1445.32421875,322.484375,1546.1875,2099.75,41.7412109375,32.322265625,nan,nan,ok,
pm_periodic,cold_clumpy3d,2015,2048,0.05,8,16,600,,nan,nan,5542.40625,667.77734375,33.6953125,27040.732626912504,517997835.81219864,0.1911324117611138,0.08680103415706866,187,113.66015625,734.3671875,722.91796875,738.875,7158.6875,28.08642578125,35.58642578125,nan,nan,ok,
pm_periodic,cold_clumpy3d,2016,2048,0.05,8,16,600,,nan,nan,11615.46875,811.0,38.484375,26788.49834553828,522405811.8282901,0.1961268586651197,0.0885309423736034,188,149.2421875,500.1640625,753.7421875,1887.84375,17919.90625,25.09521484375,55.88623046875,nan,nan,ok,
pm_periodic,cold_clumpy3d,2017,2048,0.05,8,16,600,,nan,nan,9752.59375,935.97265625,32.7705078125,26848.664559033656,460051039.13884825,0.19077174676355643,0.08664393865200984,195,-130.3515625,885.046875,165.47265625,-1018.15625,7104.90625,37.40380859375,42.23095703125,nan,nan,ok,
pm_periodic,cold_clumpy3d,2018,2048,0.05,8,16,600,,nan,nan,7663.34375,768.58203125,38.75634765625,26810.528607231026,541792162.2401733,0.19167865702857842,0.08825598262765152,199,228.7265625,206.13671875,1809.78515625,1567.75,21159.21875,36.77099609375,33.91650390625,nan,nan,ok,
pm_periodic,cold_clumpy3d,2019,2048,0.05,8,16,600,,nan,nan,12609.84375,795.5859375,37.310546875,26894.650147440916,503664212.6189511,0.21081107642281388,0.08702184317455698,188,601.47265625,1060.79296875,634.68359375,12332.46875,1511.03125,38.4052734375,50.66748046875,nan,nan,ok,
pm_periodic,cold_clumpy3d,2020,2048,0.05,8,16,600,,nan,nan,8310.40625,534.9921875,35.25927734375,27234.926300790772,489925332.83459663,0.21434902830361505,0.08664495061004765,175,2894.02734375,1971.796875,1964.515625,41507.46875,21544.25,145.462890625,60.005859375,nan,nan,ok,
pm_periodic,cold_clumpy3d,2021,2048,0.05,8,16,600,,nan,nan,10308.5625,971.35546875,39.333984375,26969.883329359593,575740979.6835244,0.19137333216292135,0.08803611993723329,189,755.328125,139.46875,429.48046875,5911.75,10716.5,94.57861328125,43.2919921875,nan,nan,ok,
pm_periodic,cold_clumpy3d,2022,2048,0.05,8,16,600,,nan,nan,10496.125,1003.62890625,34.83984375,26959.157279627958,514927157.06823266,0.1916877213605276,0.08764641313311952,168,32.4921875,196.7734375,647.01171875,-1662.09375,6327.46875,44.48779296875,57.7705078125,nan,nan,ok,
pm_periodic,cold_clumpy3d,2023,2048,0.05,8,16,600,,nan,nan,7773.0625,730.45703125,36.38134765625,26545.50769116234,484771169.2395766,0.1893252702125061,0.08783055525681976,212,153.9375,417.1015625,61.65625,4433.09375,7373.71875,36.4521484375,19.29931640625,nan,nan,ok,
pm_periodic,cold_clumpy3d,2024,2048,0.05,8,16,600,,nan,nan,8161.75,748.421875,40.41357421875,26964.358996573832,536158349.11314213,0.19105512640449437,0.08637879471763221,185,221.26171875,1044.3828125,291.58203125,626.78125,10140.875,31.80712890625,23.91943359375,nan,nan,ok,
pm_periodic,cold_clumpy3d,2025,2048,0.05,8,16,600,,nan,nan,8096.0,696.5234375,36.3759765625,26618.716395018848,491836357.4512358,0.19020212506106499,0.08702947376558022,192,305.1796875,88.54296875,2266.8671875,1365.84375,18747.5625,51.99560546875,56.5322265625,nan,nan,ok,
pm_periodic,cold_clumpy3d,2026,2048,0.05,8,16,600,,nan,nan,8260.4375,754.8984375,43.78662109375,26861.324717170446,476730410.3599183,0.19036528303615047,0.08696177029015786,191,276.72265625,684.37890625,86.5,1257.28125,5431.75,25.55517578125,4.74365234375,nan,nan,ok,
pm_periodic,cold_clumpy3d,2027,2048,0.05,8,16,600,,nan,nan,9478.65625,899.68359375,43.748046875,27201.76535849942,504089664.38542235,0.19155461880190522,0.08880503918595697,183,620.65625,291.55078125,243.5390625,3206.9375,16756.03125,78.69775390625,26.92724609375,nan,nan,ok,
pm_periodic,cold_clumpy3d,2028,2048,0.05,8,16,600,,nan,nan,8683.875,931.73046875,39.5888671875,27038.21432123833,545728814.3024864,0.19186709971910113,0.08745498893637896,197,227.92578125,327.9296875,371.62109375,3399.8125,3560.71875,51.11328125,27.837890625,nan,nan,ok,
pm_periodic,cold_clumpy3d,2029,2048,0.05,8,16,600,,nan,nan,9943.96875,1088.7421875,40.0546875,26770.75484208403,466786089.57998574,0.1908299493160723,0.08675709086164886,204,-31.58203125,-268.91796875,700.359375,-113.375,11208.375,47.94189453125,37.88720703125,nan,nan,ok,
pm_periodic,hernquist3d,2000,2048,0.05,8,16,600,,nan,nan,2133.625,145.76171875,5.7978515625,5933.045872982509,96515532.87020005,0.06563816713483146,1.2227785893640026,1569,-53.65234375,-60.36328125,-28.43359375,-425.96875,-346.71875,-2.3291015625,-1.6171875,nan,nan,ok,
pm_periodic,hernquist3d,2001,2048,0.05,8,16,600,,nan,nan,1979.40625,119.5078125,5.2080078125,5496.552745446473,92172731.031637,0.0582855627137274,1.2530258366522342,1628,-56.09765625,-49.6875,-41.984375,-581.40625,-659.78125,-3.25537109375,-2.896484375,nan,nan,ok,
pm_periodic,hernquist3d,2002,2048,0.05,8,16,600,,nan,nan,2025.5,138.2265625,5.75048828125,5861.981885165686,101309139.13453522,0.0652231161455789,1.2191985129789265,1604,-43.796875,-35.16796875,-11.953125,-444.875,-202.59375,-2.2236328125,-1.76416015625,nan,nan,ok,
pm_periodic,hernquist3d,2003,2048,0.05,8,16,600,,nan,nan,2014.875,131.4296875,5.474609375,5624.596614937077,111661946.0950034,0.06142277570835369,1.2238608766277665,1585,-56.53125,-54.1015625,-45.6953125,-518.40625,-721.84375,-2.75927734375,-2.27978515625,nan,nan,ok,
pm_periodic,hernquist3d,2004,2048,0.05,8,16,600,,nan,nan,2283.09375,143.51953125,6.49365234375,6191.90939739016,134380413.59907115,0.06929300119076698,1.2265777449750934,1552,-30.30859375,-38.7578125,-41.703125,-473.21875,-745.125,-1.35009765625,-2.03564453125,nan,nan,ok,
pm_periodic,hernquist3d,2005,2048,0.05,8,16,600,,nan,nan,1985.84375,138.37109375,5.671875,5814.416154481714,105411256.4048506,0.06403759694064484,1.224872342276631,1565,-56.53125,-25.66796875,-26.96484375,-401.625,120.84375,-2.7744140625,-2.19970703125,nan,nan,ok,
pm_periodic,hernquist3d,2006,2048,0.05,8,16,600,,nan,nan,2025.625,131.3203125,5.23828125,5507.63089479959,86120712.35284227,0.058765018166829504,1.2077631301387415,1596,-46.5625,-43.56640625,-18.22265625,-354.46875,-464.78125,-2.43017578125,-1.7890625,nan,nan,ok,
pm_periodic,hernquist3d,2007,2048,0.05,8,16,600,,nan,nan,2170.96875,151.09375,6.14990234375,6239.015713571531,133353158.67291547,0.07005249679408891,1.2116287296166712,1538,-39.51953125,-32.296875,-18.25390625,-289.125,-347.84375,-1.58154296875,-0.84033203125,nan,nan,ok,
pm_periodic,hernquist3d,2008,2048,0.05,8,16,600,,nan,nan,1875.03125,128.76171875,5.5146484375,5581.9201657222875,143862972.50060457,0.061434225390815826,1.2162787773602515,1588,-48.71484375,-36.296875,-6.3359375,-362.9375,-357.1875,-1.95361328125,-0.33349609375,nan,nan,ok,
pm_periodic,hernquist3d,2009,2048,0.05,8,16,600,,nan,nan,2203.1875,143.109375,5.73486328125,5966.348609417823,112312612.79329303,0.06726402204445531,1.2112005851653733,1569,-39.91015625,-47.109375,-16.57421875,-420.09375,-217.9375,-1.9296875,-1.16943359375,nan,nan,ok,
pm_periodic,hernquist3d,2010,2048,0.05,8,16,600,,nan,nan,2087.09375,145.0390625,6.11669921875,6273.198588449178,100013052.14615032,0.06909310881778212,1.2073093547324216,1554,-31.31640625,-24.80078125,-10.91015625,-211.34375,-324.375,-1.7626953125,-1.59326171875,nan,nan,ok,
pm_periodic,hernquist3d,2011,2048,0.05,8,16,600,,nan,nan,2271.25,145.5859375,5.8232421875,6069.383564824721,99511358.72964326,0.0674309965803615,1.2141743748567608,1550,-29.3515625,-35.21875,-3.10546875,-334.875,-364.4375,-1.2255859375,-0.958984375,nan,nan,ok,
pm_periodic,hernquist3d,2012,2048,0.05,8,16,600,,nan,nan,1988.34375,133.0625,5.44775390625,5656.2898809060325,114192809.82179028,0.06067043615657059,1.219160541484647,1592,-44.01953125,-59.08984375,-37.5,-524.34375,-622.90625,-1.9921875,-1.76513671875,nan,nan,ok,
pm_periodic,hernquist3d,2013,2048,0.05,8,16,600,,nan,nan,2036.3125,127.62890625,5.36572265625,5498.158748394739,119005133.82620469,0.0594777609000977,1.2322860624125642,1617,-54.5390625,-52.3046875,-34.1171875,-451.4375,-442.28125,-2.86376953125,-2.32958984375,nan,nan,ok,
pm_periodic,hernquist3d,2014,2048,0.05,8,16,600,,nan,nan,1839.84375,117.9453125,4.94287109375,5217.182423795016,80139475.0627524,0.055030036333659015,1.212449349949147,1620,-47.2578125,-54.32421875,-45.2734375,-432.09375,-748.34375,-2.509765625,-2.341796875,nan,nan,ok,
pm_periodic,hernquist3d,2015,2048,0.05,8,16,600,,nan,nan,1949.625,127.42578125,5.0869140625,5414.486881752405,74362700.00722538,0.05724411867977528,1.2135921817906221,1597,-54.77734375,-47.7265625,-39.44921875,-462.1875,-640.59375,-2.56884765625,-2.17529296875,nan,nan,ok,
pm_periodic,hernquist3d,2016,2048,0.05,8,16,600,,nan,nan,2020.125,133.390625,5.048828125,5399.328011580146,81638968.00774284,0.05890527677699072,1.221899067074858,1599,-46.23046875,-58.66796875,-29.50390625,-381.25,-457.34375,-2.35888671875,-2.05615234375,nan,nan,ok,
pm_periodic,hernquist3d,2017,2048,0.05,8,16,600,,nan,nan,2173.21875,133.72265625,5.40869140625,5689.370055354404,116084413.14813939,0.06101726612115291,1.2061740849540752,1582,-28.27734375,-10.19921875,16.98046875,-396.34375,280.1875,-1.55322265625,-1.90185546875,nan,nan,ok,
pm_periodic,hernquist3d,2018,2048,0.05,8,16,600,,nan,nan,2136.65625,143.65234375,5.5673828125,5781.33185007651,104596194.55071574,0.06411822178798242,1.2383899658548876,1561,-46.25,-30.875,13.04296875,-430.8125,404.375,-2.1591796875,-1.35595703125,nan,nan,ok,
pm_periodic,hernquist3d,2019,2048,0.05,8,16,600,,nan,nan,2131.09375,131.34765625,5.244140625,5518.850444111704,85709041.04976724,0.058984470414020516,1.2157784262504656,1595,-47.26953125,-68.2890625,-48.75,-493.96875,-807.84375,-2.56494140625,-2.1455078125,nan,nan,ok,
pm_periodic,hernquist3d,2020,2048,0.05,8,16,600,,nan,nan,2113.5,142.296875,5.75927734375,5940.118582250475,131139539.66132525,0.06567442446262824,1.2196996058293315,1551,-53.17578125,-51.44921875,-37.1484375,-425.15625,-645.96875,-2.15283203125,-1.85888671875,nan,nan,ok,
pm_periodic,hernquist3d,2021,2048,0.05,8,16,600,,nan,nan,2171.09375,143.59375,5.91259765625,5933.040966184626,115933310.4783269,0.06535001679286762,1.218692049026274,1561,-39.46484375,-44.8671875,-12.4375,-599.8125,-276.34375,-1.53369140625,-1.0693359375,nan,nan,ok,
pm_periodic,hernquist3d,2022,2048,0.05,8,16,600,,nan,nan,2124.75,150.5078125,5.89599609375,6251.657793931072,107399954.7447024,0.06984354008915486,1.2150875149042437,1561,-40.95703125,-31.171875,-31.9609375,-234.71875,-335.0625,-1.85107421875,-1.5419921875,nan,nan,ok,
pm_periodic,hernquist3d,2023,2048,0.05,8,16,600,,nan,nan,2154.28125,136.140625,5.3271484375,5693.268726840528,109287066.31107266,0.06292840895212506,1.229543820302542,1571,-52.71875,-48.703125,-33.21484375,-612.40625,-529.375,-1.73681640625,-1.07080078125,nan,nan,ok,
pm_periodic,hernquist3d,2024,2048,0.05,8,16,600,,nan,nan,2062.09375,131.5078125,5.2490234375,5418.323373815948,95619534.57120669,0.059617065370053735,1.1957353013380168,1599,-39.3828125,-45.5703125,-33.50390625,-483.03125,-564.84375,-1.70703125,-1.20947265625,nan,nan,ok,
pm_periodic,hernquist3d,2025,2048,0.05,8,16,600,,nan,nan,2039.375,124.125,4.826171875,5334.559462119821,104667759.1237024,0.057197842879824136,1.2244903204844708,1609,-34.18359375,-20.94140625,30.96875,-387.59375,295.09375,-1.6376953125,-1.7373046875,nan,nan,ok,
pm_periodic,hernquist3d,2026,2048,0.05,8,16,600,,nan,nan,1949.65625,131.6953125,4.9345703125,5446.930412593194,88610332.27202079,0.059351337322911576,1.224726070080502,1612,-57.71484375,-42.05078125,-18.08203125,-437.5,-95.0625,-2.62744140625,-1.84912109375,nan,nan,ok,
pm_periodic,hernquist3d,2027,2048,0.05,8,16,600,,nan,nan,1982.6875,119.55859375,5.02099609375,5535.076797401719,98620672.85842226,0.057090025036638986,1.2240872646651975,1596,-41.55859375,-40.53515625,-15.0390625,-509.28125,-396.46875,-2.0947265625,-1.6201171875,nan,nan,ok,
pm_periodic,hernquist3d,2028,2048,0.05,8,16,600,,nan,nan,2118.21875,133.23046875,5.146484375,5597.234971997861,109617457.71298137,0.06085792470688813,1.2179013135576349,1605,-47.40625,-51.625,-37.81640625,-456.1875,-747.59375,-2.20947265625,-1.69775390625,nan,nan,ok,
pm_periodic,hernquist3d,2029,2048,0.05,8,16,600,,nan,nan,2019.40625,133.18359375,5.96630859375,5937.625242072131,146647240.54769865,0.06455760335246702,1.2056175168399377,1588,-33.46484375,-25.41796875,-8.9765625,-378.96875,-338.5,-1.21875,-0.53515625,nan,nan,ok,
pm_periodic,plummer3d,2000,2048,0.05,8,16,600,,nan,nan,5225.15625,353.0234375,10.13134765625,10450.579076382786,37603450.12486854,0.12876026654860773,1.523460916978971,1169,-222.8828125,-225.40625,-200.2890625,-2261.0625,-2376.6875,-7.08056640625,-6.49267578125,nan,nan,ok,
pm_periodic,plummer3d,2001,2048,0.05,8,16,600,,nan,nan,4912.9375,335.83984375,9.658203125,9466.966002627007,33953677.805158034,0.11688265220444553,1.5703701223911684,1251,-244.98046875,-279.06640625,-223.7578125,-2527.375,-2228.8125,-7.54150390625,-7.13525390625,nan,nan,ok,
pm_periodic,plummer3d,2002,2048,0.05,8,16,600,,nan,nan,5042.1875,333.7578125,9.92822265625,10246.064077524572,36883106.57879915,0.12444278212017587,1.5183231350746564,1229,-210.796875,-226.2578125,-197.44921875,-2238.6875,-2747.5625,-6.642578125,-6.15673828125,nan,nan,ok,
pm_periodic,plummer3d,2003,2048,0.05,8,16,600,,nan,nan,4985.3125,338.96875,9.56689453125,9836.315341654099,35125357.332534015,0.12107132770517831,1.5289426170712939,1210,-231.3515625,-243.5546875,-229.7734375,-2374.375,-3170.25,-6.908203125,-6.67041015625,nan,nan,ok,
pm_periodic,plummer3d,2004,2048,0.05,8,16,600,,nan,nan,5069.34375,372.6015625,10.79833984375,10625.605612755126,37617512.9279029,0.13305103505129456,1.530926989059155,1201,-233.984375,-236.8203125,-212.5390625,-2190.53125,-2702.6875,-7.2421875,-6.36669921875,nan,nan,ok,
pm_periodic,plummer3d,2005,2048,0.05,8,16,600,,nan,nan,5131.3125,342.296875,9.953125,10092.31898488816,36612916.69103706,0.12428391777601368,1.5306992886596962,1199,-225.703125,-240.296875,-216.71875,-2445.5625,-2716.25,-7.255859375,-6.74951171875,nan,nan,ok,
pm_periodic,plummer3d,2006,2048,0.05,8,16,600,,nan,nan,5126.65625,340.01171875,9.26171875,10025.609720012835,37201918.63988806,0.12163808698705422,1.5074240284561573,1200,-213.64453125,-238.55859375,-200.2890625,-2169.28125,-2700.5,-6.30615234375,-5.96142578125,nan,nan,ok,
pm_periodic,plummer3d,2007,2048,0.05,8,16,600,,nan,nan,5182.90625,364.72265625,10.76025390625,10793.284283553428,38263432.45194781,0.1344703186064973,1.5157353410244294,1136,-221.96875,-233.11328125,-205.3828125,-2270.96875,-2810.28125,-7.02099609375,-6.02001953125,nan,nan,ok,
pm_periodic,plummer3d,2008,2048,0.05,8,16,600,,nan,nan,4899.71875,322.1875,9.494140625,9584.114976299905,39987632.17300592,0.12049359581094285,1.5175747745967771,1233,-201.56640625,-219.46875,-176.71875,-2064.96875,-2347.28125,-6.42041015625,-5.7890625,nan,nan,ok,
pm_periodic,plummer3d,2009,2048,0.05,8,16,600,,nan,nan,5114.0625,360.91796875,9.8916015625,10406.304159966105,34751222.10862234,0.12970534242183684,1.5142442826088072,1174,-219.76953125,-232.28125,-214.91796875,-2271.03125,-2610.5,-6.26806640625,-5.880859375,nan,nan,ok,
pm_periodic,plummer3d,2010,2048,0.05,8,16,600,,nan,nan,5170.28125,349.23828125,10.30859375,10481.933632058737,34943534.451976776,0.12917817995847583,1.5107822694318473,1200,-198.59765625,-203.41796875,-162.3046875,-2114.96875,-1964.5,-6.65380859375,-6.18798828125,nan,nan,ok,
pm_periodic,plummer3d,2011,2048,0.05,8,16,600,,nan,nan,5041.96875,365.1328125,10.34814453125,10604.194651617521,33031148.782638516,0.13126345337689302,1.515527790931783,1158,-217.79296875,-218.21484375,-207.265625,-2182.375,-2491.875,-6.44482421875,-6.14306640625,nan,nan,ok,
pm_periodic,plummer3d,2012,2048,0.05,8,16,600,,nan,nan,5130.21875,335.1953125,9.73681640625,10002.502276991865,37977109.13619775,0.12266140235710796,1.526404430358184,1216,-226.0390625,-223.83984375,-206.61328125,-2488.4375,-2452.84375,-6.99072265625,-6.486328125,nan,nan,ok,
pm_periodic,plummer3d,2013,2048,0.05,8,16,600,,nan,nan,5035.1875,335.41015625,9.35791015625,9747.699235424414,37221082.106696405,0.1200690034196385,1.5351476418904881,1236,-223.26171875,-251.41796875,-208.359375,-2305.4375,-2511.5625,-6.67919921875,-6.35595703125,nan,nan,ok,
pm_periodic,plummer3d,2014,2048,0.05,8,16,600,,nan,nan,5108.53125,319.3515625,8.810546875,9324.526166681253,34924327.66720128,0.11386566087567171,1.5264164991514106,1230,-210.578125,-231.796875,-200.22265625,-2425.21875,-2883.625,-5.884765625,-6.10009765625,nan,nan,ok,
pm_periodic,plummer3d,2015,2048,0.05,8,16,600,,nan,nan,5075.375,333.09765625,8.85595703125,9660.645645357528,36044292.468086585,0.11554017693575964,1.5200617516616486,1242,-221.73828125,-241.50390625,-209.16015625,-2341.21875,-2763.0,-6.12890625,-5.89794921875,nan,nan,ok,
pm_periodic,plummer3d,2016,2048,0.05,8,16,600,,nan,nan,5084.09375,347.9296875,9.2470703125,9902.34158231811,31342409.58612738,0.12063433149120664,1.5284573809436859,1231,-230.14453125,-254.53515625,-222.48828125,-2350.34375,-3008.875,-6.40185546875,-6.12890625,nan,nan,ok,
pm_periodic,plummer3d,2017,2048,0.05,8,16,600,,nan,nan,4948.46875,353.20703125,9.40185546875,10057.26463618483,39793324.871488266,0.1223603711223742,1.5084271886480112,1202,-219.94921875,-220.28125,-202.88671875,-2107.53125,-2329.96875,-6.23876953125,-5.87646484375,nan,nan,ok,
pm_periodic,plummer3d,2018,2048,0.05,8,16,600,,nan,nan,5108.28125,355.08984375,9.77880859375,10343.772096287914,34922145.282039404,0.1279211002381534,1.5451703216230954,1162,-219.88671875,-238.73828125,-207.84375,-2369.0625,-2535.65625,-6.52001953125,-6.07275390625,nan,nan,ok,
pm_periodic,plummer3d,2019,2048,0.05,8,16,600,,nan,nan,5086.6875,357.75390625,9.3291015625,9933.484095553375,35334581.849807724,0.12224873671836835,1.520771716965274,1228,-243.765625,-268.83203125,-234.20703125,-2293.5,-3002.75,-6.58447265625,-6.2451171875,nan,nan,ok,
pm_periodic,plummer3d,2020,2048,0.05,8,16,600,,nan,nan,4951.90625,344.52734375,9.6787109375,10252.68941512462,40186308.980469644,0.12676515937957988,1.5217780974824784,1192,-225.87109375,-231.03125,-210.609375,-2135.78125,-2534.0,-6.52685546875,-6.2197265625,nan,nan,ok,
pm_periodic,plummer3d,2021,2048,0.05,8,16,600,,nan,nan,5130.9375,352.34765625,9.9111328125,10258.597355384638,38587140.86787681,0.12730472566560821,1.5312446819331518,1196,-214.1171875,-214.8359375,-197.0546875,-2286.875,-2622.15625,-6.38037109375,-5.97509765625,nan,nan,ok,
pm_periodic,plummer3d,2022,2048,0.05,8,16,600,,nan,nan,4984.8125,357.5546875,10.02783203125,10535.136372185068,32914545.674548984,0.1308240718124084,1.5168860491560858,1215,-212.98046875,-225.91015625,-200.984375,-2100.90625,-2560.28125,-6.50439453125,-5.5380859375,nan,nan,ok,
pm_periodic,plummer3d,2023,2048,0.05,8,16,600,,nan,nan,5127.75,353.4140625,10.0009765625,10067.083810001495,34284617.625023946,0.12630860329140206,1.5385285124470256,1191,-233.21875,-247.4921875,-223.71484375,-2398.78125,-2988.78125,-6.80322265625,-6.76806640625,nan,nan,ok,
pm_periodic,plummer3d,2024,2048,0.05,8,16,600,,nan,nan,4954.9375,327.12890625,9.2080078125,9729.613265823502,33287798.523108736,0.1183839918172936,1.4949218824441735,1242,-193.5078125,-205.3828125,-180.44921875,-2042.90625,-2685.75,-5.75,-5.33544921875,nan,nan,ok,
pm_periodic,plummer3d,2025,2048,0.05,8,16,600,,nan,nan,5032.78125,340.68359375,9.22900390625,9634.966223779378,39973153.918082535,0.11873320713238886,1.524959231513907,1243,-234.6328125,-254.18359375,-219.57421875,-2170.4375,-2832.78125,-6.65087890625,-6.2236328125,nan,nan,ok,
pm_periodic,plummer3d,2026,2048,0.05,8,16,600,,nan,nan,5152.0625,328.953125,8.984375,9798.218331610744,33132786.71833282,0.11922124984733756,1.5299280979427183,1241,-214.34765625,-244.19140625,-205.94140625,-2321.53125,-2929.6875,-6.29638671875,-5.98974609375,nan,nan,ok,
pm_periodic,plummer3d,2027,2048,0.05,8,16,600,,nan,nan,5194.78125,335.12109375,8.92578125,9564.216711699608,42214071.66574229,0.11694276303737176,1.5329613010667669,1250,-228.7421875,-252.5390625,-201.47265625,-2537.03125,-2495.5,-6.287109375,-5.7958984375,nan,nan,ok,
pm_periodic,plummer3d,2028,2048,0.05,8,16,600,,nan,nan,4924.84375,354.85546875,9.69580078125,10035.056734068487,37579391.21898193,0.12440318530166097,1.5271411167982079,1214,-238.82421875,-240.98828125,-216.15234375,-2267.875,-2239.21875,-6.7998046875,-6.46435546875,nan,nan,ok,
pm_periodic,plummer3d,2029,2048,0.05,8,16,600,,nan,nan,5101.875,346.01953125,9.841796875,9882.33850845676,43133730.983232304,0.12507633121641426,1.5124615915404525,1197,-204.90625,-209.33203125,-188.4921875,-2359.75,-2581.34375,-6.0263671875,-5.6826171875,nan,nan,ok,
direct_isolated,bimodal3d,2000,2048,0.1,8,16,600,0.0002833927808190546,3.7952501447895473,24.504551489494308,2801.78125,357.33984375,22.09027099609375,3225.9889506613363,210482192.9733984,0.41246750561266693,2.1528210351516317,758,-348.62440490722656,-356.52161026000977,-357.10812759399414,-2495.8369140625,-2800.060791015625,-21.638662576675415,-22.064342081546783,0.3799705527829811,3.4939869052873216,ok,
direct_isolated,bimodal3d,2001,2048,0.1,8,16,600,0.0002582217127343762,4.050548134322412,28.80953022830172,2754.7646484375,353.53489685058594,21.277705907821655,3224.3354189576858,159701681.39383668,0.41426839028038426,2.2304488356950913,751,-346.1773262023926,-352.7292938232422,-353.3050537109375,-2493.489501953125,-2752.3359375,-20.86358004808426,-21.2519588470459,0.42165684279517324,3.727763939974592,ok,
direct_isolated,bimodal3d,2002,2048,0.1,8,16,600,0.00027661380457814173,3.7975640252829126,23.86845535211053,2814.77734375,359.25872802734375,21.567336082458496,3216.4261254139947,186441358.3897102,0.40941207047896466,2.146074905860459,817,-349.154727935791,-358.24530029296875,-359.04150390625,-2437.699462890625,-2811.96875,-21.09143739938736,-21.540199279785156,0.3729995250560788,3.372894056066272,ok,
direct_isolated,bimodal3d,2003,2048,0.1,8,16,600,0.0002782303637668265,3.8333659150990393,24.884233196953225,2825.7802734375,359.84812927246094,21.110786199569702,3215.6177151489087,207145355.53297517,0.4100473035688226,2.1706311102074034,757,-351.8336982727051,-358.9015693664551,-359.53562927246094,-2552.341064453125,-2822.1552734375,-20.677974045276642,-21.078559637069702,0.38813475465164937,3.481880235407857,ok,
direct_isolated,bimodal3d,2004,2048,0.1,8,16,600,0.0003241707111012107,3.6708574007249832,23.037522541357315,2878.4375,379.3046875,24.41253662109375,3297.42295232104,257737344.9774157,0.4287772263578715,2.1648895816606237,779,-370.6251564025879,-378.32916259765625,-379.016788482666,-2544.119384765625,-2875.746337890625,-23.95633178949356,-24.37871080636978,0.3693495080538526,3.415498081069817,ok,
direct_isolated,bimodal3d,2005,2048,0.1,8,16,600,0.00029096571499525475,3.806727981357154,24.755434465723486,2891.1787109375,355.64195251464844,22.051229238510132,3179.6386567952163,202528485.08609802,0.4077375490093876,2.169158762607171,762,-347.002685546875,-354.771484375,-355.38623046875,-2589.859375,-2889.0,-21.594646453857422,-22.02233123779297,0.38375930744592934,3.526375913560125,ok,
direct_isolated,bimodal3d,2006,2048,0.1,8,16,600,0.00029140289115136094,3.6817559296494022,22.50453409797975,2865.124755859375,365.65844345092773,22.39447396993637,3236.7407401573396,185993586.3765176,0.4164620566454974,2.1335608985775734,783,-356.2227897644043,-364.7273063659668,-365.3752555847168,-2544.086669921875,-2862.281982421875,-21.914400279521942,-22.361728847026825,0.3671010516673203,3.316808065370105,ok,
direct_isolated,bimodal3d,2007,2048,0.1,8,16,600,0.0003025074535965796,3.670096020401892,22.591468443497202,2869.55859375,372.45208740234375,23.39054775238037,3275.65110140869,223634309.78489485,0.42905273480944267,2.1493400100270588,782,-363.80389404296875,-371.46081924438477,-372.08777236938477,-2551.94921875,-2865.445556640625,-22.890063285827637,-23.349485456943512,0.37627221495970786,3.3628177692127115,ok,
direct_isolated,bimodal3d,2008,2048,0.1,8,16,600,0.00028080977034044185,3.7342274589202664,23.442618225722097,2807.02734375,358.82855224609375,22.292853355407715,3239.009955941265,214946685.13559285,0.4162942213426367,2.144788821990233,817,-350.5896339416504,-358.01135635375977,-358.5572052001953,-2504.220947265625,-2804.8173828125,-21.830837786197662,-22.26249051094055,0.3792597401576918,3.415866042255553,ok,
direct_isolated,bimodal3d,2009,2048,0.1,8,16,600,0.00030477913001057525,3.69198177531458,22.541186342203897,2844.718505859375,363.39623641967773,22.80657571554184,3234.900747395355,233479700.8036644,0.4177841954950582,2.1415723769925727,774,-353.5725212097168,-362.061767578125,-363.043758392334,-2480.375732421875,-2841.597412109375,-22.3184854388237,-22.765545785427094,0.3570548030527032,3.414732870381606,ok,
direct_isolated,bimodal3d,2010,2048,0.1,8,16,600,0.00030813477430814934,3.66528151929923,21.966443167468498,2827.8349609375,368.30308532714844,23.178624868392944,3244.347975735086,219312053.83082265,0.4213338484283411,2.133071704600979,687,-359.0141792297363,-367.3993377685547,-367.89262771606445,-2485.204345703125,-2824.175048828125,-22.711677849292755,-23.131592571735382,0.3513533132419172,3.2876979927693384,ok,
direct_isolated,bimodal3d,2011,2048,0.1,8,16,600,0.00031421538378800773,3.682516739827844,22.934611804510585,2899.21484375,368.87396240234375,23.46525478363037,3236.6644473274555,218174478.60803625,0.42063976162913125,2.1339827137160947,768,-359.3731117248535,-368.0034942626953,-368.64062881469727,-2524.394775390625,-2896.984619140625,-22.99267679452896,-23.43734747171402,0.3576836782931393,3.341961318390158,ok,
direct_isolated,bimodal3d,2012,2048,0.1,8,16,600,0.000290986928476538,3.780055812573861,24.449269621084586,2865.2099609375,366.09898376464844,22.586385488510132,3210.2435546000274,221038690.50666666,0.4135699781375674,2.16967740763624,792,-357.4752388000488,-365.1904487609863,-365.8636665344238,-2559.837158203125,-2862.915283203125,-22.119455635547638,-22.556310951709747,0.3895722012364988,3.543337574682374,ok,
direct_isolated,bimodal3d,2013,2048,0.1,8,16,600,0.0002867903661198977,3.8316129289266256,24.774820243131632,2775.265625,359.275146484375,22.60195541381836,3219.878486878516,172345399.68795177,0.41398233672187185,2.175127823681815,739,-351.31532287597656,-358.34791564941406,-359.01148986816406,-2483.1806640625,-2773.2041015625,-22.164289712905884,-22.571163415908813,0.3864329991221528,3.41334134643738,ok,
direct_isolated,bimodal3d,2014,2048,0.1,8,16,600,0.00027581369819223344,3.7476783331403625,23.33094560194569,2852.175537109375,365.273006439209,21.849572122097015,3233.552400556871,182051191.59037915,0.4188102889960313,2.1425715017929248,760,-356.04406356811523,-364.2138671875,-364.94721603393555,-2533.366943359375,-2849.043701171875,-21.356676042079926,-21.813109576702118,0.37015697477149767,3.3346195482487175,ok,
direct_isolated,bimodal3d,2015,2048,0.1,8,16,600,0.00028959113563345126,3.767872974400838,23.498879190508788,2807.6943359375,359.92295837402344,22.387101888656616,3198.0608330548007,216981584.2634076,0.41589346673197364,2.1461735404143263,793,-350.6789131164551,-358.9339599609375,-359.66612243652344,-2450.997314453125,-2804.4443359375,-21.908404648303986,-22.35659956932068,0.35663947799652185,3.3404623501248736,ok,
direct_isolated,bimodal3d,2016,2048,0.1,8,16,600,0.0002913222125547387,3.799117492630039,24.48873768522153,2826.1865234375,366.07371520996094,22.95354437828064,3228.991202513464,206191871.19084996,0.41645047015649517,2.1655403222305396,753,-357.1570014953613,-365.1094970703125,-365.82109451293945,-2508.626220703125,-2823.659423828125,-22.489055931568146,-22.924359142780304,0.3868391836991595,3.444291931616121,ok,
direct_isolated,bimodal3d,2017,2048,0.1,8,16,600,0.00027380537924763667,3.7339270249240264,22.874703011571956,2836.306396484375,356.36782455444336,21.333414494991302,3220.833377469796,186295331.3784746,0.4141500355012605,2.13524518258706,792,-347.3630676269531,-355.4195251464844,-356.1040344238281,-2511.173828125,-2833.095703125,-20.873043537139893,-21.299232959747314,0.3618007243652399,3.401076045302831,ok,
direct_isolated,bimodal3d,2018,2048,0.1,8,16,600,0.0002815358656244728,3.8665196962727113,25.238135164160308,2869.562255859375,350.84203720092773,22.89300912618637,3189.0805331741644,197119043.53282726,0.4082855254149255,2.180365384229215,766,-342.0736198425293,-349.74151611328125,-350.5185241699219,-2539.571044921875,-2865.810546875,-22.452413737773895,-22.85551404953003,0.3791656999256152,3.4526963344571824,ok,
direct_isolated,bimodal3d,2019,2048,0.1,8,16,600,0.00027309725322390385,3.772513137494553,24.21275635584201,2809.671875,363.181396484375,21.74703598022461,3216.1786023204004,167954904.30966428,0.4108078246411329,2.1651205942660883,770,-354.82228088378906,-362.39917373657227,-362.978271484375,-2516.2822265625,-2808.265625,-21.282684564590454,-21.72365951538086,0.38408109216206965,3.4541614496521533,ok,
direct_isolated,bimodal3d,2020,2048,0.1,8,16,600,0.0002960318056019951,3.7487485523200146,23.60391828288441,2798.9365234375,355.56297302246094,22.951606512069702,3168.899602834047,205678042.0257653,0.40709224318761295,2.145210189614305,793,-346.79790115356445,-354.7124214172363,-355.2977485656738,-2477.237548828125,-2796.759033203125,-22.51133805513382,-22.92521506547928,0.3815845501336834,3.3811620644924334,ok,
direct_isolated,bimodal3d,2021,2048,0.1,8,16,600,0.00029103431932387644,3.7338623738296723,23.48931454894532,2863.591552734375,365.8932762145996,23.473094403743744,3229.5805264016612,196283123.51750004,0.41844155448904385,2.156786123517316,729,-357.60769271850586,-365.0155029296875,-365.63104248046875,-2552.564208984375,-2860.98046875,-22.99396175146103,-23.445345878601074,0.3745707733521616,3.386444878823898,ok,
direct_isolated,bimodal3d,2022,2048,0.1,8,16,600,0.0003013325368048734,3.717201005810916,22.92900582096156,2837.644287109375,361.035213470459,22.492585122585297,3234.1139612005,220318818.42452925,0.4181730023658477,2.1470955823044697,780,-351.95928955078125,-359.88097763061523,-360.7536315917969,-2505.17578125,-2834.451171875,-22.020054817199707,-22.457393169403076,0.35299189961328603,3.316346339240082,ok,
direct_isolated,bimodal3d,2023,2048,0.1,8,16,600,0.00030633274178987457,3.7570444262472096,24.342052202266782,2880.843505859375,381.11108016967773,23.83196634054184,3272.230124106374,214056433.94150764,0.42744855490474865,2.1744434725675013,832,-371.95538330078125,-380.07940673828125,-380.8200798034668,-2550.26953125,-2877.188232421875,-23.358494758605957,-23.798793971538544,0.3764119512855635,3.3902750815039044,ok,
direct_isolated,bimodal3d,2024,2048,0.1,8,16,600,0.00029673894672080267,3.6011464361321663,20.528800506706045,2859.9052734375,367.50047302246094,23.165961980819702,3221.430007417097,210552314.86782634,0.41797791124303674,2.1144490970224545,755,-357.0555419921875,-366.2889595031738,-367.07493591308594,-2466.5859375,-2855.7021484375,-22.67609977722168,-23.121593236923218,0.33426372637791124,3.1331253146234155,ok,
direct_isolated,bimodal3d,2025,2048,0.1,8,16,600,0.0003040460209869874,3.7273766997447892,23.794911814617617,2819.0537109375,372.45933532714844,23.633702993392944,3242.2105901840323,192066091.3408151,0.42207429750203684,2.1649619341265063,707,-363.9037322998047,-371.688232421875,-372.2467842102051,-2493.9326171875,-2817.216064453125,-23.18233370780945,-23.61051493883133,0.37534619913763,3.4448764911225833,ok,
direct_isolated,bimodal3d,2026,2048,0.1,8,16,600,0.0002698471997166784,3.7995762553566497,24.31635516576951,2849.029052734375,364.2043113708496,22.18254417181015,3220.540022362936,153170011.5964024,0.4128966884238533,2.1595555015042067,742,-355.7315979003906,-363.4705619812012,-363.9859619140625,-2548.384765625,-2847.5078125,-21.714800357818604,-22.155176162719727,0.3843942572367016,3.5022148704021343,ok,
direct_isolated,bimodal3d,2027,2048,0.1,8,16,600,0.00027601279132037973,3.8099367813520293,24.900588589693314,2866.073974609375,365.6171226501465,22.297820031642914,3220.2105509316343,187085717.5923362,0.4126008881081345,2.17873645173817,758,-357.50104904174805,-364.71149826049805,-365.3978576660156,-2568.332763671875,-2863.650390625,-21.84550589323044,-22.270071506500244,0.39313601173768553,3.430585673971997,ok,
direct_isolated,bimodal3d,2028,2048,0.1,8,16,600,0.000305431199748768,3.725333195309985,23.587360257393026,2837.0302734375,371.66844177246094,23.181098699569702,3236.279816186513,218425011.81675342,0.41904466150702185,2.1672032514861805,712,-362.8475227355957,-370.9034423828125,-371.40007400512695,-2516.538330078125,-2833.932861328125,-22.720853626728058,-23.148737728595734,0.3879998147594612,3.409483074140151,ok,
direct_isolated,bimodal3d,2029,2048,0.1,8,16,600,0.00028576419041932195,3.706326733440076,22.60590626481162,2801.175537109375,351.944881439209,22.746056497097015,3180.6192104614315,188588341.10306227,0.4049264320844414,2.1387745216332434,744,-343.171688079834,-350.90754318237305,-351.70087814331055,-2461.316162109375,-2798.778076171875,-22.28072828054428,-22.717158496379852,0.37077887011084054,3.3447257088433515,ok,
direct_isolated,cold_clumpy3d,2000,2048,0.1,8,16,600,7.876795416965227e-05,0.007000178645222701,0.6110104936199193,8793.6875,878.56640625,36.97021484375,3810.247841123358,492340213.9940803,0.25933292241695166,0.08769608760409162,751,116.31640625,442.09375,126.09910583496094,1784.125,12300.5615234375,60.16064453125,22.970054388046265,-0.2110381219348516,-0.19735646457091321,ok,
direct_isolated,cold_clumpy3d,2001,2048,0.1,8,16,600,2.421096243790139e-05,0.007899591238324746,0.7169636080440864,8456.90625,879.87890625,37.83642578125,3807.961696125768,521417661.907894,0.2028082254518808,0.09097152900933439,705,191.59765625,-69.328125,-57.86769104003906,5131.0625,9948.4990234375,35.63916015625,25.66106390953064,-0.1050324074191692,-0.32708165061336547,ok,
direct_isolated,cold_clumpy3d,2002,2048,0.1,8,16,600,6.84191925969047e-05,0.007493157893160124,0.5680202156709808,6950.125,632.015625,34.64599609375,3810.969740392516,501316732.5827534,0.22022223833659013,0.0871255336766844,541,209.55078125,309.3203125,298.9250144958496,1984.25,5841.404052734375,31.6533203125,16.984210431575775,-0.10551963745632309,-0.011669142467288895,ok,
direct_isolated,cold_clumpy3d,2003,2048,0.1,8,16,600,2.9947091062615422e-05,0.007632182014350795,0.4082503145753933,9381.90625,643.94140625,40.9951171875,3807.7974536000565,544626150.6081948,0.24144565599047385,0.08893402043581744,630,534.0390625,377.59375,179.55462265014648,5381.59375,2755.167724609375,47.19775390625,13.501921594142914,-0.08145701818995421,-0.3936893887177382,ok,
direct_isolated,cold_clumpy3d,2004,2048,0.1,8,16,600,4.203230285585183e-05,0.006694707842861874,0.6027659868996009,9708.21875,879.90234375,43.8349609375,3808.534484620866,523782436.0180299,0.27685141365412796,0.08922764208377634,1097,201.92578125,-211.57423400878906,241.267333984375,1275.5,1303.984375,52.69140625,11.57516098022461,-0.1265916913289123,-0.3162297470159906,ok,
direct_isolated,cold_clumpy3d,2005,2048,0.1,8,16,600,5.9029312971879356e-05,0.007091448010500718,0.5436447410944597,7788.0,643.1328125,40.158203125,3807.587238160994,492858273.82573235,0.26224018762212997,0.08743668158984176,673,592.546875,469.203125,123.47875595092773,5687.1875,2687.906005859375,41.2568359375,9.28802865743637,-0.13592249765268027,-0.21685973118661245,ok,
direct_isolated,cold_clumpy3d,2006,2048,0.1,8,16,600,4.251649441323788e-05,0.007001905558863485,0.4829883761016395,7943.09375,758.06640625,35.72607421875,3806.159079688384,479396286.740271,0.27600461422203226,0.08732943983936034,575,1109.3984375,599.09765625,-3.5661964416503906,14973.46875,2378.810302734375,57.45263671875,5.564914166927338,-0.1405726984450465,-0.3062098774015068,ok,
direct_isolated,cold_clumpy3d,2007,2048,0.1,8,16,600,4.433252854032225e-05,0.006829940641734408,0.5521245126235473,9484.3125,722.16015625,36.740234375,3810.1756232873267,501488449.1315452,0.27889995267464585,0.08800090303710986,803,380.7890625,821.28125,380.30120849609375,5905.03125,4363.18359375,65.66357421875,31.305609703063965,-0.09865516818595654,-0.23874661044069562,ok,
direct_isolated,cold_clumpy3d,2008,2048,0.1,8,16,600,6.468263045515834e-05,0.006697567325420261,0.5184327893070416,12418.53125,1384.84765625,40.32373046875,3809.5994505727604,528536325.6627699,0.2864481558378114,0.0877288350302482,488,235.73046875,972.265625,-156.24301528930664,1391.1875,14716.056396484375,56.59130859375,32.51167529821396,-0.05594487686421867,-0.2743730816218227,ok,
direct_isolated,cold_clumpy3d,2009,2048,0.1,8,16,600,4.106247362503473e-05,0.007201330105905523,0.6759240141727804,9193.59375,725.859375,35.6357421875,3806.9306340756507,553808229.687118,0.20538297279555448,0.08744658129505656,806,465.33984375,638.84765625,354.94985580444336,5832.1875,3443.900146484375,48.6787109375,44.8671059012413,-0.08779515455661957,-0.3566290064417823,ok,
direct_isolated,cold_clumpy3d,2010,2048,0.1,8,16,600,6.346651820331783e-05,0.006006745709766379,0.5468164619663263,9541.1875,731.55859375,35.83837890625,3810.950898377415,490326767.5682727,0.2874175622862726,0.08623849593763133,1286,1475.49609375,1007.4266319274902,365.24559020996094,32668.0625,16994.4365234375,90.5029296875,46.98821234703064,-0.2523520551031384,-0.22159437983650335,ok,
direct_isolated,cold_clumpy3d,2011,2048,0.1,8,16,600,4.0350572549510425e-05,0.006951016606184879,0.5073247012863453,10592.46875,908.37890625,35.6796875,3813.1573362633444,506098360.91176724,0.26989763983878845,0.08817532560389682,721,548.5703125,53.29296875,310.07237243652344,2163.0625,2284.9443359375,57.77392578125,21.49899458885193,-0.09169620080280749,-0.27467175119743503,ok,
direct_isolated,cold_clumpy3d,2012,2048,0.1,8,16,600,9.05242959135148e-05,0.006434918374532323,0.5725436426567975,11312.46875,842.70703125,33.638671875,3806.79082385014,518898090.1352917,0.31192513052638005,0.08773067466668225,785,3749.54296875,1194.332088470459,332.81614685058594,28165.75,3278.1396484375,163.55712890625,68.56383872032166,-0.19665724629788686,-0.11665630160700835,ok,
direct_isolated,cold_clumpy3d,2013,2048,0.1,8,16,600,2.6599039937816625e-05,0.007143607918943692,0.5797887452195477,12399.4375,985.40625,41.279296875,3808.608525945684,538621558.8419414,0.22094309126160233,0.0883796080342383,654,417.21875,288.640625,269.92393493652344,1936.34375,9644.2568359375,67.18798828125,22.30563521385193,-0.12298550603203617,-0.37035378060646107,ok,
direct_isolated,cold_clumpy3d,2014,2048,0.1,8,16,600,2.852533661528849e-05,0.007568612243375083,0.5422993469614089,7875.15625,722.640625,38.61572265625,3812.835396668518,482821735.9219934,0.2056272326880801,0.08675454622711243,530,270.53125,125.9453125,227.8662109375,1467.21875,4463.875,35.98291015625,17.966781616210938,-0.09506061883671302,-0.33469404026652,ok,
direct_isolated,cold_clumpy3d,2015,2048,0.1,8,16,600,4.1140121712270304e-05,0.008047081228021492,0.47706414313569223,5542.40625,667.77734375,33.6953125,3813.099190323423,517997835.81219864,0.19968293920981925,0.08680103415706866,564,312.30078125,567.3828125,99.87408065795898,2411.15625,10841.738037109375,35.0126953125,-1.0355673432350159,-0.0594705447846684,-0.28937043633485815,ok,
direct_isolated,cold_clumpy3d,2016,2048,0.1,8,16,600,0.00022764038582422623,0.007182997813743106,0.9251397627610581,11615.46875,811.0,38.484375,3812.0940507627583,522405811.8282901,0.27273095917806545,0.0885309423736034,776,203.50390625,524.625,919.8800926208496,-66.40625,9324.310302734375,64.9384765625,41.91252464056015,-0.0929734583055104,-0.46803375112388157,ok,
direct_isolated,cold_clumpy3d,2017,2048,0.1,8,16,600,3.2540926579303095e-05,0.007238799578620567,0.5178535834839488,9752.59375,935.97265625,32.7705078125,3812.0170321445567,460051039.13884825,0.2004510220749878,0.08664393865200984,771,-129.875,746.83203125,-24.738346099853516,1693.40625,10990.886474609375,46.25537109375,24.991667687892914,-0.11503178360369515,-0.18933049307158645,ok,
direct_isolated,cold_clumpy3d,2018,2048,0.1,8,16,600,0.000134527202322192,0.007958865384483099,0.7330227086121185,7663.34375,768.58203125,38.75634765625,3813.5143828526334,541792162.2401733,0.20009560484855887,0.08825598262765152,712,165.6484375,414.72265625,570.8910522460938,960.03125,23471.46484375,38.56396484375,50.841864585876465,-0.07907606875660267,-0.40432565022704803,ok,
direct_isolated,cold_clumpy3d,2019,2048,0.1,8,16,600,2.077620929422691e-05,0.00606685566436934,0.7427737471322103,12609.84375,795.5859375,37.310546875,3810.0911906149195,503664212.6189511,0.35648204689789936,0.08702184317455698,828,461.94140625,384.6875,522.8900756835938,9619.875,2171.68359375,33.3017578125,24.088370323181152,-0.18962270557698763,-0.327497558247573,ok,
direct_isolated,cold_clumpy3d,2020,2048,0.1,8,16,600,6.937050759705577e-05,0.0054009586515484775,0.5866788145318185,8310.40625,534.9921875,35.25927734375,3808.8501193431302,489925332.83459663,0.38741718063019054,0.08664495061004765,1524,2336.17578125,3171.88671875,1350.0762786865234,36505.09375,22593.6005859375,84.89990234375,24.39010787010193,-0.21698442339050644,-0.23461693597246816,ok,
direct_isolated,cold_clumpy3d,2021,2048,0.1,8,16,600,5.730879782422973e-05,0.007404612335236762,0.5630173581511507,10308.5625,971.35546875,39.333984375,3804.5405947456575,575740979.6835244,0.23486638220566683,0.08803611993723329,529,721.62890625,1872.65625,-56.854618072509766,8550.0,4640.820068359375,67.365234375,5.90336412191391,-0.12890572311604098,-0.2833814776406937,ok,
direct_isolated,cold_clumpy3d,2022,2048,0.1,8,16,600,2.575079349188572e-05,0.0071564967721934065,0.5716190039959494,10496.125,1003.62890625,34.83984375,3810.3248673910334,514927157.06823266,0.26362225970933073,0.08764641313311952,538,313.68359375,-19.978519439697266,282.6188316345215,81.59375,14973.433349609375,77.369140625,15.136225640773773,-0.11358705837077127,-0.3130800092162247,ok,
direct_isolated,cold_clumpy3d,2023,2048,0.1,8,16,600,6.568153463721297e-05,0.0071494916946205425,0.7729267174675936,7773.0625,730.45703125,36.38134765625,3805.145449757022,484771169.2395766,0.202755747740596,0.08783055525681976,759,300.2109375,220.08984375,212.54751205444336,5885.28125,8515.743896484375,41.9736328125,25.178141057491302,-0.13260978793889294,-0.30405175919775396,ok,
direct_isolated,cold_clumpy3d,2024,2048,0.1,8,16,600,4.459543971718539e-05,0.007314353565231602,0.4475631834556128,8161.75,748.421875,40.41357421875,3809.860139579513,536158349.11314213,0.19979695896433805,0.08637879471763221,659,249.1640625,638.8496055603027,419.28465270996094,375.65625,4821.4990234375,40.62841796875,17.73381781578064,-0.08769853382695203,-0.2548659002068466,ok,
direct_isolated,cold_clumpy3d,2025,2048,0.1,8,16,600,5.028708496519575e-05,0.008057356633543062,0.5611154739251121,8096.0,696.5234375,36.3759765625,3807.012368611299,491836357.4512358,0.20000305324865658,0.08702947376558022,500,353.41796875,325.55078125,278.78164291381836,1654.34375,3236.384521484375,38.46435546875,22.357702672481537,-0.05289983300160961,-0.339142121947104,ok,
direct_isolated,cold_clumpy3d,2026,2048,0.1,8,16,600,4.096657619227711e-05,0.007178325476529876,0.5358849439997001,8260.4375,754.8984375,43.78662109375,3809.8112098057804,476730410.3599183,0.1998909417745481,0.08696177029015786,775,222.17578125,376.7597312927246,574.0936851501465,1048.28125,11306.792724609375,32.44921875,9.491179406642914,-0.1401260980573324,-0.21125150977358575,ok,
direct_isolated,cold_clumpy3d,2027,2048,0.1,8,16,600,3.231441691596942e-05,0.0074689981106169055,0.7089289330712252,9478.65625,899.68359375,43.748046875,3813.2522120928547,504089664.38542235,0.22698804653150953,0.08880503918595697,491,261.1171875,734.29296875,543.9955902099609,1.125,13241.8115234375,36.77978515625,16.56389594078064,-0.07475608780829468,-0.3602313046373682,ok,
direct_isolated,cold_clumpy3d,2028,2048,0.1,8,16,600,2.3808422893690498e-05,0.006963795233181481,0.5373105262331139,8683.875,931.73046875,39.5888671875,3812.6854056853554,545728814.3024864,0.24076869351489985,0.08745498893637896,693,204.48828125,296.734375,119.87054443359375,1691.21875,6573.37109375,55.30126953125,14.956534385681152,-0.11878978124035916,-0.236449942497106,ok,
direct_isolated,cold_clumpy3d,2029,2048,0.1,8,16,600,5.151416216165424e-05,0.006534288398433472,0.5340903729061104,9943.96875,1088.7421875,40.0546875,3808.3054415270244,466786089.57998574,0.2595671638373229,0.08675709086164886,1050,66.3515625,-37.252262115478516,-11.12625503540039,732.8125,2019.872802734375,73.4208984375,12.156688153743744,-0.1655908542670837,-0.2188963735963519,ok,
direct_isolated,hernquist3d,2000,2048,0.1,8,16,600,0.00041956118933257755,2.1527563364315077,2.3411680289152863,2183.134521484375,143.65029525756836,5.662290990352631,2020.0617120771747,86833245.96986906,0.3446899160273733,1.2205068901510239,1014,-94.8387451171875,-103.44424057006836,-95.51681518554688,-775.0234375,-1327.388671875,-4.410810470581055,-4.26069974899292,0.1732719267047811,1.1542887721699318,ok,
direct_isolated,hernquist3d,2001,2048,0.1,8,16,600,0.00016398053406095414,2.428365933564147,3.0895744260472386,2021.1162109375,119.27574157714844,5.098180532455444,1893.722768496899,82900935.45428006,0.3171773007519266,1.259602166664776,1038,-83.572265625,-103.62221145629883,-91.1636962890625,-879.0625,-1438.1640625,-4.163726806640625,-4.330804824829102,0.1883603651750302,1.418153529726202,ok,
direct_isolated,hernquist3d,2002,2048,0.1,8,16,600,0.00031429954562253677,2.205494398820352,2.4428226246796014,2033.681396484375,137.98110580444336,5.6465858817100525,2027.1828826922772,92021774.7520065,0.34118517819178074,1.226680641802401,1009,-87.26871871948242,-95.20548629760742,-88.12274169921875,-688.244873046875,-1193.01171875,-4.429705321788788,-4.125514030456543,0.15516362216340068,1.172821105587962,ok,
direct_isolated,hernquist3d,2003,2048,0.1,8,16,600,0.0002409425331725027,2.2758956041902434,2.6347088408513204,2063.355224609375,131.74163436889648,5.364584863185883,1970.8569867246383,102565344.50543508,0.3348081288364159,1.2279440538472668,990,-87.74901962280273,-101.10175704956055,-94.95669555664062,-794.671630859375,-1379.509765625,-4.248550355434418,-4.24218225479126,0.19820960269757482,1.2308519236792022,ok,
direct_isolated,hernquist3d,2004,2048,0.1,8,16,600,0.0004897729475435231,2.131395951047399,2.2735229656043043,2315.364990234375,144.2779197692871,6.376260221004486,2074.5347793732476,125262725.81505343,0.36152279443353513,1.2169368185882496,969,-83.47323226928711,-92.00570678710938,-89.46352767944336,-739.614990234375,-1351.275146484375,-4.795449674129486,-4.8184303641319275,0.14794037673562993,1.0849450638029814,ok,
direct_isolated,hernquist3d,2005,2048,0.1,8,16,600,0.00031713460345966354,2.221879494606527,2.4936430139284624,2056.4755859375,137.75743103027344,5.5496766567230225,1986.008586686492,96937848.8394885,0.3323206497217627,1.2188815003572977,1006,-95.581298828125,-105.85686111450195,-92.2026252746582,-758.921875,-1071.546142578125,-4.470691680908203,-4.428001224994659,0.18387507738420372,1.1203573578753028,ok,
direct_isolated,hernquist3d,2006,2048,0.1,8,16,600,0.00032215232005185175,2.170174700443071,2.3810660480308323,2036.078125,131.527099609375,5.145992279052734,1989.3091624258795,77614878.6602384,0.3297580719818142,1.2105552116304026,1040,-83.44467544555664,-99.23194885253906,-91.22450256347656,-594.193603515625,-1150.0244140625,-3.9481406807899475,-4.051603555679321,0.16911857904746647,1.1317946522709514,ok,
direct_isolated,hernquist3d,2007,2048,0.1,8,16,600,0.0008043765504597145,2.0795072076351797,2.160487831145254,2251.109130859375,151.89648056030273,6.075134217739105,2095.428602317397,124216690.30839159,0.35925833124530193,1.2207059263437066,990,-93.8552360534668,-93.9809684753418,-88.05828857421875,-695.344482421875,-1154.29296875,-4.595913112163544,-4.134394645690918,0.16552689847844454,0.9895190127422666,ok,
direct_isolated,hernquist3d,2008,2048,0.1,8,16,600,0.0002690025306111879,2.242645036592607,2.5179015033471566,1925.747802734375,127.02853012084961,5.3771852850914,1954.4533550659921,135378140.82059437,0.3300759493670886,1.2162066040036135,1016,-81.81126022338867,-89.67403793334961,-70.99481201171875,-626.061279296875,-798.35546875,-4.185496985912323,-3.9265546798706055,0.1590060489906625,1.103791962979173,ok,
direct_isolated,hernquist3d,2009,2048,0.1,8,16,600,0.0005200479295718829,2.1207707848757646,2.25195740731945,2166.109375,140.011474609375,5.585445404052734,1999.6163630152753,104641909.98384634,0.3356743978320948,1.206380858086411,1034,-85.41322326660156,-93.68848037719727,-86.03692626953125,-715.1650390625,-1242.36328125,-4.184618234634399,-3.980679512023926,0.15777885647747453,0.9564742065047371,ok,
direct_isolated,hernquist3d,2010,2048,0.1,8,16,600,0.0005975465289974659,2.108513382773432,2.220461417734252,2082.34375,142.0302734375,6.0009613037109375,2020.619987453632,91138350.11961909,0.34534233048057933,1.2044720689159647,989,-86.18313980102539,-89.06996154785156,-75.40040588378906,-557.299072265625,-725.2509765625,-4.612816393375397,-4.420379877090454,0.1674134065890881,0.9263383375370069,ok,
direct_isolated,hernquist3d,2011,2048,0.1,8,16,600,0.0004974619950327857,2.121718025526677,2.252864247258074,2233.0,146.5302734375,5.7392425537109375,2090.3457037522785,90761949.15124944,0.36066924222999897,1.2078988130573534,967,-85.5458984375,-86.33949279785156,-90.66193008422852,-573.25,-1185.191650390625,-4.2956390380859375,-4.296322882175446,0.1457325208058608,0.9677258508824955,ok,
direct_isolated,hernquist3d,2012,2048,0.1,8,16,600,0.00024997604569078157,2.2528651214473636,2.571994609272945,2047.0625,133.33203125,5.35052490234375,1993.4698197538469,104385070.15505636,0.33751822595942865,1.216641670603192,1005,-86.14019775390625,-98.88002014160156,-87.92648696899414,-739.72265625,-1204.404541015625,-4.157830238342285,-4.2245288491249084,0.17587512551257872,1.1549907087383946,ok,
direct_isolated,hernquist3d,2013,2048,0.1,8,16,600,0.00023517103412412126,2.294110073069767,2.6802942594759918,2041.489990234375,126.79110336303711,5.23346084356308,1999.3828661966904,109991377.38707855,0.3372791559198592,1.2303582589924635,1017,-88.18655395507812,-103.31345748901367,-88.67300033569336,-741.470703125,-1264.212646484375,-4.217880725860596,-4.239794194698334,0.18618521729285498,1.1647695446986668,ok,
direct_isolated,hernquist3d,2014,2048,0.1,8,16,600,0.00018621614291420533,2.3156760843267086,2.73135945771083,1888.212646484375,118.33266830444336,4.8472694754600525,1899.2253562390265,70862837.57339479,0.3130043972350058,1.2247694298785816,1032,-79.88955307006836,-94.36025619506836,-84.93986129760742,-643.415771484375,-1215.885498046875,-3.827223241329193,-3.860785186290741,0.18052762441997838,1.329560543294726,ok,
direct_isolated,hernquist3d,2015,2048,0.1,8,16,600,0.00019593276386047174,2.3064249406744253,2.694466408210923,2008.013427734375,127.57760238647461,4.955527722835541,1953.642048217514,64737444.09873607,0.32821930409585354,1.2186016844657903,992,-87.03463363647461,-104.10800170898438,-84.81149291992188,-764.888427734375,-1170.060546875,-3.9306253790855408,-3.8484950065612793,0.18621319136157555,1.2377852302406762,ok,
direct_isolated,hernquist3d,2016,2048,0.1,8,16,600,0.00022097933900300023,2.274085157337208,2.630775357282008,2074.529052734375,133.1261863708496,4.9406618475914,2007.7292224639148,72363238.42617539,0.33805551854319343,1.21667623956887,1016,-88.70144653320312,-102.2335205078125,-94.86666488647461,-678.455078125,-1257.450927734375,-3.820286273956299,-3.9244608283042908,0.16746900220403066,1.193548948936079,ok,
direct_isolated,hernquist3d,2017,2048,0.1,8,16,600,0.0002883590255591389,2.2086114772427803,2.443778981760314,2175.581787109375,131.79302597045898,5.215302407741547,2012.5246846631858,107748702.2707344,0.3381486681026938,1.20427390796611,998,-74.14521408081055,-87.32453536987305,-67.05463790893555,-755.403076171875,-916.324951171875,-3.91794890165329,-3.853423297405243,0.14746658838243454,1.1057870636970462,ok,
direct_isolated,hernquist3d,2018,2048,0.1,8,16,600,0.0002960158064092935,2.225167742743705,2.491720617290498,2164.6083984375,142.33128356933594,5.434680700302124,2069.399670020083,95558310.64068483,0.35268570283227113,1.2399791063415706,1001,-86.46220397949219,-99.27079772949219,-87.02958679199219,-706.5810546875,-1120.3623046875,-4.174946546554565,-4.099827527999878,0.17713445440632958,1.1146724861790456,ok,
direct_isolated,hernquist3d,2019,2048,0.1,8,16,600,0.0002709288239953454,2.211505451026599,2.4823988109495345,2171.1708984375,130.44847106933594,5.118762731552124,1969.4085289891968,77196962.01945603,0.3289747304707378,1.2319830656535553,1041,-85.506103515625,-106.40576171875,-90.22880554199219,-855.515625,-1463.2060546875,-3.9645729064941406,-4.028904676437378,0.17018911192457248,1.195418584942666,ok,
direct_isolated,hernquist3d,2020,2048,0.1,8,16,600,0.00036597709084053683,2.184994289673401,2.3976596754646606,2146.460693359375,142.04357528686523,5.654092729091644,2082.1259854233776,121799744.9601681,0.36046182210833955,1.227901309074694,947,-94.06399536132812,-101.27108764648438,-91.94720458984375,-768.470703125,-1298.30859375,-4.467674732208252,-4.115263938903809,0.1784181841988286,1.109817629973305,ok,
direct_isolated,hernquist3d,2021,2048,0.1,8,16,600,0.00031581802280555344,2.1889230503777872,2.3826022274199627,2176.4677734375,142.79734802246094,5.776923894882202,2039.0447997290753,106749044.23283547,0.35249037074294187,1.2167627370966092,965,-86.46321487426758,-91.98872756958008,-87.44145584106445,-780.911376953125,-1180.800048828125,-4.416508972644806,-4.122467815876007,0.17627140824432047,1.0616952601676382,ok,
direct_isolated,hernquist3d,2022,2048,0.1,8,16,600,0.0005130680626464982,2.1312662611410116,2.2656745624562533,2163.9599609375,150.55601501464844,5.785482168197632,2083.7015081737445,97536417.86963803,0.35959869919555515,1.2235241911819392,989,-94.48095703125,-97.66377639770508,-88.3336181640625,-642.03125,-1061.9765625,-4.334480285644531,-4.144739151000977,0.13984196613591843,0.9230727996543266,ok,
direct_isolated,hernquist3d,2023,2048,0.1,8,16,600,0.0002519168529966648,2.240724625338426,2.5352480067441703,2158.7646484375,136.06517028808594,5.212749242782593,2022.1032038512376,100399419.65809909,0.3431266029357228,1.231848272631566,1011,-86.51668167114258,-97.26347351074219,-89.22856521606445,-745.708251953125,-1307.956298828125,-3.902879059314728,-3.796997845172882,0.18611981445458808,1.2239932367975044,ok,
direct_isolated,hernquist3d,2024,2048,0.1,8,16,600,0.0002625566074304173,2.2077760818228094,2.431830084708861,2035.208740234375,129.2325096130371,5.09137099981308,1976.2965269332865,85545957.23573193,0.3310565855986028,1.1957213646432303,999,-79.1507568359375,-87.79001998901367,-82.23838424682617,-726.1796875,-1233.928466796875,-3.8143062591552734,-3.688752830028534,0.18548811485056993,1.1245401641881134,ok,
direct_isolated,hernquist3d,2025,2048,0.1,8,16,600,0.00022047805185355717,2.273128208813455,2.6379725216725642,2063.306396484375,123.53042221069336,4.702410161495209,1965.1377789512533,95165911.7621114,0.32774089327870093,1.2235278185198106,1040,-76.40634155273438,-91.15093994140625,-84.74996948242188,-698.255859375,-1238.373046875,-3.5584120750427246,-3.674010753631592,0.1832891159090147,1.2562132608050725,ok,
direct_isolated,hernquist3d,2026,2048,0.1,8,16,600,0.00023817083455750752,2.278677299242031,2.6471366239131884,2008.847412109375,132.45440292358398,4.833241403102875,2025.9186002831475,79037286.33877337,0.3423353196441658,1.2326914515980751,999,-94.44296264648438,-104.60220336914062,-95.23669052124023,-748.974609375,-1235.413818359375,-3.8642821311950684,-3.8831843733787537,0.1743971639159726,1.1559059419823032,ok,
direct_isolated,hernquist3d,2027,2048,0.1,8,16,600,0.00018859724224338392,2.3246294155321534,2.7569724147398045,1985.33984375,120.83050537109375,4.92258358001709,1893.5399770547351,89832851.93595712,0.31263530046936094,1.2261239005737121,1028,-80.54352188110352,-89.61566162109375,-81.32696914672852,-801.894775390625,-1187.066650390625,-3.9076319336891174,-3.892834722995758,0.18497093506653894,1.2881153071849187,ok,
direct_isolated,hernquist3d,2028,2048,0.1,8,16,600,0.00027201207190677515,2.220533081996995,2.4845764177334595,2179.421875,133.419677734375,5.028774261474609,2016.9831955052439,100292750.79852666,0.3438689469463791,1.2201809810870847,1014,-85.35165786743164,-101.83155822753906,-88.77853775024414,-700.427978515625,-1293.404541015625,-3.7853103280067444,-3.8168216347694397,0.16630747029830267,1.12722727706414,ok,
direct_isolated,hernquist3d,2029,2048,0.1,8,16,600,0.0003878595215108561,2.170378918915666,2.3431754359020895,2073.46484375,132.82122802734375,5.835158348083496,1993.4087605916498,137011921.84563485,0.3383194957572003,1.1995180285536948,1017,-76.07080078125,-82.29089736938477,-79.02783584594727,-611.78125,-1174.078369140625,-4.445686340332031,-4.030311644077301,0.16179480755575187,0.9746132525210431,ok,
direct_isolated,plummer3d,2000,2048,0.1,8,16,600,0.0009027786211612343,1.898993860413108,1.7294111574263047,5251.390625,353.515380859375,10.125179290771484,2780.952953955625,36448329.739272386,0.5005990877876287,1.5241064500550556,1123,-283.2905616760254,-311.159912109375,-272.06153869628906,-2831.174072265625,-3455.1572265625,-8.523735582828522,-8.261459589004517,0.24409725383766206,0.4244452804213586,ok,
direct_isolated,plummer3d,2001,2048,0.1,8,16,600,0.0011352150298434337,2.0814025510016125,2.268516207866344,4915.929443359375,336.41173934936523,9.647577226161957,2742.1341411470894,32797476.09772174,0.47322162213496183,1.570607575819582,1191,-283.58721923828125,-320.5873718261719,-284.8635559082031,-3041.61328125,-3578.236328125,-8.322957038879395,-8.473392963409424,0.294383143013739,0.9681324480787024,ok,
direct_isolated,plummer3d,2002,2048,0.1,8,16,600,0.001271662963294261,1.9301521776644552,1.8097131495993188,5054.489990234375,334.2998924255371,9.919022977352142,2735.3794591662804,35308181.93460426,0.4852707513875717,1.5207560740024095,1193,-262.1662406921387,-287.3545951843262,-261.67633056640625,-2665.905029296875,-3581.81640625,-8.305362403392792,-8.246468544006348,0.24369343463308607,0.5001206540551113,ok,
direct_isolated,plummer3d,2003,2048,0.1,8,16,600,0.0032009477627786224,1.972465174807974,1.919981414590712,4995.43359375,339.09271240234375,9.553694725036621,2707.135655518204,33520307.649570182,0.4797279274473193,1.5289367052197282,1146,-278.44885635375977,-305.56170654296875,-275.4074249267578,-2850.554931640625,-3637.1064453125,-8.048242628574371,-8.09144902229309,0.2645306209747049,0.7134698921719319,ok,
direct_isolated,plummer3d,2004,2048,0.1,8,16,600,0.0009183145239804413,1.9032198104171258,1.7391009939482591,5106.5146484375,372.23851013183594,10.762332677841187,2763.419251086492,36243863.82569075,0.5028221700314262,1.532953796683446,1163,-298.11839294433594,-319.1502265930176,-293.6599578857422,-2747.9833984375,-3460.5810546875,-9.024432897567749,-8.937924146652222,0.2542965431062776,0.41935078883538335,ok,
direct_isolated,plummer3d,2005,2048,0.1,8,16,600,0.0014246480179831286,1.9367092525864682,1.8217034212131746,5135.859130859375,342.69384384155273,9.946052491664886,2714.3207255533707,35622180.496315785,0.4798168725115788,1.529488660557191,1175,-278.0958366394043,-308.490966796875,-273.09539794921875,-2977.586669921875,-3555.51171875,-8.386171519756317,-8.404322624206543,0.2645186546218042,0.5195834006982962,ok,
direct_isolated,plummer3d,2006,2048,0.1,8,16,600,0.0006856544767162002,1.8842812166681326,1.691322136668885,5160.308349609375,340.6456871032715,9.256518304347992,2747.664977234998,36059539.820388414,0.4893032203455042,1.5047329927964068,1218,-268.55377197265625,-299.8149719238281,-269.5736999511719,-2655.12890625,-3455.841796875,-7.641037940979004,-7.6636271476745605,0.23999097850550022,0.42398256128674183,ok,
direct_isolated,plummer3d,2007,2048,0.1,8,16,600,0.0006275983063873686,1.8612667299186063,1.634759777409473,5187.7099609375,365.28208923339844,10.7531259059906,2749.6158057746015,37271590.94383605,0.5022086655793393,1.518502016277701,1109,-290.6432075500488,-302.2720527648926,-279.1293182373047,-2738.212158203125,-3554.6826171875,-9.015940010547638,-8.735846281051636,0.24313355416397442,0.3717515837843776,ok,
direct_isolated,plummer3d,2008,2048,0.1,8,16,600,0.0015929591320939425,1.9473720916644301,1.855160127985881,4933.0615234375,322.49851989746094,9.483314275741577,2730.7267635475396,38467188.618191004,0.4823675520648327,1.5196857061088571,1173,-256.3213081359863,-279.35423278808594,-251.18925857543945,-2631.141845703125,-3289.565673828125,-7.921615898609161,-7.8890960812568665,0.24657128149345042,0.5122947239633568,ok,
direct_isolated,plummer3d,2009,2048,0.1,8,16,600,0.0006770258183841779,1.8777152972185178,1.68173699652654,5128.84375,361.5810546875,9.885360717773438,2807.8584272722474,33351484.142945796,0.5049402540288748,1.5111570966379768,1129,-284.88595962524414,-301.44586181640625,-283.03064346313477,-2758.342041015625,-3397.601806640625,-8.023822367191315,-7.944723188877106,0.2514997416102217,0.3346509337776513,ok,
direct_isolated,plummer3d,2010,2048,0.1,8,16,600,0.0006384300192698633,1.8653462480334961,1.6596753276852347,5175.1875,349.1708984375,10.294052124023438,2756.4536551391643,33459524.83370474,0.4971418651654742,1.5099350901027808,1141,-268.88014221191406,-287.29400634765625,-260.609375,-2762.7353515625,-2995.09375,-8.497516870498657,-8.293212890625,0.23135374876072345,0.32199193716949004,ok,
direct_isolated,plummer3d,2011,2048,0.1,8,16,600,0.0007727780027588967,1.889979799795182,1.7184712202341903,5044.3505859375,365.21397399902344,10.334520101547241,2754.785360777543,31459077.076664828,0.5009801215444283,1.5104240020341515,1160,-287.42961502075195,-306.4957275390625,-277.4308319091797,-2664.760986328125,-3112.2294921875,-8.583586513996124,-8.404986143112183,0.24472114849273202,0.3238533231429989,ok,
direct_isolated,plummer3d,2012,2048,0.1,8,16,600,0.0018921545392813666,1.9550278563756889,1.8770086016323262,5155.677490234375,335.4053611755371,9.705155789852142,2728.2626518382103,36775962.27912482,0.48333618362069414,1.5313411234599088,1140,-269.9683532714844,-301.61767578125,-258.60464096069336,-2974.818359375,-3267.775146484375,-8.207818508148193,-7.958025395870209,0.2683963957754785,0.5519681200142628,ok,
direct_isolated,plummer3d,2013,2048,0.1,8,16,600,0.006028533274628171,1.9852997256621447,1.9598290127479654,5081.406005859375,336.29955673217773,9.350048005580902,2727.038506961467,35543016.39888572,0.4829596963058095,1.5334790250402106,1188,-271.8495178222656,-306.0027770996094,-270.2482604980469,-2904.462890625,-3534.044921875,-7.79824686050415,-7.738437175750732,0.26804138099639885,0.5520543801561749,ok,
direct_isolated,plummer3d,2014,2048,0.1,8,16,600,0.002298294392960297,1.964149887821562,1.8973556838013121,5109.0146484375,319.40403747558594,8.79354453086853,2710.1179055185094,33580147.7009148,0.4709584566122816,1.5284906288111832,1169,-255.05049514770508,-287.5067024230957,-257.4011688232422,-2864.591064453125,-3675.7998046875,-7.253993332386017,-7.402935743331909,0.2480647606981108,0.6815457986108874,ok,
direct_isolated,plummer3d,2015,2048,0.1,8,16,600,0.003261827179339088,1.9745040452674227,1.9295921181359206,5104.644287109375,333.492733001709,8.823098123073578,2696.659335333243,34400649.29017234,0.4750637384027844,1.5249347976427299,1156,-269.83599853515625,-304.10615158081055,-267.061336517334,-2882.84765625,-3638.878662109375,-7.356568336486816,-7.3193482756614685,0.2490180775222124,0.6499718092243588,ok,
direct_isolated,plummer3d,2016,2048,0.1,8,16,600,0.002664746901162884,1.9683465343246653,1.9125548727666297,5109.4287109375,348.18785095214844,9.23535704612732,2734.3035902216743,29714189.86076408,0.48591082116370193,1.5324283945804642,1190,-282.6805305480957,-311.963134765625,-277.1074409484863,-2813.725830078125,-3502.985595703125,-7.69553929567337,-7.651794731616974,0.2522117874003839,0.5186636064166998,ok,
direct_isolated,plummer3d,2017,2048,0.1,8,16,600,0.0010227046605833256,1.919061327632787,1.7816163700532515,4966.265625,352.595458984375,9.35940170288086,2723.130975984333,38213690.7030912,0.4827827608838329,1.5103016539477006,1118,-278.92612075805664,-310.3493995666504,-277.88159561157227,-2755.287353515625,-3225.593994140625,-7.69498211145401,-7.763317167758942,0.25381159794706776,0.5005208613036606,ok,
direct_isolated,plummer3d,2018,2048,0.1,8,16,600,0.002634141164916842,1.9644406207800602,1.903586812232825,5133.101318359375,355.68004989624023,9.776952683925629,2746.801445150783,33668907.173902385,0.498068072328724,1.544818302329896,1097,-280.5374450683594,-311.04821395874023,-277.4675407409668,-2860.552734375,-3440.688232421875,-8.088963985443115,-7.975597560405731,0.2522910747585578,0.40024468421824516,ok,
direct_isolated,plummer3d,2019,2048,0.1,8,16,600,0.001037759769071687,1.919024797932031,1.7785157662203641,5129.724365234375,357.8777732849121,9.310681760311127,2770.7339443446713,34060350.53784948,0.4905448804621324,1.5223226959875367,1180,-292.73818588256836,-326.65911865234375,-280.98720932006836,-2842.728271484375,-3596.978271484375,-7.786405980587006,-7.594313085079193,0.26042886871130366,0.5855579393606554,ok,
direct_isolated,plummer3d,2020,2048,0.1,8,16,600,0.0012759937071371533,1.9281278407510938,1.8010949869028867,4970.453125,345.275146484375,9.66701889038086,2710.8807545791256,38571904.549914956,0.48653727953662324,1.522928020033358,1107,-277.869873046875,-300.7481117248535,-275.73520278930664,-2679.515625,-3366.099853515625,-8.051189422607422,-8.072248041629791,0.2562017121739014,0.5465591879688857,ok,
direct_isolated,plummer3d,2021,2048,0.1,8,16,600,0.001159386335057251,1.9272768372818332,1.807682488093139,5124.5458984375,351.78684997558594,9.87850546836853,2716.021750941752,37178852.6331702,0.4899127405071974,1.5313478102603875,1162,-280.0384101867676,-298.622314453125,-273.9669075012207,-2797.567626953125,-3387.428955078125,-8.215779602527618,-8.135133564472198,0.25267753434220264,0.3676141539221862,ok,
direct_isolated,plummer3d,2022,2048,0.1,8,16,600,0.0008963166921139346,1.9023200035195416,1.7503673752145859,5003.206787109375,357.776424407959,10.020523965358734,2741.315403650385,31489638.031998273,0.49694894468368667,1.5194897721444727,1140,-283.5283508300781,-302.255184173584,-271.667049407959,-2661.533203125,-3292.519287109375,-8.24366807937622,-7.967057168483734,0.2534686769386664,0.35655035991147105,ok,
direct_isolated,plummer3d,2023,2048,0.1,8,16,600,0.0027220759266986284,1.967705226823221,1.9088909808527206,5140.958740234375,352.3233299255371,9.935136258602142,2748.589851167915,32906190.170424215,0.49326399361535633,1.538058598754894,1158,-287.43817138671875,-311.9832458496094,-281.47906494140625,-2897.69921875,-3643.56640625,-8.33784008026123,-8.335244178771973,0.2551295009919637,0.5320273088558969,ok,
direct_isolated,plummer3d,2024,2048,0.1,8,16,600,0.0007704691876216258,1.8985926350780797,1.7408818447613121,4973.4443359375,327.18614196777344,9.19742751121521,2678.670764757442,32102508.81658825,0.46876346380287887,1.4956957658679129,1188,-248.43359375,-273.3107147216797,-246.5479736328125,-2495.0625,-3316.0078125,-7.38787841796875,-7.276384353637695,0.2379381491681588,0.36793317092751765,ok,
direct_isolated,plummer3d,2025,2048,0.1,8,16,600,0.0021518544819233835,1.961451700752904,1.894066738783036,5087.5302734375,341.65867614746094,9.225501775741577,2743.6761985284584,38566447.051197305,0.4878193945613135,1.5256369942636163,1204,-278.10087966918945,-313.0987548828125,-269.8517036437988,-2860.503173828125,-3542.649658203125,-7.76021271944046,-7.639009773731232,0.27084036356260593,0.5647313297481322,ok,
direct_isolated,plummer3d,2026,2048,0.1,8,16,600,0.0025386428859573663,1.9652886776370138,1.9014370758470118,5155.6630859375,329.01084899902344,8.968797445297241,2693.294288094415,31812080.451949816,0.47612750365043943,1.5297878945577303,1175,-265.345947265625,-298.884521484375,-266.04600524902344,-2906.921875,-3606.4755859375,-7.434726715087891,-7.488878011703491,0.2550550942221658,0.6262081722177257,ok,
direct_isolated,plummer3d,2027,2048,0.1,8,16,600,0.005248559303504234,1.9843485423627167,1.9553478596876177,5222.171630859375,335.62646102905273,8.921134889125824,2716.106160258537,41088023.940777645,0.47085952086173444,1.5336345204618134,1215,-271.5355529785156,-303.481689453125,-263.86693954467773,-3059.587890625,-3527.999755859375,-7.452703952789307,-7.401576936244965,0.2604976652616793,0.6372895888029211,ok,
direct_isolated,plummer3d,2028,2048,0.1,8,16,600,0.0015992056211862299,1.947222852331726,1.8569617803112515,4959.2412109375,355.72300720214844,9.69092345237732,2745.1769951305373,36231758.772122175,0.4935542143835048,1.5308450615853937,1130,-289.7836151123047,-320.71543884277344,-280.61181640625,-2770.3076171875,-3365.34375,-8.14243197441101,-7.976905822753906,0.26274568798819287,0.4809388513447198,ok,
direct_isolated,plummer3d,2029,2048,0.1,8,16,600,0.0008850589904338951,1.9065473225507747,1.7651396796202408,5126.531005859375,346.13402938842773,9.820239961147308,2742.555307600658,41410522.424686685,0.49131254189173207,1.5125291129164355,1108,-264.7966613769531,-292.6880187988281,-258.529296875,-2833.611328125,-3359.8125,-8.016354084014893,-7.748138427734375,0.24352855956067138,0.31014582943568075,ok,
pm_periodic,bimodal3d,2000,2048,0.1,8,16,600,,nan,nan,2818.375,357.01953125,22.091796875,3177.7673995331706,210786591.90152407,0.4004650479360039,2.155504458791885,746,-343.75,-351.47265625,-351.45703125,-2360.875,-2713.3125,-21.4228515625,-21.53076171875,nan,nan,ok,
pm_periodic,bimodal3d,2001,2048,0.1,8,16,600,,nan,nan,2751.1875,353.92578125,21.31982421875,3157.6725670118894,160093427.4640708,0.3978249419882755,2.2276441341345645,730,-342.62109375,-349.4921875,-349.7421875,-2361.34375,-2715.5,-20.67529296875,-20.822265625,nan,nan,ok,
pm_periodic,bimodal3d,2002,2048,0.1,8,16,600,,nan,nan,2841.5,360.1953125,21.5732421875,3177.344932407807,186904242.53826264,0.4001616313507572,2.1453910840677977,768,-345.16796875,-354.72265625,-353.4765625,-2284.90625,-2729.875,-20.89013671875,-21.0205078125,nan,nan,ok,
pm_periodic,bimodal3d,2003,2048,0.1,8,16,600,,nan,nan,2851.71875,360.59375,21.12451171875,3175.2817561903616,207716974.6219633,0.3998825453407425,2.170627796198029,746,-347.40234375,-355.7109375,-355.14453125,-2438.4375,-2737.78125,-20.46875,-20.59716796875,nan,nan,ok,
pm_periodic,bimodal3d,2004,2048,0.1,8,16,600,,nan,nan,2873.34375,378.91796875,24.41357421875,3247.0162808758796,258174766.92910612,0.41597841353199805,2.1639627334045306,676,-363.6328125,-373.0078125,-370.97265625,-2333.8125,-2717.15625,-23.72998046875,-23.84033203125,nan,nan,ok,
pm_periodic,bimodal3d,2005,2048,0.1,8,16,600,,nan,nan,2905.03125,355.86328125,22.05908203125,3142.9584803010976,202673583.83197016,0.39873757709452856,2.1695953450296788,747,-341.8671875,-350.08203125,-350.1015625,-2420.1875,-2810.5625,-21.3974609375,-21.513671875,nan,nan,ok,
pm_periodic,bimodal3d,2006,2048,0.1,8,16,600,,nan,nan,2881.0,365.7734375,22.4013671875,3191.621966904555,186431111.8516999,0.4053731451514411,2.1320067201252453,732,-349.79296875,-360.58203125,-359.77734375,-2301.53125,-2735.8125,-21.712890625,-21.88525390625,nan,nan,ok,
pm_periodic,bimodal3d,2007,2048,0.1,8,16,600,,nan,nan,2888.09375,373.3671875,23.39599609375,3225.904395160961,224491130.5966997,0.41690297539081583,2.147659922752149,709,-357.59765625,-367.02734375,-363.23046875,-2358.40625,-2712.4375,-22.6689453125,-22.77294921875,nan,nan,ok,
pm_periodic,bimodal3d,2008,2048,0.1,8,16,600,,nan,nan,2813.125,359.07421875,22.29736328125,3174.4453849551132,215850879.416781,0.4000738504518808,2.143051577109233,752,-345.61328125,-354.34375,-352.80078125,-2344.625,-2699.9375,-21.63330078125,-21.74951171875,nan,nan,ok,
pm_periodic,bimodal3d,2009,2048,0.1,8,16,600,,nan,nan,2859.96875,363.09375,22.80859375,3185.0110130131534,233967590.9820954,0.40540320056790424,2.143048587148304,714,-346.48046875,-356.89453125,-346.6171875,-2283.1875,-2552.75,-22.0927734375,-22.0732421875,nan,nan,ok,
pm_periodic,bimodal3d,2010,2048,0.1,8,16,600,,nan,nan,2834.0,368.32421875,23.18115234375,3187.5861147035534,219743235.4212051,0.4068449064179287,2.134953247842453,705,-351.69921875,-362.73046875,-360.1328125,-2243.65625,-2662.875,-22.4501953125,-22.59814453125,nan,nan,ok,
pm_periodic,bimodal3d,2011,2048,0.1,8,16,600,,nan,nan,2914.1875,368.53125,23.4677734375,3182.3631996645654,218830760.68646258,0.4070209452857841,2.136530238807761,722,-353.47265625,-363.93359375,-363.671875,-2331.09375,-2845.125,-22.7998046875,-22.95458984375,nan,nan,ok,
pm_periodic,bimodal3d,2012,2048,0.1,8,16,600,,nan,nan,2877.71875,365.8125,22.58837890625,3170.9138567809177,221638083.02494505,0.4038283921592575,2.167939811438674,754,-351.890625,-360.53125,-359.671875,-2400.96875,-2752.21875,-21.9248046875,-22.05615234375,nan,nan,ok,
pm_periodic,bimodal3d,2013,2048,0.1,8,16,600,,nan,nan,2790.96875,359.66015625,22.6083984375,3162.4043908109816,172685910.77442446,0.39975325934294087,2.1754117698852067,726,-346.68359375,-355.265625,-355.45703125,-2354.0625,-2744.40625,-21.9404296875,-22.10791015625,nan,nan,ok,
pm_periodic,bimodal3d,2014,2048,0.1,8,16,600,,nan,nan,2857.46875,365.0390625,21.8505859375,3195.2789301473476,182471381.4567606,0.4091796875,2.1453700565840825,737,-349.14453125,-359.26953125,-356.5390625,-2357.4375,-2698.15625,-21.11083984375,-21.2685546875,nan,nan,ok,
pm_periodic,bimodal3d,2015,2048,0.1,8,16,600,,nan,nan,2825.625,359.87109375,22.39306640625,3136.8479939943263,217923524.96429098,0.4003939644907181,2.144022218719286,758,-344.8671875,-354.62109375,-355.0390625,-2272.5625,-2724.71875,-21.7060546875,-21.87939453125,nan,nan,ok,
pm_periodic,bimodal3d,2016,2048,0.1,8,16,600,,nan,nan,2840.65625,366.38671875,22.95849609375,3182.4753486361833,206732195.64665067,0.40444858329262334,2.1639229390765236,727,-351.6328125,-361.21875,-360.6171875,-2315.59375,-2745.65625,-22.283203125,-22.42236328125,nan,nan,ok,
pm_periodic,bimodal3d,2017,2048,0.1,8,16,600,,nan,nan,2854.34375,357.1953125,21.34423828125,3168.948409774711,186937936.55150634,0.40107903715803617,2.1333594601236965,750,-342.26953125,-352.203125,-352.26953125,-2348.46875,-2780.71875,-20.634765625,-20.822265625,nan,nan,ok,
pm_periodic,bimodal3d,2018,2048,0.1,8,16,600,,nan,nan,2883.4375,351.40234375,22.89501953125,3144.7824550515584,197657384.54361913,0.3974089368588178,2.1803552967876554,720,-337.2265625,-345.99609375,-344.0234375,-2394.15625,-2719.84375,-22.22412109375,-22.3154296875,nan,nan,ok,
pm_periodic,bimodal3d,2019,2048,0.1,8,16,600,,nan,nan,2809.5,362.953125,21.7509765625,3182.597137547565,168445784.82077667,0.4023036761113825,2.1646787039621396,724,-349.80859375,-358.3046875,-358.125,-2333.3125,-2733.53125,-21.08447265625,-21.24853515625,nan,nan,ok,
pm_periodic,bimodal3d,2020,2048,0.1,8,16,600,,nan,nan,2818.0625,355.22265625,22.95263671875,3124.767248786753,206104465.07696015,0.3962081514106009,2.146309541370668,726,-342.0546875,-350.6171875,-350.3203125,-2326.6875,-2724.5625,-22.31005859375,-22.44677734375,nan,nan,ok,
pm_periodic,bimodal3d,2021,2048,0.1,8,16,600,,nan,nan,2863.78125,365.5703125,23.4736328125,3185.5548453250785,196533332.09307545,0.40754810774914507,2.156235806610588,706,-351.30859375,-359.83984375,-359.93359375,-2358.625,-2784.96875,-22.79248046875,-22.9609375,nan,nan,ok,
pm_periodic,bimodal3d,2022,2048,0.1,8,16,600,,nan,nan,2847.6875,361.05078125,22.5263671875,3176.766325070464,220690629.94647706,0.40414898326819737,2.1465812722978073,705,-344.69921875,-355.27734375,-352.37890625,-2298.3125,-2619.1875,-21.81689453125,-21.9033203125,nan,nan,ok,
pm_periodic,bimodal3d,2023,2048,0.1,8,16,600,,nan,nan,2889.53125,381.21484375,23.8779296875,3222.7802441964677,214621783.497735,0.4147747656631656,2.1760797028796546,693,-365.89453125,-374.8203125,-371.33203125,-2357.8125,-2671.65625,-23.1640625,-23.26318359375,nan,nan,ok,
pm_periodic,bimodal3d,2024,2048,0.1,8,16,600,,nan,nan,2869.4375,368.01171875,23.169921875,3181.5731651675883,211110132.4935184,0.4079483695652174,2.1158942599015886,729,-348.6875,-360.5703125,-352.38671875,-2262.3125,-2576.65625,-22.3955078125,-22.39208984375,nan,nan,ok,
pm_periodic,bimodal3d,2025,2048,0.1,8,16,600,,nan,nan,2843.28125,372.0859375,23.634765625,3184.9689744659536,192694559.41236752,0.4080199300806058,2.1655834275222245,693,-357.3984375,-367.60546875,-367.42578125,-2321.09375,-2785.5625,-22.9423828125,-23.11572265625,nan,nan,ok,
pm_periodic,bimodal3d,2026,2048,0.1,8,16,600,,nan,nan,2862.25,364.3203125,22.18896484375,3169.0074227571045,153822684.72469014,0.4002284211651197,2.159183121985712,745,-350.20703125,-359.203125,-359.5703125,-2346.3125,-2809.0,-21.517578125,-21.65771484375,nan,nan,ok,
pm_periodic,bimodal3d,2027,2048,0.1,8,16,600,,nan,nan,2880.6875,366.234375,22.3037109375,3189.2123155218765,187718070.65466502,0.4054089254091353,2.1745737912735583,721,-352.08203125,-361.24609375,-360.88671875,-2364.75,-2818.65625,-21.625,-21.7802734375,nan,nan,ok,
pm_periodic,bimodal3d,2028,2048,0.1,8,16,600,,nan,nan,2837.75,371.29296875,23.18212890625,3191.5266960129156,218899363.51603475,0.40758913577796774,2.1671227407229408,693,-356.7265625,-365.71484375,-364.640625,-2345.78125,-2689.71875,-22.47998046875,-22.62353515625,nan,nan,ok,
pm_periodic,bimodal3d,2029,2048,0.1,8,16,600,,nan,nan,2813.375,352.41796875,22.74853515625,3144.4288191163905,188873191.99156195,0.39639373168050807,2.1379288994664907,741,-336.4609375,-346.2578125,-344.66796875,-2277.3125,-2685.71875,-22.04833984375,-22.18212890625,nan,nan,ok,
pm_periodic,cold_clumpy3d,2000,2048,0.1,8,16,600,,nan,nan,8793.6875,878.56640625,36.97021484375,3810.247841123358,492340213.9940803,0.25933292241695166,0.08769608760409162,195,107.7890625,266.2421875,793.55078125,2724.40625,7464.65625,29.251953125,87.26220703125,nan,nan,ok,
pm_periodic,cold_clumpy3d,2001,2048,0.1,8,16,600,,nan,nan,8456.90625,879.87890625,37.83642578125,3807.961696125768,521417661.907894,0.2028082254518808,0.09097152900933439,189,189.82421875,-6.93359375,233.2109375,3977.875,15179.15625,47.42724609375,11.525390625,nan,nan,ok,
pm_periodic,cold_clumpy3d,2002,2048,0.1,8,16,600,,nan,nan,6950.125,632.015625,34.64599609375,3810.969740392516,501316732.5827534,0.22022223833659013,0.0871255336766844,192,370.5,560.73046875,756.57421875,2699.5625,15860.21875,35.26123046875,29.26416015625,nan,nan,ok,
pm_periodic,cold_clumpy3d,2003,2048,0.1,8,16,600,,nan,nan,9381.90625,643.94140625,40.9951171875,3807.7974536000565,544626150.6081948,0.24144565599047385,0.08893402043581743,180,223.8125,298.3046875,771.41796875,4560.25,5700.84375,37.4248046875,26.1328125,nan,nan,ok,
pm_periodic,cold_clumpy3d,2004,2048,0.1,8,16,600,,nan,nan,9708.21875,879.90234375,43.8349609375,3808.534484620866,523782436.0180299,0.27685141365412796,0.08922764208377634,178,84.03515625,1670.296875,776.46875,-622.875,7907.34375,26.29833984375,16.81005859375,nan,nan,ok,
pm_periodic,cold_clumpy3d,2005,2048,0.1,8,16,600,,nan,nan,7788.0,643.1328125,40.158203125,3807.587238160994,492858273.82573235,0.26224018762212997,0.08743668158984177,188,127.1171875,400.58984375,588.7578125,418.5,7835.1875,15.4619140625,7.26513671875,nan,nan,ok,
pm_periodic,cold_clumpy3d,2006,2048,0.1,8,16,600,,nan,nan,7943.09375,758.06640625,35.72607421875,3806.159079688384,479396286.740271,0.27600461422203226,0.08732943983936034,176,684.765625,939.40625,530.04296875,7372.375,6694.625,30.2841796875,23.4833984375,nan,nan,ok,
pm_periodic,cold_clumpy3d,2007,2048,0.1,8,16,600,,nan,nan,9484.3125,722.16015625,36.740234375,3810.1756232873267,501488449.1315452,0.27889995267464585,0.08800090303710986,181,498.80859375,1223.75390625,489.56640625,4240.5625,11778.1875,71.255859375,66.17138671875,nan,nan,ok,
pm_periodic,cold_clumpy3d,2008,2048,0.1,8,16,600,,nan,nan,12418.53125,1384.84765625,40.32373046875,3809.5994505727604,528536325.6627699,0.2864481558378114,0.0877288350302482,157,-19.1796875,-123.34375,50.36328125,-560.1875,3364.34375,28.2685546875,57.31884765625,nan,nan,ok,
pm_periodic,cold_clumpy3d,2009,2048,0.1,8,16,600,,nan,nan,9193.59375,725.859375,35.6357421875,3806.9306340756507,553808229.687118,0.20538297279555448,0.08744658129505656,196,324.50390625,341.8984375,722.94140625,4651.4375,7554.875,40.9560546875,21.8876953125,nan,nan,ok,
pm_periodic,cold_clumpy3d,2010,2048,0.1,8,16,600,,nan,nan,9541.1875,731.55859375,35.83837890625,3810.950898377415,490326767.5682727,0.2874175622862726,0.08623849593763133,203,1032.3828125,1413.6328125,1392.64453125,28293.0,26955.3125,70.72119140625,76.52490234375,nan,nan,ok,
pm_periodic,cold_clumpy3d,2011,2048,0.1,8,16,600,,nan,nan,10592.46875,908.37890625,35.6796875,3813.1573362633444,506098360.91176724,0.26989763983878845,0.08817532560389683,178,197.1875,600.26953125,907.83984375,79.5625,9191.15625,42.57470703125,36.27880859375,nan,nan,ok,
pm_periodic,cold_clumpy3d,2012,2048,0.1,8,16,600,,nan,nan,11312.46875,842.70703125,33.638671875,3806.79082385014,518898090.1352917,0.31192513052638005,0.08773067466668225,184,3116.73828125,547.23046875,689.3203125,23319.0625,20275.40625,94.1103515625,19.8828125,nan,nan,ok,
pm_periodic,cold_clumpy3d,2013,2048,0.1,8,16,600,,nan,nan,12399.4375,985.40625,41.279296875,3808.608525945684,538621558.8419414,0.22094309126160233,0.0883796080342383,173,438.60546875,470.65625,548.52734375,1955.4375,2362.84375,85.1943359375,33.05029296875,nan,nan,ok,
pm_periodic,cold_clumpy3d,2014,2048,0.1,8,16,600,,nan,nan,7875.15625,722.640625,38.61572265625,3812.835396668518,482821735.9219934,0.2056272326880801,0.08675454622711243,182,360.4375,1445.32421875,322.484375,1546.1875,2099.75,41.7412109375,32.322265625,nan,nan,ok,
pm_periodic,cold_clumpy3d,2015,2048,0.1,8,16,600,,nan,nan,5542.40625,667.77734375,33.6953125,3813.099190323423,517997835.81219864,0.19968293920981925,0.08680103415706866,187,113.66015625,734.3671875,722.91796875,738.875,7158.6875,28.08642578125,35.58642578125,nan,nan,ok,
pm_periodic,cold_clumpy3d,2016,2048,0.1,8,16,600,,nan,nan,11615.46875,811.0,38.484375,3812.0940507627583,522405811.8282901,0.27273095917806545,0.0885309423736034,188,149.2421875,500.1640625,753.7421875,1887.84375,17919.90625,25.09521484375,55.88623046875,nan,nan,ok,
pm_periodic,cold_clumpy3d,2017,2048,0.1,8,16,600,,nan,nan,9752.59375,935.97265625,32.7705078125,3812.0170321445567,460051039.13884825,0.2004510220749878,0.08664393865200984,195,-130.3515625,885.046875,165.47265625,-1018.15625,7104.90625,37.40380859375,42.23095703125,nan,nan,ok,
pm_periodic,cold_clumpy3d,2018,2048,0.1,8,16,600,,nan,nan,7663.34375,768.58203125,38.75634765625,3813.5143828526334,541792162.2401733,0.20009560484855887,0.08825598262765152,199,228.7265625,206.13671875,1809.78515625,1567.75,21159.21875,36.77099609375,33.91650390625,nan,nan,ok,
pm_periodic,cold_clumpy3d,2019,2048,0.1,8,16,600,,nan,nan,12609.84375,795.5859375,37.310546875,3810.0911906149195,503664212.6189511,0.35648204689789936,0.08702184317455698,188,601.47265625,1060.79296875,634.68359375,12332.46875,1511.03125,38.4052734375,50.66748046875,nan,nan,ok,
pm_periodic,cold_clumpy3d,2020,2048,0.1,8,16,600,,nan,nan,8310.40625,534.9921875,35.25927734375,3808.8501193431302,489925332.83459663,0.38741718063019054,0.08664495061004765,175,2894.02734375,1971.796875,1964.515625,41507.46875,21544.25,145.462890625,60.005859375,nan,nan,ok,
pm_periodic,cold_clumpy3d,2021,2048,0.1,8,16,600,,nan,nan,10308.5625,971.35546875,39.333984375,3804.5405947456575,575740979.6835244,0.23486638220566683,0.08803611993723329,189,755.328125,139.46875,429.48046875,5911.75,10716.5,94.57861328125,43.2919921875,nan,nan,ok,
pm_periodic,cold_clumpy3d,2022,2048,0.1,8,16,600,,nan,nan,10496.125,1003.62890625,34.83984375,3810.3248673910334,514927157.06823266,0.26362225970933073,0.08764641313311952,168,32.4921875,196.7734375,647.01171875,-1662.09375,6327.46875,44.48779296875,57.7705078125,nan,nan,ok,
pm_periodic,cold_clumpy3d,2023,2048,0.1,8,16,600,,nan,nan,7773.0625,730.45703125,36.38134765625,3805.145449757022,484771169.2395766,0.202755747740596,0.08783055525681976,212,153.9375,417.1015625,61.65625,4433.09375,7373.71875,36.4521484375,19.29931640625,nan,nan,ok,
pm_periodic,cold_clumpy3d,2024,2048,0.1,8,16,600,,nan,nan,8161.75,748.421875,40.41357421875,3809.860139579513,536158349.11314213,0.19979695896433805,0.08637879471763221,185,221.26171875,1044.3828125,291.58203125,626.78125,10140.875,31.80712890625,23.91943359375,nan,nan,ok,
pm_periodic,cold_clumpy3d,2025,2048,0.1,8,16,600,,nan,nan,8096.0,696.5234375,36.3759765625,3807.012368611299,491836357.4512358,0.20000305324865658,0.08702947376558022,192,305.1796875,88.54296875,2266.8671875,1365.84375,18747.5625,51.99560546875,56.5322265625,nan,nan,ok,
pm_periodic,cold_clumpy3d,2026,2048,0.1,8,16,600,,nan,nan,8260.4375,754.8984375,43.78662109375,3809.8112098057804,476730410.3599183,0.1998909417745481,0.08696177029015786,191,276.72265625,684.37890625,86.5,1257.28125,5431.75,25.55517578125,4.74365234375,nan,nan,ok,
pm_periodic,cold_clumpy3d,2027,2048,0.1,8,16,600,,nan,nan,9478.65625,899.68359375,43.748046875,3813.2522120928547,504089664.38542235,0.22698804653150953,0.08880503918595697,183,620.65625,291.55078125,243.5390625,3206.9375,16756.03125,78.69775390625,26.92724609375,nan,nan,ok,
pm_periodic,cold_clumpy3d,2028,2048,0.1,8,16,600,,nan,nan,8683.875,931.73046875,39.5888671875,3812.6854056853554,545728814.3024864,0.24076869351489985,0.08745498893637896,197,227.92578125,327.9296875,371.62109375,3399.8125,3560.71875,51.11328125,27.837890625,nan,nan,ok,
pm_periodic,cold_clumpy3d,2029,2048,0.1,8,16,600,,nan,nan,9943.96875,1088.7421875,40.0546875,3808.3054415270244,466786089.57998574,0.2595671638373229,0.08675709086164886,204,-31.58203125,-268.91796875,700.359375,-113.375,11208.375,47.94189453125,37.88720703125,nan,nan,ok,
pm_periodic,hernquist3d,2000,2048,0.1,8,16,600,,nan,nan,2133.625,145.76171875,5.7978515625,1595.2774854813335,96515532.87020005,0.2066266945530044,1.2227785893640026,1569,-53.65234375,-60.36328125,-28.43359375,-425.96875,-346.71875,-2.3291015625,-1.6171875,nan,nan,ok,
pm_periodic,hernquist3d,2001,2048,0.1,8,16,600,,nan,nan,1979.40625,119.5078125,5.2080078125,1469.6235212716267,92172731.031637,0.18345158310942844,1.2530258366522342,1628,-56.09765625,-49.6875,-41.984375,-581.40625,-659.78125,-3.25537109375,-2.896484375,nan,nan,ok,
pm_periodic,hernquist3d,2002,2048,0.1,8,16,600,,nan,nan,2025.5,138.2265625,5.75048828125,1570.1549945059855,101309139.13453522,0.1976840154799707,1.2191985129789265,1604,-43.796875,-35.16796875,-11.953125,-444.875,-202.59375,-2.2236328125,-1.76416015625,nan,nan,ok,
pm_periodic,hernquist3d,2003,2048,0.1,8,16,600,,nan,nan,2014.875,131.4296875,5.474609375,1518.5935031273307,111661946.0950034,0.19106991557767464,1.2238608766277665,1585,-56.53125,-54.1015625,-45.6953125,-518.40625,-721.84375,-2.75927734375,-2.27978515625,nan,nan,ok,
pm_periodic,hernquist3d,2004,2048,0.1,8,16,600,,nan,nan,2283.09375,143.51953125,6.49365234375,1614.6379880947484,134380413.59907115,0.21160253572300927,1.2265777449750934,1552,-30.30859375,-38.7578125,-41.703125,-473.21875,-745.125,-1.35009765625,-2.03564453125,nan,nan,ok,
pm_periodic,hernquist3d,2005,2048,0.1,8,16,600,,nan,nan,1985.84375,138.37109375,5.671875,1564.7004997250517,105411256.4048506,0.19856945759037617,1.224872342276631,1565,-56.53125,-25.66796875,-26.96484375,-401.625,120.84375,-2.7744140625,-2.19970703125,nan,nan,ok,
pm_periodic,hernquist3d,2006,2048,0.1,8,16,600,,nan,nan,2025.625,131.3203125,5.23828125,1566.1852140657154,86120712.35284227,0.19715065110527602,1.2077631301387415,1596,-46.5625,-43.56640625,-18.22265625,-354.46875,-464.78125,-2.43017578125,-1.7890625,nan,nan,ok,
pm_periodic,hernquist3d,2007,2048,0.1,8,16,600,,nan,nan,2170.96875,151.09375,6.14990234375,1643.2584291183412,133353158.67291547,0.21405038241939423,1.2116287296166712,1538,-39.51953125,-32.296875,-18.25390625,-289.125,-347.84375,-1.58154296875,-0.84033203125,nan,nan,ok,
pm_periodic,hernquist3d,2008,2048,0.1,8,16,600,,nan,nan,1875.03125,128.76171875,5.5146484375,1524.633176036913,143862972.50060457,0.1920397990962384,1.2162787773602515,1588,-48.71484375,-36.296875,-6.3359375,-362.9375,-357.1875,-1.95361328125,-0.33349609375,nan,nan,ok,
pm_periodic,hernquist3d,2009,2048,0.1,8,16,600,,nan,nan,2203.1875,143.109375,5.73486328125,1606.9276993344122,112312612.79329303,0.20880690492183684,1.2112005851653733,1569,-39.91015625,-47.109375,-16.57421875,-420.09375,-217.9375,-1.9296875,-1.16943359375,nan,nan,ok,
pm_periodic,hernquist3d,2010,2048,0.1,8,16,600,,nan,nan,2087.09375,145.0390625,6.11669921875,1598.853925719444,100013052.14615032,0.2065603818087445,1.2073093547324216,1554,-31.31640625,-24.80078125,-10.91015625,-211.34375,-324.375,-1.7626953125,-1.59326171875,nan,nan,ok,
pm_periodic,hernquist3d,2011,2048,0.1,8,16,600,,nan,nan,2271.25,145.5859375,5.8232421875,1628.4553563726602,99511358.72964326,0.2119274204628725,1.2141743748567608,1550,-29.3515625,-35.21875,-3.10546875,-334.875,-364.4375,-1.2255859375,-0.958984375,nan,nan,ok,
pm_periodic,hernquist3d,2012,2048,0.1,8,16,600,,nan,nan,1988.34375,133.0625,5.44775390625,1545.9134301987756,114192809.82179028,0.1944804897410845,1.219160541484647,1592,-44.01953125,-59.08984375,-37.5,-524.34375,-622.90625,-1.9921875,-1.76513671875,nan,nan,ok,
pm_periodic,hernquist3d,2013,2048,0.1,8,16,600,,nan,nan,2036.3125,127.62890625,5.36572265625,1549.8380966264053,119005133.82620469,0.19449623305446995,1.2322860624125642,1617,-54.5390625,-52.3046875,-34.1171875,-451.4375,-442.28125,-2.86376953125,-2.32958984375,nan,nan,ok,
pm_periodic,hernquist3d,2014,2048,0.1,8,16,600,,nan,nan,1839.84375,117.9453125,4.94287109375,1475.2755566434878,80139475.0627524,0.18095364405227163,1.212449349949147,1620,-47.2578125,-54.32421875,-45.2734375,-432.09375,-748.34375,-2.509765625,-2.341796875,nan,nan,ok,
pm_periodic,hernquist3d,2015,2048,0.1,8,16,600,,nan,nan,1949.625,127.42578125,5.0869140625,1499.9213205881929,74362700.00722538,0.18515376923546653,1.2135921817906221,1597,-54.77734375,-47.7265625,-39.44921875,-462.1875,-640.59375,-2.56884765625,-2.17529296875,nan,nan,ok,
pm_periodic,hernquist3d,2016,2048,0.1,8,16,600,,nan,nan,2020.125,133.390625,5.048828125,1560.363745902807,81638968.00774284,0.19495803691377625,1.221899067074858,1599,-46.23046875,-58.66796875,-29.50390625,-381.25,-457.34375,-2.35888671875,-2.05615234375,nan,nan,ok,
pm_periodic,hernquist3d,2017,2048,0.1,8,16,600,,nan,nan,2173.21875,133.72265625,5.40869140625,1570.5959721468403,116084413.14813939,0.1971339536516854,1.2061740849540752,1582,-28.27734375,-10.19921875,16.98046875,-396.34375,280.1875,-1.55322265625,-1.90185546875,nan,nan,ok,
pm_periodic,hernquist3d,2018,2048,0.1,8,16,600,,nan,nan,2136.65625,143.65234375,5.5673828125,1629.642962188846,104596194.55071574,0.20947861962628236,1.2383899658548876,1561,-46.25,-30.875,13.04296875,-430.8125,404.375,-2.1591796875,-1.35595703125,nan,nan,ok,
pm_periodic,hernquist3d,2019,2048,0.1,8,16,600,,nan,nan,2131.09375,131.34765625,5.244140625,1546.4682647130583,85709041.04976724,0.19470471268930142,1.2157784262504656,1595,-47.26953125,-68.2890625,-48.75,-493.96875,-807.84375,-2.56494140625,-2.1455078125,nan,nan,ok,
pm_periodic,hernquist3d,2020,2048,0.1,8,16,600,,nan,nan,2113.5,142.296875,5.75927734375,1597.0728957888223,131139539.66132525,0.20403286440522717,1.2196996058293315,1551,-53.17578125,-51.44921875,-37.1484375,-425.15625,-645.96875,-2.15283203125,-1.85888671875,nan,nan,ok,
pm_periodic,hernquist3d,2021,2048,0.1,8,16,600,,nan,nan,2171.09375,143.59375,5.91259765625,1590.7446858291614,115933310.4783269,0.20639674676355643,1.218692049026274,1561,-39.46484375,-44.8671875,-12.4375,-599.8125,-276.34375,-1.53369140625,-1.0693359375,nan,nan,ok,
pm_periodic,hernquist3d,2022,2048,0.1,8,16,600,,nan,nan,2124.75,150.5078125,5.89599609375,1615.0762945661309,107399954.7447024,0.20933454445530045,1.2150875149042437,1561,-40.95703125,-31.171875,-31.9609375,-234.71875,-335.0625,-1.85107421875,-1.5419921875,nan,nan,ok,
pm_periodic,hernquist3d,2023,2048,0.1,8,16,600,,nan,nan,2154.28125,136.140625,5.3271484375,1579.5288719682346,109287066.31107266,0.20193518716414266,1.229543820302542,1571,-52.71875,-48.703125,-33.21484375,-612.40625,-529.375,-1.73681640625,-1.07080078125,nan,nan,ok,
pm_periodic,hernquist3d,2024,2048,0.1,8,16,600,,nan,nan,2062.09375,131.5078125,5.2490234375,1539.1072440409932,95619534.57120669,0.1924228863886175,1.1957353013380168,1599,-39.3828125,-45.5703125,-33.50390625,-483.03125,-564.84375,-1.70703125,-1.20947265625,nan,nan,ok,
pm_periodic,hernquist3d,2025,2048,0.1,8,16,600,,nan,nan,2039.375,124.125,4.826171875,1536.9700957467155,104667759.1237024,0.193059774975574,1.2244903204844708,1609,-34.18359375,-20.94140625,30.96875,-387.59375,295.09375,-1.6376953125,-1.7373046875,nan,nan,ok,
pm_periodic,hernquist3d,2026,2048,0.1,8,16,600,,nan,nan,1949.65625,131.6953125,4.9345703125,1543.8334129683267,88610332.27202079,0.19119013724352713,1.224726070080502,1612,-57.71484375,-42.05078125,-18.08203125,-437.5,-95.0625,-2.62744140625,-1.84912109375,nan,nan,ok,
pm_periodic,hernquist3d,2027,2048,0.1,8,16,600,,nan,nan,1982.6875,119.55859375,5.02099609375,1485.7398659039493,98620672.85842226,0.18459130358451392,1.2240872646651975,1596,-41.55859375,-40.53515625,-15.0390625,-509.28125,-396.46875,-2.0947265625,-1.6201171875,nan,nan,ok,
pm_periodic,hernquist3d,2028,2048,0.1,8,16,600,,nan,nan,2118.21875,133.23046875,5.146484375,1570.49573414381,109617457.71298137,0.20046056347703958,1.2179013135576349,1605,-47.40625,-51.625,-37.81640625,-456.1875,-747.59375,-2.20947265625,-1.69775390625,nan,nan,ok,
pm_periodic,hernquist3d,2029,2048,0.1,8,16,600,,nan,nan,2019.40625,133.18359375,5.96630859375,1554.5025775822082,146647240.54769865,0.1972174409196385,1.2056175168399377,1588,-33.46484375,-25.41796875,-8.9765625,-378.96875,-338.5,-1.21875,-0.53515625,nan,nan,ok,
pm_periodic,plummer3d,2000,2048,0.1,8,16,600,,nan,nan,5225.15625,353.0234375,10.13134765625,2692.268706606611,37603450.12486854,0.46763556424035174,1.523460916978971,1169,-222.8828125,-225.40625,-200.2890625,-2261.0625,-2376.6875,-7.08056640625,-6.49267578125,nan,nan,ok,
pm_periodic,plummer3d,2001,2048,0.1,8,16,600,,nan,nan,4912.9375,335.83984375,9.658203125,2644.8450353176668,33953677.805158034,0.43932813263312165,1.5703701223911684,1251,-244.98046875,-279.06640625,-223.7578125,-2527.375,-2228.8125,-7.54150390625,-7.13525390625,nan,nan,ok,
pm_periodic,plummer3d,2002,2048,0.1,8,16,600,,nan,nan,5042.1875,333.7578125,9.92822265625,2636.2025266888104,36883106.57879915,0.4491519601856375,1.5183231350746564,1229,-210.796875,-226.2578125,-197.44921875,-2238.6875,-2747.5625,-6.642578125,-6.15673828125,nan,nan,ok,
pm_periodic,plummer3d,2003,2048,0.1,8,16,600,,nan,nan,4985.3125,338.96875,9.56689453125,2599.2387684134555,35125357.332534015,0.44043970597215437,1.5289426170712939,1210,-231.3515625,-243.5546875,-229.7734375,-2374.375,-3170.25,-6.908203125,-6.67041015625,nan,nan,ok,
pm_periodic,plummer3d,2004,2048,0.1,8,16,600,,nan,nan,5069.34375,372.6015625,10.79833984375,2665.9242553227787,37617512.9279029,0.46716374190889104,1.530926989059155,1201,-233.984375,-236.8203125,-212.5390625,-2190.53125,-2702.6875,-7.2421875,-6.36669921875,nan,nan,ok,
pm_periodic,plummer3d,2005,2048,0.1,8,16,600,,nan,nan,5131.3125,342.296875,9.953125,2639.190134972285,36612916.69103706,0.45261596620053735,1.5306992886596962,1199,-225.703125,-240.296875,-216.71875,-2445.5625,-2716.25,-7.255859375,-6.74951171875,nan,nan,ok,
pm_periodic,plummer3d,2006,2048,0.1,8,16,600,,nan,nan,5126.65625,340.01171875,9.26171875,2654.6710732578376,37201918.63988806,0.4561687072545188,1.5074240284561573,1200,-213.64453125,-238.55859375,-200.2890625,-2169.28125,-2700.5,-6.30615234375,-5.96142578125,nan,nan,ok,
pm_periodic,plummer3d,2007,2048,0.1,8,16,600,,nan,nan,5182.90625,364.72265625,10.76025390625,2663.0599089501793,38263432.45194781,0.47014543005007325,1.5157353410244294,1136,-221.96875,-233.11328125,-205.3828125,-2270.96875,-2810.28125,-7.02099609375,-6.02001953125,nan,nan,ok,
pm_periodic,plummer3d,2008,2048,0.1,8,16,600,,nan,nan,4899.71875,322.1875,9.494140625,2610.4379810562723,39987632.17300592,0.43943738168661456,1.5175747745967771,1233,-201.56640625,-219.46875,-176.71875,-2064.96875,-2347.28125,-6.42041015625,-5.7890625,nan,nan,ok,
pm_periodic,plummer3d,2009,2048,0.1,8,16,600,,nan,nan,5114.0625,360.91796875,9.8916015625,2705.6036314252437,34751222.10862234,0.4678049241267709,1.5142442826088072,1174,-219.76953125,-232.28125,-214.91796875,-2271.03125,-2610.5,-6.26806640625,-5.880859375,nan,nan,ok,
pm_periodic,plummer3d,2010,2048,0.1,8,16,600,,nan,nan,5170.28125,349.23828125,10.30859375,2661.4308558804737,34943534.451976776,0.46155292043234003,1.5107822694318473,1200,-198.59765625,-203.41796875,-162.3046875,-2114.96875,-1964.5,-6.65380859375,-6.18798828125,nan,nan,ok,
pm_periodic,plummer3d,2011,2048,0.1,8,16,600,,nan,nan,5041.96875,365.1328125,10.34814453125,2650.82141156628,33031148.782638516,0.46258291478383,1.515527790931783,1158,-217.79296875,-218.21484375,-207.265625,-2182.375,-2491.875,-6.44482421875,-6.14306640625,nan,nan,ok,
pm_periodic,plummer3d,2012,2048,0.1,8,16,600,,nan,nan,5130.21875,335.1953125,9.73681640625,2625.191067324243,37977109.13619775,0.44694407975085493,1.526404430358184,1216,-226.0390625,-223.83984375,-206.61328125,-2488.4375,-2452.84375,-6.99072265625,-6.486328125,nan,nan,ok,
pm_periodic,plummer3d,2013,2048,0.1,8,16,600,,nan,nan,5035.1875,335.41015625,9.35791015625,2606.3824789555533,37221082.106696405,0.44045783463605276,1.5351476418904881,1236,-223.26171875,-251.41796875,-208.359375,-2305.4375,-2511.5625,-6.67919921875,-6.35595703125,nan,nan,ok,
pm_periodic,plummer3d,2014,2048,0.1,8,16,600,,nan,nan,5108.53125,319.3515625,8.810546875,2611.6371134666965,34924327.66720128,0.4364757304897411,1.5264164991514106,1230,-210.578125,-231.796875,-200.22265625,-2425.21875,-2883.625,-5.884765625,-6.10009765625,nan,nan,ok,
pm_periodic,plummer3d,2015,2048,0.1,8,16,600,,nan,nan,5075.375,333.09765625,8.85595703125,2571.525935701905,36044292.468086585,0.4308224497740596,1.5200617516616486,1242,-221.73828125,-241.50390625,-209.16015625,-2341.21875,-2763.0,-6.12890625,-5.89794921875,nan,nan,ok,
pm_periodic,plummer3d,2016,2048,0.1,8,16,600,,nan,nan,5084.09375,347.9296875,9.2470703125,2626.671539135933,31342409.58612738,0.44655813003786027,1.5284573809436859,1231,-230.14453125,-254.53515625,-222.48828125,-2350.34375,-3008.875,-6.40185546875,-6.12890625,nan,nan,ok,
pm_periodic,plummer3d,2017,2048,0.1,8,16,600,,nan,nan,4948.46875,353.20703125,9.40185546875,2618.947596656484,39793324.871488266,0.44531870191133366,1.5084271886480112,1202,-219.94921875,-220.28125,-202.88671875,-2107.53125,-2329.96875,-6.23876953125,-5.87646484375,nan,nan,ok,
pm_periodic,plummer3d,2018,2048,0.1,8,16,600,,nan,nan,5108.28125,355.08984375,9.77880859375,2643.483280340409,34922145.282039404,0.4605653853199805,1.5451703216230954,1162,-219.88671875,-238.73828125,-207.84375,-2369.0625,-2535.65625,-6.52001953125,-6.07275390625,nan,nan,ok,
pm_periodic,plummer3d,2019,2048,0.1,8,16,600,,nan,nan,5086.6875,357.75390625,9.3291015625,2671.904410821857,35334581.849807724,0.45571453651685395,1.520771716965274,1228,-243.765625,-268.83203125,-234.20703125,-2293.5,-3002.75,-6.58447265625,-6.2451171875,nan,nan,ok,
pm_periodic,plummer3d,2020,2048,0.1,8,16,600,,nan,nan,4951.90625,344.52734375,9.6787109375,2604.1618055501212,40186308.980469644,0.44784955880556915,1.5217780974824784,1192,-225.87109375,-231.03125,-210.609375,-2135.78125,-2534.0,-6.52685546875,-6.2197265625,nan,nan,ok,
pm_periodic,plummer3d,2021,2048,0.1,8,16,600,,nan,nan,5130.9375,352.34765625,9.9111328125,2618.337561718316,38587140.86787681,0.4538997618466048,1.5312446819331518,1196,-214.1171875,-214.8359375,-197.0546875,-2286.875,-2622.15625,-6.38037109375,-5.97509765625,nan,nan,ok,
pm_periodic,plummer3d,2022,2048,0.1,8,16,600,,nan,nan,4984.8125,357.5546875,10.02783203125,2631.4961077777502,32914545.674548984,0.456440160142892,1.5168860491560858,1215,-212.98046875,-225.91015625,-200.984375,-2100.90625,-2560.28125,-6.50439453125,-5.5380859375,nan,nan,ok,
pm_periodic,plummer3d,2023,2048,0.1,8,16,600,,nan,nan,5127.75,353.4140625,10.0009765625,2648.4504918553603,34284617.625023946,0.4571409761235955,1.5385285124470256,1191,-233.21875,-247.4921875,-223.71484375,-2398.78125,-2988.78125,-6.80322265625,-6.76806640625,nan,nan,ok,
pm_periodic,plummer3d,2024,2048,0.1,8,16,600,,nan,nan,4954.9375,327.12890625,9.2080078125,2590.3602175454207,33287798.523108736,0.43716939041890573,1.4949218824441735,1242,-193.5078125,-205.3828125,-180.44921875,-2042.90625,-2685.75,-5.75,-5.33544921875,nan,nan,ok,
pm_periodic,plummer3d,2025,2048,0.1,8,16,600,,nan,nan,5032.78125,340.68359375,9.22900390625,2617.4197154388457,39973153.918082535,0.44321673103932585,1.524959231513907,1243,-234.6328125,-254.18359375,-219.57421875,-2170.4375,-2832.78125,-6.65087890625,-6.2236328125,nan,nan,ok,
pm_periodic,plummer3d,2026,2048,0.1,8,16,600,,nan,nan,5152.0625,328.953125,8.984375,2591.1807328196146,33132786.71833282,0.43934196766609673,1.5299280979427183,1241,-214.34765625,-244.19140625,-205.94140625,-2321.53125,-2929.6875,-6.29638671875,-5.98974609375,nan,nan,ok,
pm_periodic,plummer3d,2027,2048,0.1,8,16,600,,nan,nan,5194.78125,335.12109375,8.92578125,2634.6488435700667,42214071.66574229,0.4422916921104055,1.5329613010667669,1250,-228.7421875,-252.5390625,-201.47265625,-2537.03125,-2495.5,-6.287109375,-5.7958984375,nan,nan,ok,
pm_periodic,plummer3d,2028,2048,0.1,8,16,600,,nan,nan,4924.84375,354.85546875,9.69580078125,2630.1804502214436,37579391.21898193,0.45228154005862237,1.5271411167982079,1214,-238.82421875,-240.98828125,-216.15234375,-2267.875,-2239.21875,-6.7998046875,-6.46435546875,nan,nan,ok,
pm_periodic,plummer3d,2029,2048,0.1,8,16,600,,nan,nan,5101.875,346.01953125,9.841796875,2626.3993545963503,43133730.983232304,0.44839007923180263,1.5124615915404525,1197,-204.90625,-209.33203125,-188.4921875,-2359.75,-2581.34375,-6.0263671875,-5.6826171875,nan,nan,ok,
